PLAY_#,ODK,DN,DIST,HASH,YARD_LN,PLAY_TYPE,RESULT,OFF_FORM,OFF_PLAY,PLAY_DIR,DEF_FRONT,COVERAGE,BLITZ,QTR,GN/LS,GAME,YARDS,UNIT,SERIES,OFF_STR,GAP,DEF_STR,KICK_YARDS,RET_YARDS,PENALTY,2_MIN,TEAM,OPP_TEAM,PASS_ZONE,PERSONNEL,MOTION,MOTION_DIR,PASSER_JERSEY,PASSER_NAME,RECEIVER_JERSEY,RECEIVER_NAME,TACKLER1_JERSEY,TACKLER1_NAME,TACKLER2_JERSEY,TACKLER2_NAME,RUSHER_JERSEY,RUSHER_NAME,KEY_PLAYER_JERSEY,KEY_PLAYER_NAME,BACKFIELD,EFF,RETURNER_JERSEY,RETURNER_NAME,KICKER_JERSEY,KICKER_NAME,RECOVERED_BY_JERSEY,RECOVERED_BY_NAME,INTERCEPTED_BY_JERSEY,INTERCEPTED_BY_NAME,OPP_RUSHER,OPP_PASSER,OPP_RECEIVER,OPP_TACKLER1,OPP_TACKLER2,OPP_RETURNER,OPP_KICKER,OPP_RECOVERED_BY,OPP_INTERCEPTED_BY,PROTECTION,TAG,NOTE,COMMENT,STR_CALL,WK_CALL,DRILL,STUNT,BALL_CARRIER,STR_ROUTES,WK_ROUTES,TE/SE,ST/WK,OPTION,SCORE,16,FIELD_/_BOUNDARY,Y/N,DUG_BACKFIELD,DUG_FORMATION,TOO/AWAY,NEAR/FAR,RUN/PASS,FORMATION_STRENGTH,FSL,SHIFT,RUN_STRENGTH,PASS_ROUTE,PASS_CHART,PASS_RESULT,SCRAMBLE,TRICK,TITLE,ROUTE,PEN_YARDS,POSITIVE,CRITICISM,OFFENSIVE_FORMATIONS
1.0,S,,,,,,,,,,,,,1.0,,CCC,0.0,S,,,,,,,,,,,,,,,,,,,,,,,,,,,,,,,,,,,,,,,,,,,,,,,,,,,,,,,,,,,,,,,,,,,,,,,,,,,,,,,,,,,
2.0,K,,,M,-40.0,KO Rec,Return,,,,,,,1.0,,CCC,0.0,K,,,,,,,,,,,,,,,,,,,,,,,,,,,,,,,,,,,,,,,,,,,,,,,,,,,,,,,,,,,,,,,,,,,,,,,,,,,,,,,,,,,
3.0,O,1.0,10.0,L,-38.0,Run,Rush,Twins Split,,R,,,,1.0,2.0,CCC,2.0,O,,,,,,,,,,,,,,,,,,,,,,,,,,,,,,,,,,,,,,,,,,,,,,,,,,,,,,,,,,,,,,,,,,,,,,,,,,,,,,,,,,,
4.0,O,2.0,8.0,L,-40.0,Run,Rush,,,L,,,,1.0,11.0,CCC,11.0,O,,,,,,,,,,,,,,,,,,,,,,,,,,,,,,,,,,,,,,,,,,,,,,,,,,,,,,,,,,,,,,,,,,,,,,,,,,,,,,,,,,,
5.0,O,1.0,10.0,L,49.0,Pass,Incomplete,Twins Split,,R,,,,1.0,0.0,CCC,0.0,O,,,,,,,,,,,,,,,,,,,,,,,,,,,,,,,,,,,,,,,,,,,,,,,,,,,,,,,,,,,,,,,,,,,,,,,,,,,,,,,,,,,
6.0,O,2.0,10.0,M,49.0,Run,Rush,Wyoming brown,,R,,,,1.0,9.0,CCC,9.0,O,,,,,,,,,,,,,,,,,,,,,,,,,,,,,,,,,,,,,,,,,,,,,,,,,,,,,,,,,,,,,,,,,,,,,,,,,,,,,,,,,,,
7.0,O,3.0,1.0,M,40.0,Run,Rush,Wyoming brown,,R,,,,1.0,0.0,CCC,0.0,O,,,,,,,,,,,,,,,,,,,,,,,,,,,,,,,,,,,,,,,,,,,,,,,,,,,,,,,,,,,,,,,,,,,,,,,,,,,,,,,,,,,
8.0,O,4.0,1.0,R,40.0,Run,Rush,Twins Split,,L,,,,1.0,16.0,CCC,16.0,O,,,,,,,,,,,,,,,,,,,,,,,,,,,,,,,,,,,,,,,,,,,,,,,,,,,,,,,,,,,,,,,,,,,,,,,,,,,,,,,,,,,
9.0,O,1.0,10.0,L,24.0,Run,Rush,Twins Split,,L,,,,1.0,0.0,CCC,0.0,O,,,,,,,,,,,,,,,,,,,,,,,,,,,,,,,,,,,,,,,,,,,,,,,,,,,,,,,,,,,,,,,,,,,,,,,,,,,,,,,,,,,
10.0,O,2.0,10.0,L,24.0,Pass,Complete,Twins Split,,R,,,,1.0,4.0,CCC,4.0,O,,,,,,,,,,,,,,,,,,,,,,,,,,,,,,,,,,,,,,,,,,,,,,,,,,,,,,,,,,,,,,,,,,,,,,,,,,,,,,,,,,,
11.0,O,3.0,6.0,R,20.0,Run,Rush,WISCONSIN RED,,R,,,,1.0,7.0,CCC,7.0,O,,,,,,,,,,,,,,,,,,,,,,,,,,,,,,,,,,,,,,,,,,,,,,,,,,,,,,,,,,,,,,,,,,,,,,,,,,,,,,,,,,,
12.0,O,1.0,10.0,R,13.0,Run,Rush,Wyoming brown,,L,,,,1.0,4.0,CCC,4.0,O,,,,,,,,,,,,,,,,,,,,,,,,,,,,,,,,,,,,,,,,,,,,,,,,,,,,,,,,,,,,,,,,,,,,,,,,,,,,,,,,,,,
13.0,O,2.0,6.0,L,9.0,Pass,Complete,WISCONSIN RED,,L,,,,1.0,4.0,CCC,4.0,O,,,,,,,,,,,,,,,,,,,,,,,,,,,,,,,,,,,,,,,,,,,,,,,,,,,,,,,,,,,,,,,,,,,,,,,,,,,,,,,,,,,
14.0,O,3.0,2.0,L,5.0,Run,Penalty,Wyoming brown,,R,,,,1.0,-6.0,CCC,-6.0,O,,,,,,,,,,,,,,,,,,,,,,,,,,,,,,,,,,,,,,,,,,,,,,,,,,,,,,,,,,,,,,,,,,,,,,,,,,,,,,,,,,,
15.0,O,3.0,8.0,R,11.0,Pass,"Complete, TD",Wyoming brown,,L,,,,1.0,11.0,CCC,11.0,O,,,,,,,,,,,,,,,,,,,,,,,,,,,,,,,,,,,,,,,,,,,,,,,,,,,,,,,,,,,,,,,,,,,,,,,,,,,,,,,,,,,
16.0,K,,,M,3.0,Extra Pt.,Good,,,,,,,1.0,,CCC,0.0,K,,,,,,,,,,,,,,,,,,,,,,,,,,,,,,,,,,,,,,,,,,,,,,,,,,,,,,,,,,,,,,,,,,,,,,,,,,,,,,,,,,,
17.0,K,,,M,-40.0,KO,Return,,,,,,,1.0,,CCC,0.0,K,,,,,,,,,,,,,,,,,,,,,,,,,,,,,,,,,,,,,,,,,,,,,,,,,,,,,,,,,,,,,,,,,,,,,,,,,,,,,,,,,,,
18.0,D,1.0,10.0,L,-35.0,Pass,Incomplete,IOWA BLACK,,L,,,,1.0,0.0,CCC,0.0,D,,,,,,,,,,,,,,,,,,,,,,,,,,,,,,,,,,,,,,,,,,,,,,,,,,,,,,,,,,,,,,,,,,,,,,,,,,,,,,,,,,,
19.0,D,2.0,10.0,L,-35.0,Pass,Complete,IOWA BLACK,,R,,,,1.0,5.0,CCC,5.0,D,,,,,,,,,,,,,,,,,,,,,,,,,,,,,,,,,,,,,,,,,,,,,,,,,,,,,,,,,,,,,,,,,,,,,,,,,,,,,,,,,,,
20.0,D,3.0,5.0,R,-40.0,Pass,Complete,IOWA BLACK,,R,,,,1.0,7.0,CCC,7.0,D,,,,,,,,,,,,,,,,,,,,,,,,,,,,,,,,,,,,,,,,,,,,,,,,,,,,,,,,,,,,,,,,,,,,,,,,,,,,,,,,,,,
21.0,D,1.0,10.0,R,-47.0,Pass,Complete,UTAH RED,,L,,,,1.0,-2.0,CCC,-2.0,D,,,,,,,,,,,,,,,,,,,,,,,,,,,,,,,,,,,,,,,,,,,,,,,,,,,,,,,,,,,,,,,,,,,,,,,,,,,,,,,,,,,
22.0,D,2.0,12.0,L,-45.0,Pass,Incomplete,IOWA BLACK,,R,,,,1.0,0.0,CCC,0.0,D,,,,,,,,,,,,,,,,,,,,,,,,,,,,,,,,,,,,,,,,,,,,,,,,,,,,,,,,,,,,,,,,,,,,,,,,,,,,,,,,,,,
23.0,D,3.0,12.0,L,-45.0,Pass,Fumble,IOWA BLACK,,R,,,,1.0,-3.0,CCC,-3.0,D,,,,,,,,,,,,,,,,,,,,,,,,,,,,,,,,,,,,,,,,,,,,,,,,,,,,,,,,,,,,,,,,,,,,,,,,,,,,,,,,,,,
24.0,O,1.0,10.0,L,42.0,Pass,Incomplete,IOWA BLACK,,R,,,,1.0,0.0,CCC,0.0,O,,,,,,,,,,,,,,,,,,,,,,,,,,,,,,,,,,,,,,,,,,,,,,,,,,,,,,,,,,,,,,,,,,,,,,,,,,,,,,,,,,,
25.0,O,2.0,10.0,L,42.0,Run,Rush,Wyoming brown,,L,,,,1.0,-3.0,CCC,-3.0,O,,,,,,,,,,,,,,,,,,,,,,,,,,,,,,,,,,,,,,,,,,,,,,,,,,,,,,,,,,,,,,,,,,,,,,,,,,,,,,,,,,,
26.0,O,3.0,13.0,L,45.0,Pass,Complete,WISCONSIN RED,,R,,,,1.0,25.0,CCC,25.0,O,,,,,,,,,,,,,,,,,,,,,,,,,,,,,,,,,,,,,,,,,,,,,,,,,,,,,,,,,,,,,,,,,,,,,,,,,,,,,,,,,,,
27.0,O,1.0,10.0,R,20.0,Pass,Incomplete,Wyoming brown,,L,,,,1.0,0.0,CCC,0.0,O,,,,,,,,,,,,,,,,,,,,,,,,,,,,,,,,,,,,,,,,,,,,,,,,,,,,,,,,,,,,,,,,,,,,,,,,,,,,,,,,,,,
28.0,O,2.0,10.0,R,20.0,Run,Rush,Wyoming brown,,L,,,,1.0,7.0,CCC,7.0,O,,,,,,,,,,,,,,,,,,,,,,,,,,,,,,,,,,,,,,,,,,,,,,,,,,,,,,,,,,,,,,,,,,,,,,,,,,,,,,,,,,,
29.0,O,3.0,3.0,L,13.0,Run,Rush,Twins Split,,R,,,,1.0,0.0,CCC,0.0,O,,,,,,,,,,,,,,,,,,,,,,,,,,,,,,,,,,,,,,,,,,,,,,,,,,,,,,,,,,,,,,,,,,,,,,,,,,,,,,,,,,,
30.0,O,4.0,3.0,R,13.0,Pass,Complete,Twins Split,,L,,,,1.0,6.0,CCC,6.0,O,,,,,,,,,,,,,,,,,,,,,,,,,,,,,,,,,,,,,,,,,,,,,,,,,,,,,,,,,,,,,,,,,,,,,,,,,,,,,,,,,,,
31.0,O,1.0,7.0,L,7.0,Run,Rush,Twins Split,,R,,,,1.0,4.0,CCC,4.0,O,,,,,,,,,,,,,,,,,,,,,,,,,,,,,,,,,,,,,,,,,,,,,,,,,,,,,,,,,,,,,,,,,,,,,,,,,,,,,,,,,,,
32.0,O,2.0,3.0,R,3.0,Run,"Rush, TD",Twins Split,,R,,,,2.0,3.0,CCC,3.0,O,,,,,,,,,,,,,,,,,,,,,,,,,,,,,,,,,,,,,,,,,,,,,,,,,,,,,,,,,,,,,,,,,,,,,,,,,,,,,,,,,,,
33.0,K,,,M,3.0,Extra Pt.,Good,,,,,,,2.0,,CCC,0.0,K,,,,,,,,,,,,,,,,,,,,,,,,,,,,,,,,,,,,,,,,,,,,,,,,,,,,,,,,,,,,,,,,,,,,,,,,,,,,,,,,,,,
34.0,K,,,M,-40.0,KO,Return,TEXAS BROWN,,,,,,2.0,,CCC,0.0,K,,,,,,,,,,,,,,,,,,,,,,,,,,,,,,,,,,,,,,,,,,,,,,,,,,,,,,,,,,,,,,,,,,,,,,,,,,,,,,,,,,,
35.0,D,1.0,10.0,L,-12.0,Pass,Complete,IOWA BLACK,,R,,,,2.0,-6.0,CCC,-6.0,D,,,,,,,,,,,,,,,,,,,,,,,,,,,,,,,,,,,,,,,,,,,,,,,,,,,,,,,,,,,,,,,,,,,,,,,,,,,,,,,,,,,
36.0,D,2.0,16.0,R,-6.0,Pass,Complete,IOWA BLACK,,L,,,,2.0,24.0,CCC,24.0,D,,,,,,,,,,,,,,,,,,,,,,,,,,,,,,,,,,,,,,,,,,,,,,,,,,,,,,,,,,,,,,,,,,,,,,,,,,,,,,,,,,,
37.0,D,1.0,10.0,M,-30.0,Pass,Incomplete,IOWA BLACK,,R,,,,2.0,0.0,CCC,0.0,D,,,,,,,,,,,,,,,,,,,,,,,,,,,,,,,,,,,,,,,,,,,,,,,,,,,,,,,,,,,,,,,,,,,,,,,,,,,,,,,,,,,
38.0,D,2.0,10.0,L,-30.0,Run,Rush,IOWA BLACK,,R,,,,2.0,2.0,CCC,2.0,D,,,,,,,,,,,,,,,,,,,,,,,,,,,,,,,,,,,,,,,,,,,,,,,,,,,,,,,,,,,,,,,,,,,,,,,,,,,,,,,,,,,
39.0,D,3.0,8.0,R,-32.0,Pass,Complete,IOWA BLACK,,L,,,,2.0,6.0,CCC,6.0,D,,,,,,,,,,,,,,,,,,,,,,,,,,,,,,,,,,,,,,,,,,,,,,,,,,,,,,,,,,,,,,,,,,,,,,,,,,,,,,,,,,,
40.0,D,4.0,2.0,L,-38.0,Pass,Complete,IOWA BLACK,,R,,,,2.0,3.0,CCC,3.0,D,,,,,,,,,,,,,,,,,,,,,,,,,,,,,,,,,,,,,,,,,,,,,,,,,,,,,,,,,,,,,,,,,,,,,,,,,,,,,,,,,,,
41.0,D,1.0,10.0,R,-41.0,Pass,Incomplete,UTAH RED,,L,,,,2.0,0.0,CCC,0.0,D,,,,,,,,,,,,,,,,,,,,,,,,,,,,,,,,,,,,,,,,,,,,,,,,,,,,,,,,,,,,,,,,,,,,,,,,,,,,,,,,,,,
42.0,D,2.0,10.0,R,-41.0,Run,Rush,IOWA BLACK,,R,,,,2.0,12.0,CCC,12.0,D,,,,,,,,,,,,,,,,,,,,,,,,,,,,,,,,,,,,,,,,,,,,,,,,,,,,,,,,,,,,,,,,,,,,,,,,,,,,,,,,,,,
43.0,D,1.0,10.0,R,47.0,Pass,Complete,UTAH RED,,L,,,,2.0,7.0,CCC,7.0,D,,,,,,,,,,,,,,,,,,,,,,,,,,,,,,,,,,,,,,,,,,,,,,,,,,,,,,,,,,,,,,,,,,,,,,,,,,,,,,,,,,,
44.0,D,2.0,3.0,L,40.0,Run,Rush,UTAH RED,,L,,,,2.0,3.0,CCC,3.0,D,,,,,,,,,,,,,,,,,,,,,,,,,,,,,,,,,,,,,,,,,,,,,,,,,,,,,,,,,,,,,,,,,,,,,,,,,,,,,,,,,,,
45.0,D,1.0,10.0,L,37.0,Run,"Rush, TD",IOWA BLACK,,R,,,,2.0,37.0,CCC,37.0,D,,,,,,,,,,,,,,,,,,,,,,,,,,,,,,,,,,,,,,,,,,,,,,,,,,,,,,,,,,,,,,,,,,,,,,,,,,,,,,,,,,,
46.0,K,,,M,3.0,2 Pt. Defend,No Good,IOWA BLACK STACK,,R,,,,2.0,,CCC,0.0,K,,,,,,,,,,,,,,,,,,,,,,,,,,,,,,,,,,,,,,,,,,,,,,,,,,,,,,,,,,,,,,,,,,,,,,,,,,,,,,,,,,,
47.0,K,,,M,-40.0,KO Rec,Return,,,,,,,2.0,,CCC,0.0,K,,,,,,,,,,,,,,,,,,,,,,,,,,,,,,,,,,,,,,,,,,,,,,,,,,,,,,,,,,,,,,,,,,,,,,,,,,,,,,,,,,,
48.0,O,1.0,10.0,R,-30.0,Run,Rush,WISCONSIN RED,,R,,,,2.0,9.0,CCC,9.0,O,,,,,,,,,,,,,,,,,,,,,,,,,,,,,,,,,,,,,,,,,,,,,,,,,,,,,,,,,,,,,,,,,,,,,,,,,,,,,,,,,,,
49.0,O,2.0,1.0,R,-39.0,Run,Rush,Wyoming brown,,R,,,,2.0,7.0,CCC,7.0,O,,,,,,,,,,,,,,,,,,,,,,,,,,,,,,,,,,,,,,,,,,,,,,,,,,,,,,,,,,,,,,,,,,,,,,,,,,,,,,,,,,,
50.0,O,1.0,10.0,R,-46.0,Pass,Complete,Wyoming brown,,L,,,,2.0,39.0,CCC,39.0,O,,,,,,,,,,,,,,,,,,,,,,,,,,,,,,,,,,,,,,,,,,,,,,,,,,,,,,,,,,,,,,,,,,,,,,,,,,,,,,,,,,,
51.0,O,1.0,10.0,M,15.0,,Penalty,,,,,,,2.0,5.0,CCC,5.0,O,,,,,,,,,,,,,,,,,,,,,,,,,,,,,,,,,,,,,,,,,,,,,,,,,,,,,,,,,,,,,,,,,,,,,,,,,,,,,,,,,,,
52.0,O,1.0,5.0,M,10.0,Run,Rush,Twins Split,,R,,,,2.0,4.0,CCC,4.0,O,,,,,,,,,,,,,,,,,,,,,,,,,,,,,,,,,,,,,,,,,,,,,,,,,,,,,,,,,,,,,,,,,,,,,,,,,,,,,,,,,,,
53.0,O,2.0,1.0,R,6.0,Run,"Rush, TD",Wyoming brown,,L,,,,2.0,6.0,CCC,6.0,O,,,,,,,,,,,,,,,,,,,,,,,,,,,,,,,,,,,,,,,,,,,,,,,,,,,,,,,,,,,,,,,,,,,,,,,,,,,,,,,,,,,
54.0,K,,,M,3.0,Extra Pt.,Good,,,,,,,2.0,,CCC,0.0,K,,,,,,,,,,,,,,,,,,,,,,,,,,,,,,,,,,,,,,,,,,,,,,,,,,,,,,,,,,,,,,,,,,,,,,,,,,,,,,,,,,,
55.0,K,,,M,-40.0,KO,Return,TEXAS BROWN,,,,,,2.0,,CCC,0.0,K,,,,,,,,,,,,,,,,,,,,,,,,,,,,,,,,,,,,,,,,,,,,,,,,,,,,,,,,,,,,,,,,,,,,,,,,,,,,,,,,,,,
56.0,D,1.0,10.0,L,-35.0,Pass,Penalty,UTAH RED,,R,,,,2.0,15.0,CCC,15.0,D,,,,,,,,,,,,,,,,,,,,,,,,,,,,,,,,,,,,,,,,,,,,,,,,,,,,,,,,,,,,,,,,,,,,,,,,,,,,,,,,,,,
57.0,D,1.0,10.0,L,50.0,Pass,Complete,IOWA BLACK,,L,,,,2.0,15.0,CCC,15.0,D,,,,,,,,,,,,,,,,,,,,,,,,,,,,,,,,,,,,,,,,,,,,,,,,,,,,,,,,,,,,,,,,,,,,,,,,,,,,,,,,,,,
58.0,D,1.0,10.0,L,35.0,Run,Rush,IOWA BLACK,,R,,,,2.0,1.0,CCC,1.0,D,,,,,,,,,,,,,,,,,,,,,,,,,,,,,,,,,,,,,,,,,,,,,,,,,,,,,,,,,,,,,,,,,,,,,,,,,,,,,,,,,,,
59.0,D,2.0,9.0,L,34.0,Pass,Complete,IOWA BLACK,,R,,,,2.0,15.0,CCC,15.0,D,,,,,,,,,,,,,,,,,,,,,,,,,,,,,,,,,,,,,,,,,,,,,,,,,,,,,,,,,,,,,,,,,,,,,,,,,,,,,,,,,,,
60.0,D,1.0,10.0,R,19.0,Pass,Complete,UTAH RED,,L,,,,2.0,1.0,CCC,1.0,D,,,,,,,,,,,,,,,,,,,,,,,,,,,,,,,,,,,,,,,,,,,,,,,,,,,,,,,,,,,,,,,,,,,,,,,,,,,,,,,,,,,
61.0,D,2.0,9.0,L,18.0,Pass,Incomplete,UTAH RED,,L,,,,2.0,0.0,CCC,0.0,D,,,,,,,,,,,,,,,,,,,,,,,,,,,,,,,,,,,,,,,,,,,,,,,,,,,,,,,,,,,,,,,,,,,,,,,,,,,,,,,,,,,
62.0,D,3.0,9.0,L,18.0,Run,Penalty,IOWA BLACK,,R,,,,2.0,-5.0,CCC,-5.0,D,,,,,,,,,,,,,,,,,,,,,,,,,,,,,,,,,,,,,,,,,,,,,,,,,,,,,,,,,,,,,,,,,,,,,,,,,,,,,,,,,,,
63.0,S,,,,,,,,,,,,,2.0,,CCC,0.0,S,,,,,,,,,,,,,,,,,,,,,,,,,,,,,,,,,,,,,,,,,,,,,,,,,,,,,,,,,,,,,,,,,,,,,,,,,,,,,,,,,,,
64.0,D,4.0,14.0,R,23.0,Pass,Incomplete,IOWA BLACK,,R,,,,2.0,0.0,CCC,0.0,D,,,,,,,,,,,,,,,,,,,,,,,,,,,,,,,,,,,,,,,,,,,,,,,,,,,,,,,,,,,,,,,,,,,,,,,,,,,,,,,,,,,
65.0,O,1.0,10.0,L,-23.0,Pass,Incomplete,IOWA BLACK,,R,,,,2.0,0.0,CCC,0.0,O,,,,,,,,,,,,,,,,,,,,,,,,,,,,,,,,,,,,,,,,,,,,,,,,,,,,,,,,,,,,,,,,,,,,,,,,,,,,,,,,,,,
66.0,O,2.0,10.0,L,-23.0,Run,Rush,Twins Split,,L,,,,2.0,7.0,CCC,7.0,O,,,,,,,,,,,,,,,,,,,,,,,,,,,,,,,,,,,,,,,,,,,,,,,,,,,,,,,,,,,,,,,,,,,,,,,,,,,,,,,,,,,
67.0,K,,,M,-40.0,KO,Return,,,,,,,3.0,,CCC,0.0,K,,,,,,,,,,,,,,,,,,,,,,,,,,,,,,,,,,,,,,,,,,,,,,,,,,,,,,,,,,,,,,,,,,,,,,,,,,,,,,,,,,,
68.0,D,1.0,10.0,L,-25.0,Run,Rush,IOWA BLACK,,L,,,,3.0,-8.0,CCC,-8.0,D,,,,,,,,,,,,,,,,,,,,,,,,,,,,,,,,,,,,,,,,,,,,,,,,,,,,,,,,,,,,,,,,,,,,,,,,,,,,,,,,,,,
69.0,D,2.0,18.0,L,-17.0,Pass,Penalty,IOWA BLACK,,R,,,,3.0,15.0,CCC,15.0,D,,,,,,,,,,,,,,,,,,,,,,,,,,,,,,,,,,,,,,,,,,,,,,,,,,,,,,,,,,,,,,,,,,,,,,,,,,,,,,,,,,,
70.0,D,2.0,3.0,R,-32.0,Pass,Incomplete,IOWA BLACK,,R,,,,3.0,0.0,CCC,0.0,D,,,,,,,,,,,,,,,,,,,,,,,,,,,,,,,,,,,,,,,,,,,,,,,,,,,,,,,,,,,,,,,,,,,,,,,,,,,,,,,,,,,
71.0,D,3.0,3.0,R,-32.0,,Penalty,,,,,,,3.0,-5.0,CCC,-5.0,D,,,,,,,,,,,,,,,,,,,,,,,,,,,,,,,,,,,,,,,,,,,,,,,,,,,,,,,,,,,,,,,,,,,,,,,,,,,,,,,,,,,
72.0,D,3.0,8.0,R,-27.0,Pass,Incomplete,IOWA BLACK,,L,,,,3.0,0.0,CCC,0.0,D,,,,,,,,,,,,,,,,,,,,,,,,,,,,,,,,,,,,,,,,,,,,,,,,,,,,,,,,,,,,,,,,,,,,,,,,,,,,,,,,,,,
73.0,K,4.0,8.0,R,-27.0,Fake Punt,Rush,,,L,,,,3.0,,CCC,0.0,K,,,,,,,,,,,,,,,,,,,,,,,,,,,,,,,,,,,,,,,,,,,,,,,,,,,,,,,,,,,,,,,,,,,,,,,,,,,,,,,,,,,
74.0,O,1.0,10.0,L,2.0,Run,"Rush, TD",Twins Split,,R,,,,3.0,2.0,CCC,2.0,O,,,,,,,,,,,,,,,,,,,,,,,,,,,,,,,,,,,,,,,,,,,,,,,,,,,,,,,,,,,,,,,,,,,,,,,,,,,,,,,,,,,
75.0,K,,,M,3.0,Extra Pt.,Good,,,,,,,3.0,,CCC,0.0,K,,,,,,,,,,,,,,,,,,,,,,,,,,,,,,,,,,,,,,,,,,,,,,,,,,,,,,,,,,,,,,,,,,,,,,,,,,,,,,,,,,,
76.0,K,,,M,-40.0,KO,Return,,,,,,,3.0,,CCC,0.0,K,,,,,,,,,,,,,,,,,,,,,,,,,,,,,,,,,,,,,,,,,,,,,,,,,,,,,,,,,,,,,,,,,,,,,,,,,,,,,,,,,,,
77.0,D,1.0,10.0,L,-33.0,Pass,Complete,IOWA BLACK,,L,,,,3.0,7.0,CCC,7.0,D,,,,,,,,,,,,,,,,,,,,,,,,,,,,,,,,,,,,,,,,,,,,,,,,,,,,,,,,,,,,,,,,,,,,,,,,,,,,,,,,,,,
78.0,D,2.0,3.0,L,-40.0,Pass,Incomplete,IOWA BLACK,,R,,,,3.0,0.0,CCC,0.0,D,,,,,,,,,,,,,,,,,,,,,,,,,,,,,,,,,,,,,,,,,,,,,,,,,,,,,,,,,,,,,,,,,,,,,,,,,,,,,,,,,,,
79.0,D,3.0,3.0,L,-40.0,Run,Rush,IOWA BLACK,,L,,,,3.0,11.0,CCC,11.0,D,,,,,,,,,,,,,,,,,,,,,,,,,,,,,,,,,,,,,,,,,,,,,,,,,,,,,,,,,,,,,,,,,,,,,,,,,,,,,,,,,,,
80.0,D,1.0,10.0,L,49.0,Pass,Complete,IOWA BLACK,,R,,,,3.0,8.0,CCC,8.0,D,,,,,,,,,,,,,,,,,,,,,,,,,,,,,,,,,,,,,,,,,,,,,,,,,,,,,,,,,,,,,,,,,,,,,,,,,,,,,,,,,,,
81.0,D,2.0,2.0,R,41.0,Pass,Complete,IOWA BLACK,,L,,,,3.0,6.0,CCC,6.0,D,,,,,,,,,,,,,,,,,,,,,,,,,,,,,,,,,,,,,,,,,,,,,,,,,,,,,,,,,,,,,,,,,,,,,,,,,,,,,,,,,,,
82.0,D,1.0,10.0,L,35.0,Pass,Complete,IOWA BLACK,,R,,,,3.0,34.0,CCC,34.0,D,,,,,,,,,,,,,,,,,,,,,,,,,,,,,,,,,,,,,,,,,,,,,,,,,,,,,,,,,,,,,,,,,,,,,,,,,,,,,,,,,,,
83.0,D,1.0,1.0,R,1.0,,Penalty,IOWA BLACK,,,,,,3.0,0.0,CCC,0.0,D,,,,,,,,,,,,,,,,,,,,,,,,,,,,,,,,,,,,,,,,,,,,,,,,,,,,,,,,,,,,,,,,,,,,,,,,,,,,,,,,,,,
84.0,D,1.0,1.0,R,1.0,Run,"Rush, TD",IOWA BLACK,,R,,,,3.0,1.0,CCC,1.0,D,,,,,,,,,,,,,,,,,,,,,,,,,,,,,,,,,,,,,,,,,,,,,,,,,,,,,,,,,,,,,,,,,,,,,,,,,,,,,,,,,,,
85.0,K,,,M,3.0,2 Pt. Defend,No Good,IOWA BLACK STACK,,L,,,,3.0,,CCC,0.0,K,,,,,,,,,,,,,,,,,,,,,,,,,,,,,,,,,,,,,,,,,,,,,,,,,,,,,,,,,,,,,,,,,,,,,,,,,,,,,,,,,,,
86.0,K,,,M,-40.0,Onside Kick,Return,,,,,,,3.0,,CCC,0.0,K,,,,,,,,,,,,,,,,,,,,,,,,,,,,,,,,,,,,,,,,,,,,,,,,,,,,,,,,,,,,,,,,,,,,,,,,,,,,,,,,,,,
87.0,O,1.0,10.0,L,-48.0,Run,Rush,Wyoming brown,,R,,,,3.0,-3.0,CCC,-3.0,O,,,,,,,,,,,,,,,,,,,,,,,,,,,,,,,,,,,,,,,,,,,,,,,,,,,,,,,,,,,,,,,,,,,,,,,,,,,,,,,,,,,
88.0,O,2.0,13.0,R,-45.0,Pass,"Complete, TD",WISCONSIN RED,,L,,,,3.0,55.0,CCC,55.0,O,,,,,,,,,,,,,,,,,,,,,,,,,,,,,,,,,,,,,,,,,,,,,,,,,,,,,,,,,,,,,,,,,,,,,,,,,,,,,,,,,,,
89.0,K,,,M,3.0,Extra Pt.,Good,,,,,,,3.0,,CCC,0.0,K,,,,,,,,,,,,,,,,,,,,,,,,,,,,,,,,,,,,,,,,,,,,,,,,,,,,,,,,,,,,,,,,,,,,,,,,,,,,,,,,,,,
90.0,K,,,M,-40.0,KO,Return,TEXAS BROWN,,,,,,3.0,,CCC,0.0,K,,,,,,,,,,,,,,,,,,,,,,,,,,,,,,,,,,,,,,,,,,,,,,,,,,,,,,,,,,,,,,,,,,,,,,,,,,,,,,,,,,,
91.0,D,1.0,10.0,M,-31.0,Pass,Complete,IOWA BLACK,,R,,,,3.0,0.0,CCC,0.0,D,,,,,,,,,,,,,,,,,,,,,,,,,,,,,,,,,,,,,,,,,,,,,,,,,,,,,,,,,,,,,,,,,,,,,,,,,,,,,,,,,,,
92.0,D,2.0,10.0,R,-31.0,Pass,Complete,IOWA BLACK,,L,,,,3.0,7.0,CCC,7.0,D,,,,,,,,,,,,,,,,,,,,,,,,,,,,,,,,,,,,,,,,,,,,,,,,,,,,,,,,,,,,,,,,,,,,,,,,,,,,,,,,,,,
93.0,D,3.0,3.0,L,-38.0,Pass,Penalty,IOWA BLACK,,R,,,,3.0,10.0,CCC,10.0,D,,,,,,,,,,,,,,,,,,,,,,,,,,,,,,,,,,,,,,,,,,,,,,,,,,,,,,,,,,,,,,,,,,,,,,,,,,,,,,,,,,,
94.0,D,1.0,10.0,M,-48.0,Pass,Incomplete,IOWA BLACK,,R,,,,3.0,0.0,CCC,0.0,D,,,,,,,,,,,,,,,,,,,,,,,,,,,,,,,,,,,,,,,,,,,,,,,,,,,,,,,,,,,,,,,,,,,,,,,,,,,,,,,,,,,
95.0,D,2.0,10.0,M,-48.0,Pass,Complete,IOWA BLACK,,L,,,,3.0,25.0,CCC,25.0,D,,,,,,,,,,,,,,,,,,,,,,,,,,,,,,,,,,,,,,,,,,,,,,,,,,,,,,,,,,,,,,,,,,,,,,,,,,,,,,,,,,,
96.0,D,1.0,10.0,L,27.0,Pass,Penalty,IOWA BLACK,,L,,,,3.0,10.0,CCC,10.0,D,,,,,,,,,,,,,,,,,,,,,,,,,,,,,,,,,,,,,,,,,,,,,,,,,,,,,,,,,,,,,,,,,,,,,,,,,,,,,,,,,,,
97.0,D,1.0,10.0,L,17.0,Pass,Complete,UTAH RED,,R,,,,3.0,-2.0,CCC,-2.0,D,,,,,,,,,,,,,,,,,,,,,,,,,,,,,,,,,,,,,,,,,,,,,,,,,,,,,,,,,,,,,,,,,,,,,,,,,,,,,,,,,,,
98.0,D,2.0,12.0,R,19.0,Pass,Incomplete,IOWA BLACK,,L,,,,3.0,0.0,CCC,0.0,D,,,,,,,,,,,,,,,,,,,,,,,,,,,,,,,,,,,,,,,,,,,,,,,,,,,,,,,,,,,,,,,,,,,,,,,,,,,,,,,,,,,
99.0,D,3.0,12.0,R,19.0,Pass,Complete,IOWA BLACK,,L,,,,3.0,14.0,CCC,14.0,D,,,,,,,,,,,,,,,,,,,,,,,,,,,,,,,,,,,,,,,,,,,,,,,,,,,,,,,,,,,,,,,,,,,,,,,,,,,,,,,,,,,
100.0,D,1.0,5.0,L,5.0,Run,"Rush, TD",IOWA BLACK,,R,,,,3.0,5.0,CCC,5.0,D,,,,,,,,,,,,,,,,,,,,,,,,,,,,,,,,,,,,,,,,,,,,,,,,,,,,,,,,,,,,,,,,,,,,,,,,,,,,,,,,,,,
101.0,K,,,M,3.0,2 Pt. Defend,No Good,IOWA BLACK,,L,,,,3.0,,CCC,0.0,K,,,,,,,,,,,,,,,,,,,,,,,,,,,,,,,,,,,,,,,,,,,,,,,,,,,,,,,,,,,,,,,,,,,,,,,,,,,,,,,,,,,
102.0,K,,,M,-40.0,Onside Kick,Return,,,,,,,3.0,,CCC,0.0,K,,,,,,,,,,,,,,,,,,,,,,,,,,,,,,,,,,,,,,,,,,,,,,,,,,,,,,,,,,,,,,,,,,,,,,,,,,,,,,,,,,,
103.0,O,1.0,10.0,R,-49.0,Run,Rush,IOWA BLACK,,L,,,,3.0,-1.0,CCC,-1.0,O,,,,,,,,,,,,,,,,,,,,,,,,,,,,,,,,,,,,,,,,,,,,,,,,,,,,,,,,,,,,,,,,,,,,,,,,,,,,,,,,,,,
104.0,O,2.0,11.0,M,-48.0,Pass,Complete,Wyoming brown,,L,,,,3.0,12.0,CCC,12.0,O,,,,,,,,,,,,,,,,,,,,,,,,,,,,,,,,,,,,,,,,,,,,,,,,,,,,,,,,,,,,,,,,,,,,,,,,,,,,,,,,,,,
105.0,O,1.0,10.0,L,40.0,Run,Penalty,Twins Split,,R,,,,3.0,-10.0,CCC,-10.0,O,,,,,,,,,,,,,,,,,,,,,,,,,,,,,,,,,,,,,,,,,,,,,,,,,,,,,,,,,,,,,,,,,,,,,,,,,,,,,,,,,,,
106.0,O,1.0,20.0,M,50.0,Pass,Incomplete,IOWA BLACK,,R,,,,4.0,0.0,CCC,0.0,O,,,,,,,,,,,,,,,,,,,,,,,,,,,,,,,,,,,,,,,,,,,,,,,,,,,,,,,,,,,,,,,,,,,,,,,,,,,,,,,,,,,
107.0,O,2.0,20.0,M,50.0,Pass,Complete,FLA. BLUE,,L,,,,4.0,10.0,CCC,10.0,O,,,,,,,,,,,,,,,,,,,,,,,,,,,,,,,,,,,,,,,,,,,,,,,,,,,,,,,,,,,,,,,,,,,,,,,,,,,,,,,,,,,
108.0,O,3.0,10.0,L,40.0,Pass,Complete,FLA. BLUE,,R,,,,4.0,16.0,CCC,16.0,O,,,,,,,,,,,,,,,,,,,,,,,,,,,,,,,,,,,,,,,,,,,,,,,,,,,,,,,,,,,,,,,,,,,,,,,,,,,,,,,,,,,
109.0,O,1.0,10.0,R,24.0,Run,Rush,Twins Split,,L,,,,4.0,1.0,CCC,1.0,O,,,,,,,,,,,,,,,,,,,,,,,,,,,,,,,,,,,,,,,,,,,,,,,,,,,,,,,,,,,,,,,,,,,,,,,,,,,,,,,,,,,
110.0,O,2.0,9.0,R,23.0,Pass,Incomplete,Twins Split,,R,,,,4.0,0.0,CCC,0.0,O,,,,,,,,,,,,,,,,,,,,,,,,,,,,,,,,,,,,,,,,,,,,,,,,,,,,,,,,,,,,,,,,,,,,,,,,,,,,,,,,,,,
111.0,O,3.0,9.0,R,23.0,Run,Rush,Wyoming brown,,L,,,,4.0,11.0,CCC,11.0,O,,,,,,,,,,,,,,,,,,,,,,,,,,,,,,,,,,,,,,,,,,,,,,,,,,,,,,,,,,,,,,,,,,,,,,,,,,,,,,,,,,,
112.0,O,1.0,10.0,L,12.0,Run,Rush,Wyoming brown,,R,,,,4.0,-8.0,CCC,-8.0,O,,,,,,,,,,,,,,,,,,,,,,,,,,,,,,,,,,,,,,,,,,,,,,,,,,,,,,,,,,,,,,,,,,,,,,,,,,,,,,,,,,,
113.0,O,2.0,18.0,M,20.0,Pass,Complete,WISCONSIN RED,,R,,,,4.0,8.0,CCC,8.0,O,,,,,,,,,,,,,,,,,,,,,,,,,,,,,,,,,,,,,,,,,,,,,,,,,,,,,,,,,,,,,,,,,,,,,,,,,,,,,,,,,,,
114.0,O,3.0,10.0,R,12.0,Pass,Incomplete,IOWA BLACK,,R,,,,4.0,0.0,CCC,0.0,O,,,,,,,,,,,,,,,,,,,,,,,,,,,,,,,,,,,,,,,,,,,,,,,,,,,,,,,,,,,,,,,,,,,,,,,,,,,,,,,,,,,
115.0,K,4.0,10.0,R,12.0,FG,Good,,,,,,,4.0,,CCC,0.0,K,,,,,,,,,,,,,,,,,,,,,,,,,,,,,,,,,,,,,,,,,,,,,,,,,,,,,,,,,,,,,,,,,,,,,,,,,,,,,,,,,,,
116.0,K,,,M,-40.0,KO,Return,TEXAS BROWN,,,,,,4.0,,CCC,0.0,K,,,,,,,,,,,,,,,,,,,,,,,,,,,,,,,,,,,,,,,,,,,,,,,,,,,,,,,,,,,,,,,,,,,,,,,,,,,,,,,,,,,
117.0,D,1.0,10.0,L,-34.0,,Timeout,FLA. BLUE,,,,,,4.0,0.0,CCC,0.0,D,,,,,,,,,,,,,,,,,,,,,,,,,,,,,,,,,,,,,,,,,,,,,,,,,,,,,,,,,,,,,,,,,,,,,,,,,,,,,,,,,,,
118.0,D,1.0,10.0,L,-34.0,Pass,Incomplete,IOWA BLACK,,R,,,,4.0,0.0,CCC,0.0,D,,,,,,,,,,,,,,,,,,,,,,,,,,,,,,,,,,,,,,,,,,,,,,,,,,,,,,,,,,,,,,,,,,,,,,,,,,,,,,,,,,,
119.0,D,2.0,10.0,L,-34.0,Run,Rush,IOWA BLACK,,R,,,,4.0,-7.0,CCC,-7.0,D,,,,,,,,,,,,,,,,,,,,,,,,,,,,,,,,,,,,,,,,,,,,,,,,,,,,,,,,,,,,,,,,,,,,,,,,,,,,,,,,,,,
120.0,D,3.0,17.0,R,-27.0,Pass,Complete,IOWA BLACK,,R,,,,4.0,8.0,CCC,8.0,D,,,,,,,,,,,,,,,,,,,,,,,,,,,,,,,,,,,,,,,,,,,,,,,,,,,,,,,,,,,,,,,,,,,,,,,,,,,,,,,,,,,
121.0,D,4.0,9.0,R,-35.0,Pass,Penalty,IOWA BLACK,,R,,,,4.0,6.0,CCC,6.0,D,,,,,,,,,,,,,,,,,,,,,,,,,,,,,,,,,,,,,,,,,,,,,,,,,,,,,,,,,,,,,,,,,,,,,,,,,,,,,,,,,,,
122.0,O,1.0,10.0,L,41.0,Run,Rush,Twins Split,,R,,,,4.0,6.0,CCC,6.0,O,,,,,,,,,,,,,,,,,,,,,,,,,,,,,,,,,,,,,,,,,,,,,,,,,,,,,,,,,,,,,,,,,,,,,,,,,,,,,,,,,,,
123.0,O,2.0,4.0,L,35.0,Run,Rush,Twins Split,,R,,,,4.0,3.0,CCC,3.0,O,,,,,,,,,,,,,,,,,,,,,,,,,,,,,,,,,,,,,,,,,,,,,,,,,,,,,,,,,,,,,,,,,,,,,,,,,,,,,,,,,,,
124.0,O,3.0,1.0,L,32.0,Pass,Complete,,,R,,,,4.0,15.0,CCC,15.0,O,,,,,,,,,,,,,,,,,,,,,,,,,,,,,,,,,,,,,,,,,,,,,,,,,,,,,,,,,,,,,,,,,,,,,,,,,,,,,,,,,,,
125.0,O,1.0,10.0,R,17.0,Run,Rush,Twins Split,,R,,,,4.0,2.0,CCC,2.0,O,,,,,,,,,,,,,,,,,,,,,,,,,,,,,,,,,,,,,,,,,,,,,,,,,,,,,,,,,,,,,,,,,,,,,,,,,,,,,,,,,,,
126.0,O,2.0,8.0,R,15.0,Pass,"Complete, TD",WISCONSIN RED,,R,,,,4.0,15.0,CCC,15.0,O,,,,,,,,,,,,,,,,,,,,,,,,,,,,,,,,,,,,,,,,,,,,,,,,,,,,,,,,,,,,,,,,,,,,,,,,,,,,,,,,,,,
127.0,K,,,M,3.0,Extra Pt.,Good,,,,,,,4.0,,CCC,0.0,K,,,,,,,,,,,,,,,,,,,,,,,,,,,,,,,,,,,,,,,,,,,,,,,,,,,,,,,,,,,,,,,,,,,,,,,,,,,,,,,,,,,
128.0,K,,,M,-40.0,KO,Return,TEXAS BROWN,,,,,,4.0,,CCC,0.0,K,,,,,,,,,,,,,,,,,,,,,,,,,,,,,,,,,,,,,,,,,,,,,,,,,,,,,,,,,,,,,,,,,,,,,,,,,,,,,,,,,,,
129.0,D,1.0,10.0,L,45.0,Pass,Complete,IOWA BLACK,,R,,,,4.0,9.0,CCC,9.0,D,,,,,,,,,,,,,,,,,,,,,,,,,,,,,,,,,,,,,,,,,,,,,,,,,,,,,,,,,,,,,,,,,,,,,,,,,,,,,,,,,,,
130.0,D,2.0,1.0,R,36.0,Pass,Interception,IOWA BLACK,,R,,,,4.0,0.0,CCC,0.0,D,,,,,,,,,,,,,,,,,,,,,,,,,,,,,,,,,,,,,,,,,,,,,,,,,,,,,,,,,,,,,,,,,,,,,,,,,,,,,,,,,,,
131.0,O,1.0,10.0,L,-5.0,Pass,Complete,OREGON GREEN,,R,,,,4.0,-2.0,CCC,-2.0,O,,,,,,,,,,,,,,,,,,,,,,,,,,,,,,,,,,,,,,,,,,,,,,,,,,,,,,,,,,,,,,,,,,,,,,,,,,,,,,,,,,,
132.0,O,2.0,12.0,R,-3.0,Run,Rush,,,L,,,,4.0,22.0,CCC,22.0,O,,,,,,,,,,,,,,,,,,,,,,,,,,,,,,,,,,,,,,,,,,,,,,,,,,,,,,,,,,,,,,,,,,,,,,,,,,,,,,,,,,,
133.0,O,1.0,10.0,R,-25.0,Run,Rush,Twins Split,,L,,,,4.0,2.0,CCC,2.0,O,,,,,,,,,,,,,,,,,,,,,,,,,,,,,,,,,,,,,,,,,,,,,,,,,,,,,,,,,,,,,,,,,,,,,,,,,,,,,,,,,,,
134.0,O,2.0,8.0,M,-27.0,Run,Rush,WISCONSIN RED,,R,,,,4.0,2.0,CCC,2.0,O,,,,,,,,,,,,,,,,,,,,,,,,,,,,,,,,,,,,,,,,,,,,,,,,,,,,,,,,,,,,,,,,,,,,,,,,,,,,,,,,,,,
135.0,O,3.0,6.0,M,-29.0,Run,Rush,Twins Split,,R,,,,4.0,5.0,CCC,5.0,O,,,,,,,,,,,,,,,,,,,,,,,,,,,,,,,,,,,,,,,,,,,,,,,,,,,,,,,,,,,,,,,,,,,,,,,,,,,,,,,,,,,
1.0,K,,,M,-40.0,KO Rec,Out of Bounds,,,,,,,1.0,,CCC,0.0,K,,,,,,,,,,,,,,,,,,,,,,,,,,,,,,,,,,,,,,,,,,,,,,,,,,,,,,,,,,,,,,,,,,,,,,,,,,,,,,,,,,,
2.0,O,1.0,10.0,L,-38.0,Run,Rush,OHIO SCARLET UNDER,ISO RIGHT,R,,,,1.0,2.0,CCC,2.0,O,,,,,,,,,,,,,,,,,,,,,,,,,,,,,,,,,,,,,,,,,,,,,,,,,,,,,,,,,,,,,,,,,,,,,,,,,,,,,,,,,,,
3.0,O,2.0,8.0,M,-40.0,Run,Rush,Wyoming GOLD PISTOL,DUO LEFT,L,,,,1.0,11.0,CCC,11.0,O,,,,,,,,,,,,,,,,,,,,,,,,,,,,,,,,,,,,,,,,,,,,,,,,,,,,,,,,,,,,,,,,,,,,,,,,,,,,,,,,,,,
4.0,O,1.0,10.0,L,49.0,Pass,Incomplete,OHIO SCARLET UNDER,ISO LEFT BOOT RIGHT,R,,,,1.0,0.0,CCC,0.0,O,,,,,,,,,,,,,,,,,,,,,,,,,,,,,,,,,,,,,,,,,,,,,,,,,,,,,,,,,,,,,,,,,,,,,,,,,,,,,,,,,,,
5.0,O,2.0,10.0,M,49.0,Run,Rush,Wyoming brown,DUO RIGHT,R,,,,1.0,9.0,CCC,9.0,O,,,,,,,,,,,,,,,,,,,,,,,,,,,,,,,,,,,,,,,,,,,,,,,,,,,,,,,,,,,,,,,,,,,,,,,,,,,,,,,,,,,
6.0,O,3.0,1.0,M,40.0,Run,Rush,Wyoming brown,DUO RIGHT,R,,,,1.0,0.0,CCC,0.0,O,,,,,,,,,,,,,,,,,,,,,,,,,,,,,,,,,,,,,,,,,,,,,,,,,,,,,,,,,,,,,,,,,,,,,,,,,,,,,,,,,,,
7.0,O,4.0,1.0,R,40.0,Run,Rush,MICH MAIZE,SPEED OPTION LEFT,L,,,,1.0,16.0,CCC,16.0,O,,,,,,,,,,,,,,,,,,,,,,,,,,,,,,,,,,,,,,,,,,,,,,,,,,,,,,,,,,,,,,,,,,,,,,,,,,,,,,,,,,,
8.0,O,1.0,10.0,L,24.0,Run,Rush,OHIO SCARLET UNDER,ISO RIGHT,L,,,,1.0,0.0,CCC,0.0,O,,,,,,,,,,,,,,,,,,,,,,,,,,,,,,,,,,,,,,,,,,,,,,,,,,,,,,,,,,,,,,,,,,,,,,,,,,,,,,,,,,,
9.0,O,2.0,10.0,L,24.0,Pass,Complete,OHIO SCARLET UNDER,ISO LEFT BOOT RIGHT,R,,,,1.0,4.0,CCC,4.0,O,,,,,,,,,,,,,,,,,,,,,,,,,,,,,,,,,,,,,,,,,,,,,,,,,,,,,,,,,,,,,,,,,,,,,,,,,,,,,,,,,,,
10.0,O,3.0,6.0,R,20.0,Run,Rush,WISCONSIN RED,50 FORD,R,,,,1.0,7.0,CCC,7.0,O,,,,,,,,,,,,,,,,,,,,,,,,,,,,,,,,,,,,,,,,,,,,,,,,,,,,,,,,,,,,,,,,,,,,,,,,,,,,,,,,,,,
11.0,O,1.0,10.0,R,13.0,Run,Rush,WYOMING GOLD,TOSS LEFT,L,,,,1.0,4.0,CCC,4.0,O,,,,,,,,,,,,,,,,,,,,,,,,,,,,,,,,,,,,,,,,,,,,,,,,,,,,,,,,,,,,,,,,,,,,,,,,,,,,,,,,,,,
12.0,O,2.0,6.0,L,9.0,Pass,Complete,WISCONSIN WHITE,81 Y CORNER,L,,,,1.0,4.0,CCC,4.0,O,,,,,,,,,,,,,,,,,,,,,,,,,,,,,,,,,,,,,,,,,,,,,,,,,,,,,,,,,,,,,,,,,,,,,,,,,,,,,,,,,,,
13.0,O,3.0,2.0,L,5.0,Run,Penalty,Wyoming brown,DUO RIGHT,R,,,,1.0,-6.0,CCC,-6.0,O,,,,,,,,,,,,,,,,,,,,,,,,,,,,,,,,,,,,,,,,,,,,,,,,,,,,,,,,,,,,,,,,,,,,,,,,,,,,,,,,,,,
14.0,S,,,,,,,,,,,,,1.0,,CCC,0.0,S,,,,,,,,,,,,,,,,,,,,,,,,,,,,,,,,,,,,,,,,,,,,,,,,,,,,,,,,,,,,,,,,,,,,,,,,,,,,,,,,,,,
15.0,O,3.0,8.0,R,11.0,Pass,"Complete, TD",WYOMING GOLD,81 Y CORNER,L,,,,1.0,11.0,CCC,11.0,O,,,,,,,,,,,,,,,,,,,,,,,,,,,,,,,,,,,,,,,,,,,,,,,,,,,,,,,,,,,,,,,,,,,,,,,,,,,,,,,,,,,
16.0,K,,,M,3.0,Extra Pt.,Good,,,,,,,1.0,,CCC,0.0,K,,,,,,,,,,,,,,,,,,,,,,,,,,,,,,,,,,,,,,,,,,,,,,,,,,,,,,,,,,,,,,,,,,,,,,,,,,,,,,,,,,,
17.0,K,,,M,-40.0,KO,Return,,,,,,,1.0,,CCC,0.0,K,,,,,,,,,,,,,,,,,,,,,,,,,,,,,,,,,,,,,,,,,,,,,,,,,,,,,,,,,,,,,,,,,,,,,,,,,,,,,,,,,,,
18.0,D,1.0,10.0,L,-35.0,Pass,Incomplete,IOWA BLACK,,L,,,,1.0,0.0,CCC,0.0,D,,,,,,,,,,,,,,,,,,,,,,,,,,,,,,,,,,,,,,,,,,,,,,,,,,,,,,,,,,,,,,,,,,,,,,,,,,,,,,,,,,,
19.0,D,2.0,10.0,L,-35.0,Pass,Complete,IOWA BLACK,,R,,,,1.0,5.0,CCC,5.0,D,,,,,,,,,,,,,,,,,,,,,,,,,,,,,,,,,,,,,,,,,,,,,,,,,,,,,,,,,,,,,,,,,,,,,,,,,,,,,,,,,,,
20.0,D,3.0,5.0,R,-40.0,Pass,Complete,IOWA BLACK,,R,,,,1.0,7.0,CCC,7.0,D,,,,,,,,,,,,,,,,,,,,,,,,,,,,,,,,,,,,,,,,,,,,,,,,,,,,,,,,,,,,,,,,,,,,,,,,,,,,,,,,,,,
21.0,D,1.0,10.0,R,-47.0,Pass,Penalty,UTAH RED,,L,,,,1.0,-2.0,CCC,-2.0,D,,,,,,,,,,,,,,,,,,,,,,,,,,,,,,,,,,,,,,,,,,,,,,,,,,,,,,,,,,,,,,,,,,,,,,,,,,,,,,,,,,,
22.0,D,1.0,12.0,L,-45.0,Pass,Incomplete,IOWA BLACK,,R,,,,1.0,0.0,CCC,0.0,D,,,,,,,,,,,,,,,,,,,,,,,,,,,,,,,,,,,,,,,,,,,,,,,,,,,,,,,,,,,,,,,,,,,,,,,,,,,,,,,,,,,
23.0,D,2.0,12.0,L,-45.0,Pass,Fumble,IOWA BLACK,,R,,,,1.0,-3.0,CCC,-3.0,D,,,,,,,,,,,,,,,,,,,,,,,,,,,,,,,,,,,,,,,,,,,,,,,,,,,,,,,,,,,,,,,,,,,,,,,,,,,,,,,,,,,
24.0,O,1.0,10.0,L,42.0,Pass,Incomplete,IOWA BLACK,,R,,,,1.0,0.0,CCC,0.0,O,,,,,,,,,,,,,,,,,,,,,,,,,,,,,,,,,,,,,,,,,,,,,,,,,,,,,,,,,,,,,,,,,,,,,,,,,,,,,,,,,,,
25.0,O,2.0,10.0,L,42.0,Run,Rush,Wyoming brown,DUO RIGHT,L,,,,1.0,-3.0,CCC,-3.0,O,,,,,,,,,,,,,,,,,,,,,,,,,,,,,,,,,,,,,,,,,,,,,,,,,,,,,,,,,,,,,,,,,,,,,,,,,,,,,,,,,,,
26.0,O,3.0,13.0,L,45.0,Pass,Complete,WISCONSIN WHITE TIGHT,60 Y UNDER,R,,,,1.0,25.0,CCC,25.0,O,,,,,,,,,,,,,,,,,,,,,,,,,,,,,,,,,,,,,,,,,,,,,,,,,,,,,,,,,,,,,,,,,,,,,,,,,,,,,,,,,,,
27.0,O,1.0,10.0,R,20.0,Pass,Incomplete,Wyoming GOLD PISTOL,DUO LEFT SLOW,L,,,,1.0,0.0,CCC,0.0,O,,,,,,,,,,,,,,,,,,,,,,,,,,,,,,,,,,,,,,,,,,,,,,,,,,,,,,,,,,,,,,,,,,,,,,,,,,,,,,,,,,,
28.0,O,2.0,10.0,R,20.0,Run,Rush,Wyoming GOLD PISTOL,TOSS LEFT,L,,,,1.0,7.0,CCC,7.0,O,,,,,,,,,,,,,,,,,,,,,,,,,,,,,,,,,,,,,,,,,,,,,,,,,,,,,,,,,,,,,,,,,,,,,,,,,,,,,,,,,,,
29.0,O,3.0,3.0,L,13.0,Run,Rush,MICH. BLUE,SPEED OPTION RIGHT,R,,,,1.0,0.0,CCC,0.0,O,,,,,,,,,,,,,,,,,,,,,,,,,,,,,,,,,,,,,,,,,,,,,,,,,,,,,,,,,,,,,,,,,,,,,,,,,,,,,,,,,,,
30.0,O,4.0,3.0,R,13.0,,Timeout,IOWA BLACK,,,,,,1.0,0.0,CCC,0.0,O,,,,,,,,,,,,,,,,,,,,,,,,,,,,,,,,,,,,,,,,,,,,,,,,,,,,,,,,,,,,,,,,,,,,,,,,,,,,,,,,,,,
31.0,O,4.0,3.0,R,13.0,Pass,Complete,OHIO GRAY UNDER,ISO RIGHT BOOT LEFT,L,,,,1.0,6.0,CCC,6.0,O,,,,,,,,,,,,,,,,,,,,,,,,,,,,,,,,,,,,,,,,,,,,,,,,,,,,,,,,,,,,,,,,,,,,,,,,,,,,,,,,,,,
32.0,O,1.0,7.0,L,7.0,Run,Rush,OHIO SCARLET,QB SWEEP,R,,,,1.0,4.0,CCC,4.0,O,,,,,,,,,,,,,,,,,,,,,,,,,,,,,,,,,,,,,,,,,,,,,,,,,,,,,,,,,,,,,,,,,,,,,,,,,,,,,,,,,,,
33.0,O,2.0,3.0,R,3.0,,Timeout,,,,,,,1.0,0.0,CCC,0.0,O,,,,,,,,,,,,,,,,,,,,,,,,,,,,,,,,,,,,,,,,,,,,,,,,,,,,,,,,,,,,,,,,,,,,,,,,,,,,,,,,,,,
34.0,O,2.0,3.0,R,3.0,Run,"Rush, TD",Wyoming brown,ISO RIGHT (LOCKED),R,,,,2.0,3.0,CCC,3.0,O,,,,,,,,,,,,,,,,,,,,,,,,,,,,,,,,,,,,,,,,,,,,,,,,,,,,,,,,,,,,,,,,,,,,,,,,,,,,,,,,,,,
35.0,S,,,,,,,,,,,,,2.0,,CCC,0.0,S,,,,,,,,,,,,,,,,,,,,,,,,,,,,,,,,,,,,,,,,,,,,,,,,,,,,,,,,,,,,,,,,,,,,,,,,,,,,,,,,,,,
36.0,K,,,M,3.0,Extra Pt.,Good,,,,,,,2.0,,CCC,0.0,K,,,,,,,,,,,,,,,,,,,,,,,,,,,,,,,,,,,,,,,,,,,,,,,,,,,,,,,,,,,,,,,,,,,,,,,,,,,,,,,,,,,
37.0,K,,,M,-40.0,KO,Return,TEXAS BROWN,,,,,,2.0,,CCC,0.0,K,,,,,,,,,,,,,,,,,,,,,,,,,,,,,,,,,,,,,,,,,,,,,,,,,,,,,,,,,,,,,,,,,,,,,,,,,,,,,,,,,,,
38.0,D,1.0,10.0,L,-12.0,Pass,Penalty,IOWA BLACK,,R,,,,2.0,-6.0,CCC,-6.0,D,,,,,,,,,,,,,,,,,,,,,,,,,,,,,,,,,,,,,,,,,,,,,,,,,,,,,,,,,,,,,,,,,,,,,,,,,,,,,,,,,,,
39.0,D,1.0,16.0,R,-6.0,Pass,Complete,IOWA BLACK,,L,,,,2.0,24.0,CCC,24.0,D,,,,,,,,,,,,,,,,,,,,,,,,,,,,,,,,,,,,,,,,,,,,,,,,,,,,,,,,,,,,,,,,,,,,,,,,,,,,,,,,,,,
40.0,D,1.0,10.0,M,-30.0,Pass,Incomplete,IOWA BLACK,,R,,,,2.0,0.0,CCC,0.0,D,,,,,,,,,,,,,,,,,,,,,,,,,,,,,,,,,,,,,,,,,,,,,,,,,,,,,,,,,,,,,,,,,,,,,,,,,,,,,,,,,,,
41.0,D,2.0,10.0,M,-30.0,Run,Rush,IOWA BLACK,,R,,,,2.0,2.0,CCC,2.0,D,,,,,,,,,,,,,,,,,,,,,,,,,,,,,,,,,,,,,,,,,,,,,,,,,,,,,,,,,,,,,,,,,,,,,,,,,,,,,,,,,,,
42.0,D,3.0,8.0,R,-32.0,Pass,Complete,IOWA BLACK,,L,,,,2.0,6.0,CCC,6.0,D,,,,,,,,,,,,,,,,,,,,,,,,,,,,,,,,,,,,,,,,,,,,,,,,,,,,,,,,,,,,,,,,,,,,,,,,,,,,,,,,,,,
43.0,D,4.0,2.0,L,-38.0,Pass,Complete,IOWA BLACK,,R,,,,2.0,3.0,CCC,3.0,D,,,,,,,,,,,,,,,,,,,,,,,,,,,,,,,,,,,,,,,,,,,,,,,,,,,,,,,,,,,,,,,,,,,,,,,,,,,,,,,,,,,
44.0,D,1.0,10.0,R,-41.0,Pass,Incomplete,UTAH RED,,L,,,,2.0,0.0,CCC,0.0,D,,,,,,,,,,,,,,,,,,,,,,,,,,,,,,,,,,,,,,,,,,,,,,,,,,,,,,,,,,,,,,,,,,,,,,,,,,,,,,,,,,,
45.0,D,2.0,10.0,R,-41.0,Run,Rush,IOWA BLACK,,R,,,,2.0,12.0,CCC,12.0,D,,,,,,,,,,,,,,,,,,,,,,,,,,,,,,,,,,,,,,,,,,,,,,,,,,,,,,,,,,,,,,,,,,,,,,,,,,,,,,,,,,,
46.0,D,1.0,10.0,R,47.0,Pass,Complete,UTAH RED,,L,,,,2.0,7.0,CCC,7.0,D,,,,,,,,,,,,,,,,,,,,,,,,,,,,,,,,,,,,,,,,,,,,,,,,,,,,,,,,,,,,,,,,,,,,,,,,,,,,,,,,,,,
47.0,D,2.0,3.0,L,40.0,Run,Rush,UTAH RED,,L,,,,2.0,3.0,CCC,3.0,D,,,,,,,,,,,,,,,,,,,,,,,,,,,,,,,,,,,,,,,,,,,,,,,,,,,,,,,,,,,,,,,,,,,,,,,,,,,,,,,,,,,
48.0,S,,,,,,,,,,,,,2.0,,CCC,0.0,S,,,,,,,,,,,,,,,,,,,,,,,,,,,,,,,,,,,,,,,,,,,,,,,,,,,,,,,,,,,,,,,,,,,,,,,,,,,,,,,,,,,
49.0,D,1.0,10.0,L,37.0,Run,"Rush, TD",IOWA BLACK,,R,,,,2.0,37.0,CCC,37.0,D,,,,,,,,,,,,,,,,,,,,,,,,,,,,,,,,,,,,,,,,,,,,,,,,,,,,,,,,,,,,,,,,,,,,,,,,,,,,,,,,,,,
50.0,K,,,M,3.0,2 Pt. Defend,No Good,IOWA BLACK STACK,,R,,,,2.0,,CCC,0.0,K,,,,,,,,,,,,,,,,,,,,,,,,,,,,,,,,,,,,,,,,,,,,,,,,,,,,,,,,,,,,,,,,,,,,,,,,,,,,,,,,,,,
51.0,K,,,M,-40.0,KO Rec,Return,,,,,,,2.0,,CCC,0.0,K,,,,,,,,,,,,,,,,,,,,,,,,,,,,,,,,,,,,,,,,,,,,,,,,,,,,,,,,,,,,,,,,,,,,,,,,,,,,,,,,,,,
52.0,O,1.0,10.0,R,-30.0,Run,Rush,WISCONSIN RED,H AROUND,R,,,,2.0,9.0,CCC,9.0,O,,,,,,,,,,,,,,,,,,,,,,,,,,,,,,,,,,,,,,,,,,,,,,,,,,,,,,,,,,,,,,,,,,,,,,,,,,,,,,,,,,,
53.0,O,2.0,1.0,R,-39.0,Run,Rush,Wyoming brown,DUO RIGHT,R,,,,2.0,7.0,CCC,7.0,O,,,,,,,,,,,,,,,,,,,,,,,,,,,,,,,,,,,,,,,,,,,,,,,,,,,,,,,,,,,,,,,,,,,,,,,,,,,,,,,,,,,
54.0,O,1.0,10.0,R,-46.0,Pass,Complete,Wyoming GOLD PISTOL,DUO LEFT SLOW,L,,,,2.0,44.0,CCC,44.0,O,,,,,,,,,,,,,,,,,,,,,,,,,,,,,,,,,,,,,,,,,,,,,,,,,,,,,,,,,,,,,,,,,,,,,,,,,,,,,,,,,,,
55.0,O,1.0,10.0,M,10.0,Run,Rush,Wyoming brown,ISO RIGHT,R,,,,2.0,4.0,CCC,4.0,O,,,,,,,,,,,,,,,,,,,,,,,,,,,,,,,,,,,,,,,,,,,,,,,,,,,,,,,,,,,,,,,,,,,,,,,,,,,,,,,,,,,
56.0,O,2.0,6.0,R,6.0,Run,"Rush, TD",Wyoming brown,SPEED OPTION LEFT,L,,,,2.0,6.0,CCC,6.0,O,,,,,,,,,,,,,,,,,,,,,,,,,,,,,,,,,,,,,,,,,,,,,,,,,,,,,,,,,,,,,,,,,,,,,,,,,,,,,,,,,,,
57.0,S,,,,,,,,,,,,,2.0,,CCC,0.0,S,,,,,,,,,,,,,,,,,,,,,,,,,,,,,,,,,,,,,,,,,,,,,,,,,,,,,,,,,,,,,,,,,,,,,,,,,,,,,,,,,,,
58.0,K,,,M,3.0,Extra Pt.,Good,,,,,,,2.0,,CCC,0.0,K,,,,,,,,,,,,,,,,,,,,,,,,,,,,,,,,,,,,,,,,,,,,,,,,,,,,,,,,,,,,,,,,,,,,,,,,,,,,,,,,,,,
59.0,K,,,M,-40.0,KO,Return,,,,,,,2.0,,CCC,0.0,K,,,,,,,,,,,,,,,,,,,,,,,,,,,,,,,,,,,,,,,,,,,,,,,,,,,,,,,,,,,,,,,,,,,,,,,,,,,,,,,,,,,
60.0,D,1.0,10.0,L,-35.0,Pass,Penalty,UTAH RED,,R,,,,2.0,15.0,CCC,15.0,D,,,,,,,,,,,,,,,,,,,,,,,,,,,,,,,,,,,,,,,,,,,,,,,,,,,,,,,,,,,,,,,,,,,,,,,,,,,,,,,,,,,
61.0,S,,,,,,,,,,,,,2.0,,CCC,0.0,S,,,,,,,,,,,,,,,,,,,,,,,,,,,,,,,,,,,,,,,,,,,,,,,,,,,,,,,,,,,,,,,,,,,,,,,,,,,,,,,,,,,
62.0,S,,,,,,,,,,,,,2.0,,CCC,0.0,S,,,,,,,,,,,,,,,,,,,,,,,,,,,,,,,,,,,,,,,,,,,,,,,,,,,,,,,,,,,,,,,,,,,,,,,,,,,,,,,,,,,
63.0,D,1.0,10.0,L,50.0,Pass,Complete,IOWA BLACK,,R,,,,2.0,15.0,CCC,15.0,D,,,,,,,,,,,,,,,,,,,,,,,,,,,,,,,,,,,,,,,,,,,,,,,,,,,,,,,,,,,,,,,,,,,,,,,,,,,,,,,,,,,
64.0,D,1.0,10.0,R,35.0,Run,Rush,IOWA BLACK,,R,,,,2.0,1.0,CCC,1.0,D,,,,,,,,,,,,,,,,,,,,,,,,,,,,,,,,,,,,,,,,,,,,,,,,,,,,,,,,,,,,,,,,,,,,,,,,,,,,,,,,,,,
65.0,D,2.0,9.0,M,34.0,Pass,Complete,IOWA BLACK,,R,,,,2.0,15.0,CCC,15.0,D,,,,,,,,,,,,,,,,,,,,,,,,,,,,,,,,,,,,,,,,,,,,,,,,,,,,,,,,,,,,,,,,,,,,,,,,,,,,,,,,,,,
66.0,D,1.0,10.0,R,19.0,Pass,Complete,UTAH RED,,L,,,,2.0,1.0,CCC,1.0,D,,,,,,,,,,,,,,,,,,,,,,,,,,,,,,,,,,,,,,,,,,,,,,,,,,,,,,,,,,,,,,,,,,,,,,,,,,,,,,,,,,,
67.0,D,2.0,9.0,L,18.0,Pass,Complete,UTAH RED,,L,,,,2.0,0.0,CCC,0.0,D,,,,,,,,,,,,,,,,,,,,,,,,,,,,,,,,,,,,,,,,,,,,,,,,,,,,,,,,,,,,,,,,,,,,,,,,,,,,,,,,,,,
68.0,D,3.0,9.0,L,18.0,Run,Penalty,IOWA BLACK,,R,,,,2.0,-9.0,CCC,-9.0,D,,,,,,,,,,,,,,,,,,,,,,,,,,,,,,,,,,,,,,,,,,,,,,,,,,,,,,,,,,,,,,,,,,,,,,,,,,,,,,,,,,,
69.0,D,3.0,18.0,R,27.0,Pass,Complete,IOWA BLACK,,R,,,,2.0,4.0,CCC,4.0,D,,,,,,,,,,,,,,,,,,,,,,,,,,,,,,,,,,,,,,,,,,,,,,,,,,,,,,,,,,,,,,,,,,,,,,,,,,,,,,,,,,,
70.0,D,4.0,15.0,R,23.0,Pass,Incomplete,IOWA BLACK,,R,,,,2.0,0.0,CCC,0.0,D,,,,,,,,,,,,,,,,,,,,,,,,,,,,,,,,,,,,,,,,,,,,,,,,,,,,,,,,,,,,,,,,,,,,,,,,,,,,,,,,,,,
71.0,O,1.0,10.0,L,-23.0,Pass,Incomplete,IOWA BLACK,,R,,,,2.0,0.0,CCC,0.0,O,,,,,,,,,,,,,,,,,,,,,,,,,,,,,,,,,,,,,,,,,,,,,,,,,,,,,,,,,,,,,,,,,,,,,,,,,,,,,,,,,,,
72.0,S,,,,,,,,,,,,,2.0,,CCC,0.0,S,,,,,,,,,,,,,,,,,,,,,,,,,,,,,,,,,,,,,,,,,,,,,,,,,,,,,,,,,,,,,,,,,,,,,,,,,,,,,,,,,,,
73.0,O,2.0,10.0,L,-23.0,Run,Rush,OHIO SCARLET UNDER,ISO RIGHT,L,,,,2.0,7.0,CCC,7.0,O,,,,,,,,,,,,,,,,,,,,,,,,,,,,,,,,,,,,,,,,,,,,,,,,,,,,,,,,,,,,,,,,,,,,,,,,,,,,,,,,,,,
74.0,S,,,,,,,,,,,,,2.0,,CCC,0.0,S,,,,,,,,,,,,,,,,,,,,,,,,,,,,,,,,,,,,,,,,,,,,,,,,,,,,,,,,,,,,,,,,,,,,,,,,,,,,,,,,,,,
75.0,S,,,,,,,,,,,,,2.0,,CCC,0.0,S,,,,,,,,,,,,,,,,,,,,,,,,,,,,,,,,,,,,,,,,,,,,,,,,,,,,,,,,,,,,,,,,,,,,,,,,,,,,,,,,,,,
76.0,S,,,,,,,,,,,,,2.0,,CCC,0.0,S,,,,,,,,,,,,,,,,,,,,,,,,,,,,,,,,,,,,,,,,,,,,,,,,,,,,,,,,,,,,,,,,,,,,,,,,,,,,,,,,,,,
77.0,S,,,,,,,,,,,,,2.0,,CCC,0.0,S,,,,,,,,,,,,,,,,,,,,,,,,,,,,,,,,,,,,,,,,,,,,,,,,,,,,,,,,,,,,,,,,,,,,,,,,,,,,,,,,,,,
78.0,S,,,,,,,,,,,,,2.0,,CCC,0.0,S,,,,,,,,,,,,,,,,,,,,,,,,,,,,,,,,,,,,,,,,,,,,,,,,,,,,,,,,,,,,,,,,,,,,,,,,,,,,,,,,,,,
79.0,S,,,,,,,,,,,,,2.0,,CCC,0.0,S,,,,,,,,,,,,,,,,,,,,,,,,,,,,,,,,,,,,,,,,,,,,,,,,,,,,,,,,,,,,,,,,,,,,,,,,,,,,,,,,,,,
80.0,S,,,,,,,,,,,,,2.0,,CCC,0.0,S,,,,,,,,,,,,,,,,,,,,,,,,,,,,,,,,,,,,,,,,,,,,,,,,,,,,,,,,,,,,,,,,,,,,,,,,,,,,,,,,,,,
81.0,S,,,,,,,,,,,,,2.0,,CCC,0.0,S,,,,,,,,,,,,,,,,,,,,,,,,,,,,,,,,,,,,,,,,,,,,,,,,,,,,,,,,,,,,,,,,,,,,,,,,,,,,,,,,,,,
82.0,S,,,,,,,,,,,,,2.0,,CCC,0.0,S,,,,,,,,,,,,,,,,,,,,,,,,,,,,,,,,,,,,,,,,,,,,,,,,,,,,,,,,,,,,,,,,,,,,,,,,,,,,,,,,,,,
83.0,S,,,,,,,,,,,,,2.0,,CCC,0.0,S,,,,,,,,,,,,,,,,,,,,,,,,,,,,,,,,,,,,,,,,,,,,,,,,,,,,,,,,,,,,,,,,,,,,,,,,,,,,,,,,,,,
84.0,S,,,,,,,,,,,,,2.0,,CCC,0.0,S,,,,,,,,,,,,,,,,,,,,,,,,,,,,,,,,,,,,,,,,,,,,,,,,,,,,,,,,,,,,,,,,,,,,,,,,,,,,,,,,,,,
85.0,K,,,M,-40.0,KO,Return,,,,,,,3.0,,CCC,0.0,K,,,,,,,,,,,,,,,,,,,,,,,,,,,,,,,,,,,,,,,,,,,,,,,,,,,,,,,,,,,,,,,,,,,,,,,,,,,,,,,,,,,
86.0,D,1.0,10.0,L,-25.0,Run,Penalty,IOWA BLACK,,R,,,,3.0,-8.0,CCC,-8.0,D,,,,,,,,,,,,,,,,,,,,,,,,,,,,,,,,,,,,,,,,,,,,,,,,,,,,,,,,,,,,,,,,,,,,,,,,,,,,,,,,,,,
87.0,D,2.0,18.0,L,-17.0,Pass,Penalty,IOWA BLACK,,R,,,,3.0,15.0,CCC,15.0,D,,,,,,,,,,,,,,,,,,,,,,,,,,,,,,,,,,,,,,,,,,,,,,,,,,,,,,,,,,,,,,,,,,,,,,,,,,,,,,,,,,,
88.0,S,,,,,,,,,,,,,3.0,,CCC,0.0,S,,,,,,,,,,,,,,,,,,,,,,,,,,,,,,,,,,,,,,,,,,,,,,,,,,,,,,,,,,,,,,,,,,,,,,,,,,,,,,,,,,,
89.0,D,2.0,3.0,M,-32.0,Pass,Incomplete,IOWA BLACK,,R,,,,3.0,0.0,CCC,0.0,D,,,,,,,,,,,,,,,,,,,,,,,,,,,,,,,,,,,,,,,,,,,,,,,,,,,,,,,,,,,,,,,,,,,,,,,,,,,,,,,,,,,
90.0,D,3.0,3.0,R,-32.0,,Penalty,,,,,,,3.0,-5.0,CCC,-5.0,D,,,,,,,,,,,,,,,,,,,,,,,,,,,,,,,,,,,,,,,,,,,,,,,,,,,,,,,,,,,,,,,,,,,,,,,,,,,,,,,,,,,
91.0,D,3.0,8.0,R,-27.0,Pass,Incomplete,IOWA BLACK,,L,,,,3.0,0.0,CCC,0.0,D,,,,,,,,,,,,,,,,,,,,,,,,,,,,,,,,,,,,,,,,,,,,,,,,,,,,,,,,,,,,,,,,,,,,,,,,,,,,,,,,,,,
92.0,D,4.0,8.0,R,-27.0,Run,Rush,,,R,,,,3.0,-25.0,CCC,-25.0,D,,,,,,,,,,,,,,,,,,,,,,,,,,,,,,,,,,,,,,,,,,,,,,,,,,,,,,,,,,,,,,,,,,,,,,,,,,,,,,,,,,,
93.0,O,1.0,2.0,L,2.0,Run,"Rush, TD",Wyoming brown,DUO RIGHT,R,,,,3.0,2.0,CCC,2.0,O,,,,,,,,,,,,,,,,,,,,,,,,,,,,,,,,,,,,,,,,,,,,,,,,,,,,,,,,,,,,,,,,,,,,,,,,,,,,,,,,,,,
94.0,K,,,M,3.0,Extra Pt.,Good,,,,,,,3.0,,CCC,0.0,K,,,,,,,,,,,,,,,,,,,,,,,,,,,,,,,,,,,,,,,,,,,,,,,,,,,,,,,,,,,,,,,,,,,,,,,,,,,,,,,,,,,
95.0,K,,,M,-40.0,KO,Return,,,,,,,3.0,,CCC,0.0,K,,,,,,,,,,,,,,,,,,,,,,,,,,,,,,,,,,,,,,,,,,,,,,,,,,,,,,,,,,,,,,,,,,,,,,,,,,,,,,,,,,,
96.0,D,1.0,10.0,L,-33.0,Pass,Complete,IOWA BLACK,,L,,,,3.0,7.0,CCC,7.0,D,,,,,,,,,,,,,,,,,,,,,,,,,,,,,,,,,,,,,,,,,,,,,,,,,,,,,,,,,,,,,,,,,,,,,,,,,,,,,,,,,,,
97.0,D,2.0,3.0,L,-40.0,Pass,Incomplete,IOWA BLACK,,R,,,,3.0,0.0,CCC,0.0,D,,,,,,,,,,,,,,,,,,,,,,,,,,,,,,,,,,,,,,,,,,,,,,,,,,,,,,,,,,,,,,,,,,,,,,,,,,,,,,,,,,,
98.0,D,3.0,3.0,L,-40.0,Run,Rush,IOWA BLACK,,L,,,,3.0,11.0,CCC,11.0,D,,,,,,,,,,,,,,,,,,,,,,,,,,,,,,,,,,,,,,,,,,,,,,,,,,,,,,,,,,,,,,,,,,,,,,,,,,,,,,,,,,,
99.0,S,,,,,,,,,,,,,3.0,,CCC,0.0,S,,,,,,,,,,,,,,,,,,,,,,,,,,,,,,,,,,,,,,,,,,,,,,,,,,,,,,,,,,,,,,,,,,,,,,,,,,,,,,,,,,,
100.0,D,1.0,10.0,L,49.0,Pass,Complete,IOWA BLACK,,R,,,,3.0,8.0,CCC,8.0,D,,,,,,,,,,,,,,,,,,,,,,,,,,,,,,,,,,,,,,,,,,,,,,,,,,,,,,,,,,,,,,,,,,,,,,,,,,,,,,,,,,,
101.0,D,2.0,2.0,R,41.0,Pass,Complete,IOWA BLACK,,L,,,,3.0,6.0,CCC,6.0,D,,,,,,,,,,,,,,,,,,,,,,,,,,,,,,,,,,,,,,,,,,,,,,,,,,,,,,,,,,,,,,,,,,,,,,,,,,,,,,,,,,,
102.0,S,,,,,,,,,,,,,3.0,,CCC,0.0,S,,,,,,,,,,,,,,,,,,,,,,,,,,,,,,,,,,,,,,,,,,,,,,,,,,,,,,,,,,,,,,,,,,,,,,,,,,,,,,,,,,,
103.0,D,1.0,10.0,L,35.0,Pass,Complete,IOWA BLACK,,R,,,,3.0,34.0,CCC,34.0,D,,,,,,,,,,,,,,,,,,,,,,,,,,,,,,,,,,,,,,,,,,,,,,,,,,,,,,,,,,,,,,,,,,,,,,,,,,,,,,,,,,,
104.0,S,,,,,,,,,,,,,3.0,,CCC,0.0,S,,,,,,,,,,,,,,,,,,,,,,,,,,,,,,,,,,,,,,,,,,,,,,,,,,,,,,,,,,,,,,,,,,,,,,,,,,,,,,,,,,,
105.0,D,1.0,1.0,R,1.0,Run,"Rush, TD",WISCONSIN RED,,R,,,,3.0,1.0,CCC,1.0,D,,,,,,,,,,,,,,,,,,,,,,,,,,,,,,,,,,,,,,,,,,,,,,,,,,,,,,,,,,,,,,,,,,,,,,,,,,,,,,,,,,,
106.0,K,,,M,3.0,2 Pt. Defend,No Good,,,L,,,,3.0,,CCC,0.0,K,,,,,,,,,,,,,,,,,,,,,,,,,,,,,,,,,,,,,,,,,,,,,,,,,,,,,,,,,,,,,,,,,,,,,,,,,,,,,,,,,,,
107.0,K,,,M,-40.0,Onside Kick,Return,TEXAS BROWN,,,,,,3.0,,CCC,0.0,K,,,,,,,,,,,,,,,,,,,,,,,,,,,,,,,,,,,,,,,,,,,,,,,,,,,,,,,,,,,,,,,,,,,,,,,,,,,,,,,,,,,
108.0,O,1.0,10.0,L,-48.0,Run,Rush,Wyoming brown,DUO RIGHT,R,,,,3.0,-3.0,CCC,-3.0,O,,,,,,,,,,,,,,,,,,,,,,,,,,,,,,,,,,,,,,,,,,,,,,,,,,,,,,,,,,,,,,,,,,,,,,,,,,,,,,,,,,,
109.0,O,2.0,13.0,R,-45.0,Pass,"Complete, TD",WISCONSIN RED,51 CADILLAC,L,,,,3.0,55.0,CCC,55.0,O,,,,,,,,,,,,,,,,,,,,,,,,,,,,,,,,,,,,,,,,,,,,,,,,,,,,,,,,,,,,,,,,,,,,,,,,,,,,,,,,,,,
110.0,K,,,M,3.0,Extra Pt.,Good,,,,,,,3.0,,CCC,0.0,K,,,,,,,,,,,,,,,,,,,,,,,,,,,,,,,,,,,,,,,,,,,,,,,,,,,,,,,,,,,,,,,,,,,,,,,,,,,,,,,,,,,
111.0,K,,,M,-40.0,KO,Return,,,,,,,3.0,,CCC,0.0,K,,,,,,,,,,,,,,,,,,,,,,,,,,,,,,,,,,,,,,,,,,,,,,,,,,,,,,,,,,,,,,,,,,,,,,,,,,,,,,,,,,,
112.0,D,1.0,10.0,M,-31.0,Pass,Complete,IOWA BLACK,,R,,,,3.0,0.0,CCC,0.0,D,,,,,,,,,,,,,,,,,,,,,,,,,,,,,,,,,,,,,,,,,,,,,,,,,,,,,,,,,,,,,,,,,,,,,,,,,,,,,,,,,,,
113.0,D,2.0,10.0,R,-31.0,Pass,Complete,IOWA BLACK,,L,,,,3.0,7.0,CCC,7.0,D,,,,,,,,,,,,,,,,,,,,,,,,,,,,,,,,,,,,,,,,,,,,,,,,,,,,,,,,,,,,,,,,,,,,,,,,,,,,,,,,,,,
114.0,D,3.0,3.0,L,-38.0,Pass,Penalty,IOWA BLACK,,R,,,,3.0,10.0,CCC,10.0,D,,,,,,,,,,,,,,,,,,,,,,,,,,,,,,,,,,,,,,,,,,,,,,,,,,,,,,,,,,,,,,,,,,,,,,,,,,,,,,,,,,,
115.0,S,,,,,,,,,,,,,3.0,,CCC,0.0,S,,,,,,,,,,,,,,,,,,,,,,,,,,,,,,,,,,,,,,,,,,,,,,,,,,,,,,,,,,,,,,,,,,,,,,,,,,,,,,,,,,,
116.0,D,1.0,10.0,M,-48.0,Pass,Incomplete,IOWA BLACK,,R,,,,3.0,0.0,CCC,0.0,D,,,,,,,,,,,,,,,,,,,,,,,,,,,,,,,,,,,,,,,,,,,,,,,,,,,,,,,,,,,,,,,,,,,,,,,,,,,,,,,,,,,
117.0,D,2.0,10.0,M,-48.0,Pass,Complete,IOWA BLACK,,L,,,,3.0,25.0,CCC,25.0,D,,,,,,,,,,,,,,,,,,,,,,,,,,,,,,,,,,,,,,,,,,,,,,,,,,,,,,,,,,,,,,,,,,,,,,,,,,,,,,,,,,,
118.0,D,1.0,10.0,L,27.0,Pass,Penalty,IOWA BLACK,,L,,,,3.0,10.0,CCC,10.0,D,,,,,,,,,,,,,,,,,,,,,,,,,,,,,,,,,,,,,,,,,,,,,,,,,,,,,,,,,,,,,,,,,,,,,,,,,,,,,,,,,,,
119.0,S,,,,,,,,,,,,,3.0,,CCC,0.0,S,,,,,,,,,,,,,,,,,,,,,,,,,,,,,,,,,,,,,,,,,,,,,,,,,,,,,,,,,,,,,,,,,,,,,,,,,,,,,,,,,,,
120.0,D,1.0,10.0,R,17.0,Pass,Complete,UTAH RED,,L,,,,3.0,-2.0,CCC,-2.0,D,,,,,,,,,,,,,,,,,,,,,,,,,,,,,,,,,,,,,,,,,,,,,,,,,,,,,,,,,,,,,,,,,,,,,,,,,,,,,,,,,,,
121.0,D,2.0,12.0,R,19.0,Pass,Complete,IOWA BLACK,,L,,,,3.0,0.0,CCC,0.0,D,,,,,,,,,,,,,,,,,,,,,,,,,,,,,,,,,,,,,,,,,,,,,,,,,,,,,,,,,,,,,,,,,,,,,,,,,,,,,,,,,,,
122.0,D,3.0,12.0,R,19.0,Pass,Complete,IOWA BLACK,,L,,,,3.0,14.0,CCC,14.0,D,,,,,,,,,,,,,,,,,,,,,,,,,,,,,,,,,,,,,,,,,,,,,,,,,,,,,,,,,,,,,,,,,,,,,,,,,,,,,,,,,,,
123.0,D,1.0,5.0,L,5.0,Run,"Rush, TD",IOWA BLACK,,L,,,,3.0,5.0,CCC,5.0,D,,,,,,,,,,,,,,,,,,,,,,,,,,,,,,,,,,,,,,,,,,,,,,,,,,,,,,,,,,,,,,,,,,,,,,,,,,,,,,,,,,,
124.0,K,,,M,3.0,2 Pt. Defend,No Good,,,L,,,,3.0,,CCC,0.0,K,,,,,,,,,,,,,,,,,,,,,,,,,,,,,,,,,,,,,,,,,,,,,,,,,,,,,,,,,,,,,,,,,,,,,,,,,,,,,,,,,,,
125.0,K,,,M,-40.0,Onside Kick,Return,,,,,,,3.0,,CCC,0.0,K,,,,,,,,,,,,,,,,,,,,,,,,,,,,,,,,,,,,,,,,,,,,,,,,,,,,,,,,,,,,,,,,,,,,,,,,,,,,,,,,,,,
126.0,O,1.0,10.0,R,-49.0,Run,Rush,WISCONSIN RED,H AROUND,L,,,,3.0,-1.0,CCC,-1.0,O,,,,,,,,,,,,,,,,,,,,,,,,,,,,,,,,,,,,,,,,,,,,,,,,,,,,,,,,,,,,,,,,,,,,,,,,,,,,,,,,,,,
127.0,O,2.0,11.0,M,-48.0,Pass,Complete,WYOMING GOLD,81 Z COMEBACK,L,,,,3.0,12.0,CCC,12.0,O,,,,,,,,,,,,,,,,,,,,,,,,,,,,,,,,,,,,,,,,,,,,,,,,,,,,,,,,,,,,,,,,,,,,,,,,,,,,,,,,,,,
128.0,O,1.0,10.0,L,40.0,Run,Penalty,WISCONSIN RED,,R,,,,3.0,-10.0,CCC,-10.0,O,,,,,,,,,,,,,,,,,,,,,,,,,,,,,,,,,,,,,,,,,,,,,,,,,,,,,,,,,,,,,,,,,,,,,,,,,,,,,,,,,,,
129.0,O,1.0,20.0,M,50.0,,Timeout,,,,,,,3.0,0.0,CCC,0.0,O,,,,,,,,,,,,,,,,,,,,,,,,,,,,,,,,,,,,,,,,,,,,,,,,,,,,,,,,,,,,,,,,,,,,,,,,,,,,,,,,,,,
130.0,O,1.0,20.0,M,50.0,Pass,Incomplete,IOWA BLACK,61 H OVER,R,,,,4.0,0.0,CCC,0.0,O,,,,,,,,,,,,,,,,,,,,,,,,,,,,,,,,,,,,,,,,,,,,,,,,,,,,,,,,,,,,,,,,,,,,,,,,,,,,,,,,,,,
131.0,O,2.0,20.0,M,50.0,Pass,Complete,FLA ORANGE T LT,81 Z COMEBACK,L,,,,4.0,10.0,CCC,10.0,O,,,,,,,,,,,,,,,,,,,,,,,,,,,,,,,,,,,,,,,,,,,,,,,,,,,,,,,,,,,,,,,,,,,,,,,,,,,,,,,,,,,
132.0,O,3.0,10.0,L,40.0,Pass,Complete,FLA. BLUE,80 Z COMEBACK,R,,,,4.0,16.0,CCC,16.0,O,,,,,,,,,,,,,,,,,,,,,,,,,,,,,,,,,,,,,,,,,,,,,,,,,,,,,,,,,,,,,,,,,,,,,,,,,,,,,,,,,,,
133.0,O,1.0,10.0,R,24.0,Run,Rush,WYOMING GOLD,DUO LEFT,L,,,,4.0,1.0,CCC,1.0,O,,,,,,,,,,,,,,,,,,,,,,,,,,,,,,,,,,,,,,,,,,,,,,,,,,,,,,,,,,,,,,,,,,,,,,,,,,,,,,,,,,,
134.0,O,2.0,9.0,R,23.0,Pass,Incomplete,Twins Split,DUO RIGHT SLOW,R,,,,4.0,0.0,CCC,0.0,O,,,,,,,,,,,,,,,,,,,,,,,,,,,,,,,,,,,,,,,,,,,,,,,,,,,,,,,,,,,,,,,,,,,,,,,,,,,,,,,,,,,
135.0,O,3.0,9.0,R,23.0,Run,Rush,Wyoming brown,,L,,,,4.0,11.0,CCC,11.0,O,,,,,,,,,,,,,,,,,,,,,,,,,,,,,,,,,,,,,,,,,,,,,,,,,,,,,,,,,,,,,,,,,,,,,,,,,,,,,,,,,,,
136.0,O,1.0,10.0,L,12.0,,Timeout,,,L,,,,4.0,0.0,CCC,0.0,O,,,,,,,,,,,,,,,,,,,,,,,,,,,,,,,,,,,,,,,,,,,,,,,,,,,,,,,,,,,,,,,,,,,,,,,,,,,,,,,,,,,
137.0,O,1.0,10.0,L,12.0,Pass,Sack,Wyoming brown,,R,,,,4.0,-8.0,CCC,-8.0,O,,,,,,,,,,,,,,,,,,,,,,,,,,,,,,,,,,,,,,,,,,,,,,,,,,,,,,,,,,,,,,,,,,,,,,,,,,,,,,,,,,,
138.0,O,2.0,18.0,M,20.0,Pass,Complete,WISCONSIN RED,50 DODGE,R,,,,4.0,8.0,CCC,8.0,O,,,,,,,,,,,,,,,,,,,,,,,,,,,,,,,,,,,,,,,,,,,,,,,,,,,,,,,,,,,,,,,,,,,,,,,,,,,,,,,,,,,
139.0,O,3.0,10.0,R,12.0,Pass,Incomplete,IOWA BLACK,,R,,,,4.0,0.0,CCC,0.0,O,,,,,,,,,,,,,,,,,,,,,,,,,,,,,,,,,,,,,,,,,,,,,,,,,,,,,,,,,,,,,,,,,,,,,,,,,,,,,,,,,,,
140.0,K,4.0,10.0,R,12.0,FG,Good,,,,,,,4.0,,CCC,0.0,K,,,,,,,,,,,,,,,,,,,,,,,,,,,,,,,,,,,,,,,,,,,,,,,,,,,,,,,,,,,,,,,,,,,,,,,,,,,,,,,,,,,
141.0,K,,,M,-40.0,KO,Return,,,,,,,4.0,,CCC,0.0,K,,,,,,,,,,,,,,,,,,,,,,,,,,,,,,,,,,,,,,,,,,,,,,,,,,,,,,,,,,,,,,,,,,,,,,,,,,,,,,,,,,,
142.0,D,1.0,10.0,L,-34.0,Pass,Incomplete,IOWA BLACK,,R,,,,4.0,0.0,CCC,0.0,D,,,,,,,,,,,,,,,,,,,,,,,,,,,,,,,,,,,,,,,,,,,,,,,,,,,,,,,,,,,,,,,,,,,,,,,,,,,,,,,,,,,
143.0,D,2.0,10.0,L,-34.0,Run,Rush,IOWA BLACK,,R,,,,4.0,-7.0,CCC,-7.0,D,,,,,,,,,,,,,,,,,,,,,,,,,,,,,,,,,,,,,,,,,,,,,,,,,,,,,,,,,,,,,,,,,,,,,,,,,,,,,,,,,,,
144.0,D,3.0,17.0,R,-27.0,Pass,Complete,IOWA BLACK,,R,,,,4.0,8.0,CCC,8.0,D,,,,,,,,,,,,,,,,,,,,,,,,,,,,,,,,,,,,,,,,,,,,,,,,,,,,,,,,,,,,,,,,,,,,,,,,,,,,,,,,,,,
145.0,D,4.0,9.0,R,-35.0,Pass,Penalty,IOWA BLACK,,R,,,,4.0,6.0,CCC,6.0,D,,,,,,,,,,,,,,,,,,,,,,,,,,,,,,,,,,,,,,,,,,,,,,,,,,,,,,,,,,,,,,,,,,,,,,,,,,,,,,,,,,,
146.0,O,1.0,10.0,L,41.0,Run,Rush,Wyoming brown,DUO RIGHT,R,,,,4.0,6.0,CCC,6.0,O,,,,,,,,,,,,,,,,,,,,,,,,,,,,,,,,,,,,,,,,,,,,,,,,,,,,,,,,,,,,,,,,,,,,,,,,,,,,,,,,,,,
147.0,O,2.0,4.0,L,35.0,Run,Rush,Twins Split,,R,,,,4.0,3.0,CCC,3.0,O,,,,,,,,,,,,,,,,,,,,,,,,,,,,,,,,,,,,,,,,,,,,,,,,,,,,,,,,,,,,,,,,,,,,,,,,,,,,,,,,,,,
148.0,O,3.0,1.0,L,32.0,Pass,Complete,Twins Split,,R,,,,4.0,15.0,CCC,15.0,O,,,,,,,,,,,,,,,,,,,,,,,,,,,,,,,,,,,,,,,,,,,,,,,,,,,,,,,,,,,,,,,,,,,,,,,,,,,,,,,,,,,
149.0,O,1.0,10.0,R,17.0,Run,Rush,WISCONSIN WHITE PISTOL,ISO RIGHT,R,,,,4.0,2.0,CCC,2.0,O,,,,,,,,,,,,,,,,,,,,,,,,,,,,,,,,,,,,,,,,,,,,,,,,,,,,,,,,,,,,,,,,,,,,,,,,,,,,,,,,,,,
150.0,O,2.0,8.0,R,15.0,Pass,"Complete, TD",Twins Split,,R,,,,4.0,15.0,CCC,15.0,O,,,,,,,,,,,,,,,,,,,,,,,,,,,,,,,,,,,,,,,,,,,,,,,,,,,,,,,,,,,,,,,,,,,,,,,,,,,,,,,,,,,
151.0,K,,,M,3.0,Extra Pt.,Good,,,,,,,4.0,,CCC,0.0,K,,,,,,,,,,,,,,,,,,,,,,,,,,,,,,,,,,,,,,,,,,,,,,,,,,,,,,,,,,,,,,,,,,,,,,,,,,,,,,,,,,,
152.0,K,,,M,-40.0,KO,Return,,,,,,,4.0,,CCC,0.0,K,,,,,,,,,,,,,,,,,,,,,,,,,,,,,,,,,,,,,,,,,,,,,,,,,,,,,,,,,,,,,,,,,,,,,,,,,,,,,,,,,,,
153.0,D,1.0,10.0,L,45.0,Pass,Complete,IOWA BLACK,,R,,,,4.0,9.0,CCC,9.0,D,,,,,,,,,,,,,,,,,,,,,,,,,,,,,,,,,,,,,,,,,,,,,,,,,,,,,,,,,,,,,,,,,,,,,,,,,,,,,,,,,,,
154.0,D,2.0,1.0,R,36.0,Pass,Interception,IOWA BLACK,,R,,,,4.0,,CCC,0.0,D,,,,,,,,,,,,,,,,,,,,,,,,,,,,,,,,,,,,,,,,,,,,,,,,,,,,,,,,,,,,,,,,,,,,,,,,,,,,,,,,,,,
155.0,O,1.0,10.0,L,-5.0,Run,Rush,OREGON GREEN,,R,,,,4.0,-2.0,CCC,-2.0,O,,,,,,,,,,,,,,,,,,,,,,,,,,,,,,,,,,,,,,,,,,,,,,,,,,,,,,,,,,,,,,,,,,,,,,,,,,,,,,,,,,,
156.0,O,2.0,12.0,R,-3.0,,Timeout,,,,,,,4.0,0.0,CCC,0.0,O,,,,,,,,,,,,,,,,,,,,,,,,,,,,,,,,,,,,,,,,,,,,,,,,,,,,,,,,,,,,,,,,,,,,,,,,,,,,,,,,,,,
157.0,O,2.0,12.0,R,-3.0,Run,Rush,WISCONSIN RED,,L,,,,4.0,22.0,CCC,22.0,O,,,,,,,,,,,,,,,,,,,,,,,,,,,,,,,,,,,,,,,,,,,,,,,,,,,,,,,,,,,,,,,,,,,,,,,,,,,,,,,,,,,
158.0,O,1.0,10.0,R,-25.0,Run,Rush,DBL Slot,,L,,,,4.0,2.0,CCC,2.0,O,,,,,,,,,,,,,,,,,,,,,,,,,,,,,,,,,,,,,,,,,,,,,,,,,,,,,,,,,,,,,,,,,,,,,,,,,,,,,,,,,,,
159.0,O,2.0,8.0,M,-27.0,Run,Rush,Twins Split,,R,,,,4.0,2.0,CCC,2.0,O,,,,,,,,,,,,,,,,,,,,,,,,,,,,,,,,,,,,,,,,,,,,,,,,,,,,,,,,,,,,,,,,,,,,,,,,,,,,,,,,,,,
160.0,O,3.0,6.0,M,-29.0,Run,Rush,Twins Split,,R,,,,4.0,5.0,CCC,5.0,O,,,,,,,,,,,,,,,,,,,,,,,,,,,,,,,,,,,,,,,,,,,,,,,,,,,,,,,,,,,,,,,,,,,,,,,,,,,,,,,,,,,
1.0,S,,,,,,,,,,,,,1.0,,Bedford,0.0,S,,,,,,,,,,,,,,,,,,,,,,,,,,,,,,,,,,,,,,,,,,,,,,,,,,,,,,,,,,,,,,,,,,,,,,,,,,,,,,,,,,,
2.0,S,,,,,,,,,,,,,1.0,,Bedford,0.0,S,,,,,,,,,,,,,,,,,,,,,,,,,,,,,,,,,,,,,,,,,,,,,,,,,,,,,,,,,,,,,,,,,,,,,,,,,,,,,,,,,,,
3.0,S,,,,,,,,,,,,,1.0,,Bedford,0.0,S,,,,,,,,,,,,,,,,,,,,,,,,,,,,,,,,,,,,,,,,,,,,,,,,,,,,,,,,,,,,,,,,,,,,,,,,,,,,,,,,,,,
4.0,K,,,M,-40.0,KO Rec,Return,,,,,,,1.0,,Bedford,0.0,K,,,,,,,,,,,,,,,,,,,,,,,,,,,,,,,,,,,,,,,,,,,,,,,,,,,,,,,,,,,,,,,,,,,,,,,,,,,,,,,,,,,
5.0,S,,,,,,,,,,,,,1.0,,Bedford,0.0,S,,,,,,,,,,,,,,,,,,,,,,,,,,,,,,,,,,,,,,,,,,,,,,,,,,,,,,,,,,,,,,,,,,,,,,,,,,,,,,,,,,,
6.0,S,,,,,,,,,,,,,1.0,,Bedford,0.0,S,,,,,,,,,,,,,,,,,,,,,,,,,,,,,,,,,,,,,,,,,,,,,,,,,,,,,,,,,,,,,,,,,,,,,,,,,,,,,,,,,,,
7.0,O,1.0,10.0,L,-30.0,Run,Rush,WISCONSIN RED,,L,,,,1.0,-10.0,Bedford,-10.0,O,,,,,,,,,,,,,,,,,,,,,,,,,,,,,,,,,,,,,,,,,,,,,,,,,,,,,,,,,,,,,,,,,,,,,,,,,,,,,,,,,,,
8.0,O,2.0,20.0,L,-20.0,Run,"Rush, TD",Wyoming brown,,R,,,,1.0,80.0,Bedford,80.0,O,,,,,,,,,,,,,,,,,,,,,,,,,,,,,,,,,,,,,,,,,,,,,,,,,,,,,,,,,,,,,,,,,,,,,,,,,,,,,,,,,,,
9.0,K,,,M,3.0,Extra Pt.,Good,,,,,,,1.0,,Bedford,0.0,K,,,,,,,,,,,,,,,,,,,,,,,,,,,,,,,,,,,,,,,,,,,,,,,,,,,,,,,,,,,,,,,,,,,,,,,,,,,,,,,,,,,
10.0,K,,,M,-40.0,KO,Return,TEXAS BROWN,,,,,,1.0,,Bedford,0.0,K,,,,,,,,,,,,,,,,,,,,,,,,,,,,,,,,,,,,,,,,,,,,,,,,,,,,,,,,,,,,,,,,,,,,,,,,,,,,,,,,,,,
11.0,D,1.0,10.0,L,-29.0,Run,Rush,FLA. BLUE,,R,,,,1.0,9.0,Bedford,9.0,D,,,,,,,,,,,,,,,,,,,,,,,,,,,,,,,,,,,,,,,,,,,,,,,,,,,,,,,,,,,,,,,,,,,,,,,,,,,,,,,,,,,
12.0,D,2.0,1.0,M,-38.0,Run,Rush,FLA. BLUE,,L,,,,1.0,6.0,Bedford,6.0,D,,,,,,,,,,,,,,,,,,,,,,,,,,,,,,,,,,,,,,,,,,,,,,,,,,,,,,,,,,,,,,,,,,,,,,,,,,,,,,,,,,,
13.0,D,1.0,10.0,L,-44.0,Run,Rush,FLA. BLUE,,R,,,,1.0,4.0,Bedford,4.0,D,,,,,,,,,,,,,,,,,,,,,,,,,,,,,,,,,,,,,,,,,,,,,,,,,,,,,,,,,,,,,,,,,,,,,,,,,,,,,,,,,,,
14.0,D,2.0,6.0,L,-48.0,Run,Rush,FLA. BLUE,,L,,,,1.0,2.0,Bedford,2.0,D,,,,,,,,,,,,,,,,,,,,,,,,,,,,,,,,,,,,,,,,,,,,,,,,,,,,,,,,,,,,,,,,,,,,,,,,,,,,,,,,,,,
15.0,D,3.0,4.0,L,50.0,Run,Rush,FLA. BLUE,,R,,,,1.0,-6.0,Bedford,-6.0,D,,,,,,,,,,,,,,,,,,,,,,,,,,,,,,,,,,,,,,,,,,,,,,,,,,,,,,,,,,,,,,,,,,,,,,,,,,,,,,,,,,,
16.0,K,4.0,10.0,M,-44.0,Punt Rec,Downed,,,,,,,1.0,,Bedford,0.0,K,,,,,,,,,,,,,,,,,,,,,,,,,,,,,,,,,,,,,,,,,,,,,,,,,,,,,,,,,,,,,,,,,,,,,,,,,,,,,,,,,,,
17.0,O,1.0,10.0,R,-43.0,Pass,Incomplete,IOWA BLACK,,L,,,,1.0,0.0,Bedford,0.0,O,,,,,,,,,,,,,,,,,,,,,,,,,,,,,,,,,,,,,,,,,,,,,,,,,,,,,,,,,,,,,,,,,,,,,,,,,,,,,,,,,,,
18.0,O,2.0,10.0,R,-43.0,Run,Rush,Twins Split,,R,,,,1.0,-10.0,Bedford,-10.0,O,,,,,,,,,,,,,,,,,,,,,,,,,,,,,,,,,,,,,,,,,,,,,,,,,,,,,,,,,,,,,,,,,,,,,,,,,,,,,,,,,,,
19.0,O,3.0,20.0,R,-33.0,Pass,Penalty,FLA. BLUE,,L,,,,1.0,-15.0,Bedford,-15.0,O,,,,,,,,,,,,,,,,,,,,,,,,,,,,,,,,,,,,,,,,,,,,,,,,,,,,,,,,,,,,,,,,,,,,,,,,,,,,,,,,,,,
20.0,S,,,,,,,,,,,,,1.0,,Bedford,0.0,S,,,,,,,,,,,,,,,,,,,,,,,,,,,,,,,,,,,,,,,,,,,,,,,,,,,,,,,,,,,,,,,,,,,,,,,,,,,,,,,,,,,
21.0,O,2.0,10.0,R,-18.0,Run,Rush,IOWA BLACK,,R,,,,1.0,0.0,Bedford,0.0,O,,,,,,,,,,,,,,,,,,,,,,,,,,,,,,,,,,,,,,,,,,,,,,,,,,,,,,,,,,,,,,,,,,,,,,,,,,,,,,,,,,,
22.0,O,3.0,10.0,M,-18.0,Pass,Complete,FLA. BLUE,,R,,,,1.0,4.0,Bedford,4.0,O,,,,,,,,,,,,,,,,,,,,,,,,,,,,,,,,,,,,,,,,,,,,,,,,,,,,,,,,,,,,,,,,,,,,,,,,,,,,,,,,,,,
23.0,K,4.0,6.0,R,-22.0,Punt,Downed,,,,,,,1.0,,Bedford,0.0,K,,,,,,,,,,,,,,,,,,,,,,,,,,,,,,,,,,,,,,,,,,,,,,,,,,,,,,,,,,,,,,,,,,,,,,,,,,,,,,,,,,,
24.0,D,1.0,10.0,R,49.0,Run,Penalty,FLA. BLUE,,R,,,,1.0,-10.0,Bedford,-10.0,D,,,,,,,,,,,,,,,,,,,,,,,,,,,,,,,,,,,,,,,,,,,,,,,,,,,,,,,,,,,,,,,,,,,,,,,,,,,,,,,,,,,
25.0,D,1.0,20.0,M,-41.0,Pass,Incomplete,FLA. BLUE,,L,,,,1.0,0.0,Bedford,0.0,D,,,,,,,,,,,,,,,,,,,,,,,,,,,,,,,,,,,,,,,,,,,,,,,,,,,,,,,,,,,,,,,,,,,,,,,,,,,,,,,,,,,
26.0,D,2.0,20.0,M,-41.0,Pass,Sack,FLA. BLUE,,R,,,,1.0,-13.0,Bedford,-13.0,D,,,,,,,,,,,,,,,,,,,,,,,,,,,,,,,,,,,,,,,,,,,,,,,,,,,,,,,,,,,,,,,,,,,,,,,,,,,,,,,,,,,
27.0,D,3.0,33.0,M,-28.0,Run,Rush,FLA. BLUE,,R,,,,1.0,-4.0,Bedford,-4.0,D,,,,,,,,,,,,,,,,,,,,,,,,,,,,,,,,,,,,,,,,,,,,,,,,,,,,,,,,,,,,,,,,,,,,,,,,,,,,,,,,,,,
28.0,K,4.0,37.0,R,-24.0,Punt Rec,Return,,,,,,,1.0,,Bedford,0.0,K,,,,,,,,,,,,,,,,,,,,,,,,,,,,,,,,,,,,,,,,,,,,,,,,,,,,,,,,,,,,,,,,,,,,,,,,,,,,,,,,,,,
29.0,O,1.0,10.0,L,-44.0,Run,Rush,Twins Split,,R,,,,1.0,0.0,Bedford,0.0,O,,,,,,,,,,,,,,,,,,,,,,,,,,,,,,,,,,,,,,,,,,,,,,,,,,,,,,,,,,,,,,,,,,,,,,,,,,,,,,,,,,,
30.0,O,2.0,10.0,M,-44.0,Run,Rush,Wyoming brown,,L,,,,1.0,-3.0,Bedford,-3.0,O,,,,,,,,,,,,,,,,,,,,,,,,,,,,,,,,,,,,,,,,,,,,,,,,,,,,,,,,,,,,,,,,,,,,,,,,,,,,,,,,,,,
31.0,O,3.0,13.0,M,-41.0,Run,Rush,,,R,,,,1.0,0.0,Bedford,0.0,O,,,,,,,,,,,,,,,,,,,,,,,,,,,,,,,,,,,,,,,,,,,,,,,,,,,,,,,,,,,,,,,,,,,,,,,,,,,,,,,,,,,
32.0,K,4.0,13.0,R,-41.0,Punt,Downed,,,,,,,1.0,,Bedford,0.0,K,,,,,,,,,,,,,,,,,,,,,,,,,,,,,,,,,,,,,,,,,,,,,,,,,,,,,,,,,,,,,,,,,,,,,,,,,,,,,,,,,,,
33.0,D,1.0,10.0,R,-25.0,Run,Rush,DBL Slot,,L,,,,1.0,1.0,Bedford,1.0,D,,,,,,,,,,,,,,,,,,,,,,,,,,,,,,,,,,,,,,,,,,,,,,,,,,,,,,,,,,,,,,,,,,,,,,,,,,,,,,,,,,,
34.0,D,2.0,9.0,L,-26.0,Run,Rush,DBL Slot,,L,,,,1.0,4.0,Bedford,4.0,D,,,,,,,,,,,,,,,,,,,,,,,,,,,,,,,,,,,,,,,,,,,,,,,,,,,,,,,,,,,,,,,,,,,,,,,,,,,,,,,,,,,
35.0,D,3.0,5.0,L,-30.0,Run,Rush,FLA. BLUE,,L,,,,1.0,0.0,Bedford,0.0,D,,,,,,,,,,,,,,,,,,,,,,,,,,,,,,,,,,,,,,,,,,,,,,,,,,,,,,,,,,,,,,,,,,,,,,,,,,,,,,,,,,,
36.0,K,4.0,5.0,L,-30.0,Punt Rec,Return,,,,,,,2.0,,Bedford,0.0,K,,,,,,,,,,,,,,,,,,,,,,,,,,,,,,,,,,,,,,,,,,,,,,,,,,,,,,,,,,,,,,,,,,,,,,,,,,,,,,,,,,,
37.0,O,1.0,10.0,M,-38.0,Pass,Complete,Wyoming brown,,R,,,,2.0,3.0,Bedford,3.0,O,,,,,,,,,,,,,,,,,,,,,,,,,,,,,,,,,,,,,,,,,,,,,,,,,,,,,,,,,,,,,,,,,,,,,,,,,,,,,,,,,,,
38.0,O,2.0,7.0,R,-41.0,Pass,Incomplete,Twins Split,,L,,,,2.0,0.0,Bedford,0.0,O,,,,,,,,,,,,,,,,,,,,,,,,,,,,,,,,,,,,,,,,,,,,,,,,,,,,,,,,,,,,,,,,,,,,,,,,,,,,,,,,,,,
39.0,S,,,,,,,,,,,,,2.0,,Bedford,0.0,S,,,,,,,,,,,,,,,,,,,,,,,,,,,,,,,,,,,,,,,,,,,,,,,,,,,,,,,,,,,,,,,,,,,,,,,,,,,,,,,,,,,
40.0,O,3.0,7.0,R,-41.0,Pass,Incomplete,IOWA BLACK,,R,,,,2.0,0.0,Bedford,0.0,O,,,,,,,,,,,,,,,,,,,,,,,,,,,,,,,,,,,,,,,,,,,,,,,,,,,,,,,,,,,,,,,,,,,,,,,,,,,,,,,,,,,
41.0,K,4.0,7.0,R,-41.0,Punt,Downed,,,,,,,2.0,,Bedford,0.0,K,,,,,,,,,,,,,,,,,,,,,,,,,,,,,,,,,,,,,,,,,,,,,,,,,,,,,,,,,,,,,,,,,,,,,,,,,,,,,,,,,,,
42.0,D,1.0,10.0,M,-15.0,Run,Rush,DBL Slot,,L,,,,2.0,7.0,Bedford,7.0,D,,,,,,,,,,,,,,,,,,,,,,,,,,,,,,,,,,,,,,,,,,,,,,,,,,,,,,,,,,,,,,,,,,,,,,,,,,,,,,,,,,,
43.0,D,2.0,3.0,L,-22.0,Run,Rush,DBL Slot,,R,,,,2.0,13.0,Bedford,13.0,D,,,,,,,,,,,,,,,,,,,,,,,,,,,,,,,,,,,,,,,,,,,,,,,,,,,,,,,,,,,,,,,,,,,,,,,,,,,,,,,,,,,
44.0,D,1.0,10.0,R,-35.0,Run,Rush,DBL Slot,,R,,,,2.0,3.0,Bedford,3.0,D,,,,,,,,,,,,,,,,,,,,,,,,,,,,,,,,,,,,,,,,,,,,,,,,,,,,,,,,,,,,,,,,,,,,,,,,,,,,,,,,,,,
45.0,D,2.0,7.0,R,-38.0,Pass,Sack,DBL Slot,,R,,,,2.0,3.0,Bedford,3.0,D,,,,,,,,,,,,,,,,,,,,,,,,,,,,,,,,,,,,,,,,,,,,,,,,,,,,,,,,,,,,,,,,,,,,,,,,,,,,,,,,,,,
46.0,D,3.0,4.0,R,-41.0,Run,Rush,DBL Slot,,L,,,,2.0,-3.0,Bedford,-3.0,D,,,,,,,,,,,,,,,,,,,,,,,,,,,,,,,,,,,,,,,,,,,,,,,,,,,,,,,,,,,,,,,,,,,,,,,,,,,,,,,,,,,
47.0,S,,,,,,,,,,,,,2.0,,Bedford,0.0,S,,,,,,,,,,,,,,,,,,,,,,,,,,,,,,,,,,,,,,,,,,,,,,,,,,,,,,,,,,,,,,,,,,,,,,,,,,,,,,,,,,,
48.0,K,4.0,7.0,L,-38.0,Punt Rec,Return,,,,,,,2.0,,Bedford,0.0,K,,,,,,,,,,,,,,,,,,,,,,,,,,,,,,,,,,,,,,,,,,,,,,,,,,,,,,,,,,,,,,,,,,,,,,,,,,,,,,,,,,,
49.0,O,1.0,10.0,R,-45.0,Pass,Complete,WISCONSIN RED,,R,,,,2.0,15.0,Bedford,15.0,O,,,,,,,,,,,,,,,,,,,,,,,,,,,,,,,,,,,,,,,,,,,,,,,,,,,,,,,,,,,,,,,,,,,,,,,,,,,,,,,,,,,
50.0,S,,,,,,,,,,,,,2.0,,Bedford,0.0,S,,,,,,,,,,,,,,,,,,,,,,,,,,,,,,,,,,,,,,,,,,,,,,,,,,,,,,,,,,,,,,,,,,,,,,,,,,,,,,,,,,,
51.0,O,1.0,10.0,R,40.0,Pass,Incomplete,Wyoming brown,,R,,,,2.0,0.0,Bedford,0.0,O,,,,,,,,,,,,,,,,,,,,,,,,,,,,,,,,,,,,,,,,,,,,,,,,,,,,,,,,,,,,,,,,,,,,,,,,,,,,,,,,,,,
52.0,O,2.0,10.0,R,40.0,Run,Rush,Wyoming brown,,L,,,,2.0,12.0,Bedford,12.0,O,,,,,,,,,,,,,,,,,,,,,,,,,,,,,,,,,,,,,,,,,,,,,,,,,,,,,,,,,,,,,,,,,,,,,,,,,,,,,,,,,,,
53.0,O,1.0,10.0,M,28.0,Run,Rush,Wyoming brown,,R,,,,2.0,-14.0,Bedford,-14.0,O,,,,,,,,,,,,,,,,,,,,,,,,,,,,,,,,,,,,,,,,,,,,,,,,,,,,,,,,,,,,,,,,,,,,,,,,,,,,,,,,,,,
54.0,O,2.0,24.0,R,42.0,Run,Rush,IOWA BLACK,,R,,,,2.0,-5.0,Bedford,-5.0,O,,,,,,,,,,,,,,,,,,,,,,,,,,,,,,,,,,,,,,,,,,,,,,,,,,,,,,,,,,,,,,,,,,,,,,,,,,,,,,,,,,,
55.0,O,3.0,29.0,R,47.0,Pass,Complete,FLA. BLUE,,R,,,,2.0,25.0,Bedford,25.0,O,,,,,,,,,,,,,,,,,,,,,,,,,,,,,,,,,,,,,,,,,,,,,,,,,,,,,,,,,,,,,,,,,,,,,,,,,,,,,,,,,,,
56.0,O,4.0,4.0,R,22.0,Run,Penalty,FLA. BLUE,,L,,,,2.0,-15.0,Bedford,-15.0,O,,,,,,,,,,,,,,,,,,,,,,,,,,,,,,,,,,,,,,,,,,,,,,,,,,,,,,,,,,,,,,,,,,,,,,,,,,,,,,,,,,,
57.0,O,1.0,10.0,M,37.0,Pass,Incomplete,FLA. BLUE,,L,,,,2.0,0.0,Bedford,0.0,O,,,,,,,,,,,,,,,,,,,,,,,,,,,,,,,,,,,,,,,,,,,,,,,,,,,,,,,,,,,,,,,,,,,,,,,,,,,,,,,,,,,
58.0,D,1.0,10.0,M,-37.0,Run,Rush,Twins Split,,R,,,,2.0,3.0,Bedford,3.0,D,,,,,,,,,,,,,,,,,,,,,,,,,,,,,,,,,,,,,,,,,,,,,,,,,,,,,,,,,,,,,,,,,,,,,,,,,,,,,,,,,,,
59.0,D,2.0,7.0,M,-40.0,Run,Rush,DBL Slot,,L,,,,2.0,2.0,Bedford,2.0,D,,,,,,,,,,,,,,,,,,,,,,,,,,,,,,,,,,,,,,,,,,,,,,,,,,,,,,,,,,,,,,,,,,,,,,,,,,,,,,,,,,,
60.0,D,3.0,5.0,L,-42.0,Run,Rush,Twins Split,,L,,,,2.0,-7.0,Bedford,-7.0,D,,,,,,,,,,,,,,,,,,,,,,,,,,,,,,,,,,,,,,,,,,,,,,,,,,,,,,,,,,,,,,,,,,,,,,,,,,,,,,,,,,,
61.0,K,4.0,12.0,L,-35.0,Punt Rec,Return,Twins Split,,,,,,2.0,,Bedford,0.0,K,,,,,,,,,,,,,,,,,,,,,,,,,,,,,,,,,,,,,,,,,,,,,,,,,,,,,,,,,,,,,,,,,,,,,,,,,,,,,,,,,,,
62.0,O,1.0,10.0,R,-38.0,Pass,Complete,IOWA BLACK,,R,,,,2.0,6.0,Bedford,6.0,O,,,,,,,,,,,,,,,,,,,,,,,,,,,,,,,,,,,,,,,,,,,,,,,,,,,,,,,,,,,,,,,,,,,,,,,,,,,,,,,,,,,
63.0,O,2.0,4.0,R,-44.0,Run,Rush,FLA. BLUE,,R,,,,2.0,2.0,Bedford,2.0,O,,,,,,,,,,,,,,,,,,,,,,,,,,,,,,,,,,,,,,,,,,,,,,,,,,,,,,,,,,,,,,,,,,,,,,,,,,,,,,,,,,,
64.0,O,3.0,2.0,R,-46.0,Run,Rush,IOWA BLACK,,R,,,,2.0,1.0,Bedford,1.0,O,,,,,,,,,,,,,,,,,,,,,,,,,,,,,,,,,,,,,,,,,,,,,,,,,,,,,,,,,,,,,,,,,,,,,,,,,,,,,,,,,,,
65.0,K,4.0,1.0,R,-47.0,Punt,Return,,,,,,,2.0,,Bedford,0.0,K,,,,,,,,,,,,,,,,,,,,,,,,,,,,,,,,,,,,,,,,,,,,,,,,,,,,,,,,,,,,,,,,,,,,,,,,,,,,,,,,,,,
66.0,O,1.0,10.0,R,30.0,Pass,Sack,IOWA BLACK,,R,,,,2.0,-5.0,Bedford,-5.0,O,,,,,,,,,,,,,,,,,,,,,,,,,,,,,,,,,,,,,,,,,,,,,,,,,,,,,,,,,,,,,,,,,,,,,,,,,,,,,,,,,,,
67.0,O,2.0,15.0,R,35.0,Pass,Incomplete,FLA. BLUE,,L,,,,2.0,0.0,Bedford,0.0,O,,,,,,,,,,,,,,,,,,,,,,,,,,,,,,,,,,,,,,,,,,,,,,,,,,,,,,,,,,,,,,,,,,,,,,,,,,,,,,,,,,,
68.0,O,3.0,15.0,R,35.0,Pass,Incomplete,IOWA BLACK,,R,,,,2.0,0.0,Bedford,0.0,O,,,,,,,,,,,,,,,,,,,,,,,,,,,,,,,,,,,,,,,,,,,,,,,,,,,,,,,,,,,,,,,,,,,,,,,,,,,,,,,,,,,
69.0,O,4.0,15.0,R,35.0,Pass,Complete,FLA. BLUE,,L,,,,2.0,2.0,Bedford,2.0,O,,,,,,,,,,,,,,,,,,,,,,,,,,,,,,,,,,,,,,,,,,,,,,,,,,,,,,,,,,,,,,,,,,,,,,,,,,,,,,,,,,,
70.0,S,,,,,,,,,,,,,2.0,,Bedford,0.0,S,,,,,,,,,,,,,,,,,,,,,,,,,,,,,,,,,,,,,,,,,,,,,,,,,,,,,,,,,,,,,,,,,,,,,,,,,,,,,,,,,,,
71.0,S,,,,,,,,,,,,,2.0,,Bedford,0.0,S,,,,,,,,,,,,,,,,,,,,,,,,,,,,,,,,,,,,,,,,,,,,,,,,,,,,,,,,,,,,,,,,,,,,,,,,,,,,,,,,,,,
72.0,S,,,,,,,,,,,,,2.0,,Bedford,0.0,S,,,,,,,,,,,,,,,,,,,,,,,,,,,,,,,,,,,,,,,,,,,,,,,,,,,,,,,,,,,,,,,,,,,,,,,,,,,,,,,,,,,
73.0,S,,,,,,,,,,,,,2.0,,Bedford,0.0,S,,,,,,,,,,,,,,,,,,,,,,,,,,,,,,,,,,,,,,,,,,,,,,,,,,,,,,,,,,,,,,,,,,,,,,,,,,,,,,,,,,,
74.0,S,,,,,,,,,,,,,2.0,,Bedford,0.0,S,,,,,,,,,,,,,,,,,,,,,,,,,,,,,,,,,,,,,,,,,,,,,,,,,,,,,,,,,,,,,,,,,,,,,,,,,,,,,,,,,,,
75.0,S,,,,,,,,,,,,,2.0,,Bedford,0.0,S,,,,,,,,,,,,,,,,,,,,,,,,,,,,,,,,,,,,,,,,,,,,,,,,,,,,,,,,,,,,,,,,,,,,,,,,,,,,,,,,,,,
76.0,S,,,,,,,,,,,,,2.0,,Bedford,0.0,S,,,,,,,,,,,,,,,,,,,,,,,,,,,,,,,,,,,,,,,,,,,,,,,,,,,,,,,,,,,,,,,,,,,,,,,,,,,,,,,,,,,
77.0,S,,,,,,,,,,,,,2.0,,Bedford,0.0,S,,,,,,,,,,,,,,,,,,,,,,,,,,,,,,,,,,,,,,,,,,,,,,,,,,,,,,,,,,,,,,,,,,,,,,,,,,,,,,,,,,,
78.0,S,,,,,,,,,,,,,2.0,,Bedford,0.0,S,,,,,,,,,,,,,,,,,,,,,,,,,,,,,,,,,,,,,,,,,,,,,,,,,,,,,,,,,,,,,,,,,,,,,,,,,,,,,,,,,,,
79.0,S,,,,,,,,,,,,,2.0,,Bedford,0.0,S,,,,,,,,,,,,,,,,,,,,,,,,,,,,,,,,,,,,,,,,,,,,,,,,,,,,,,,,,,,,,,,,,,,,,,,,,,,,,,,,,,,
80.0,S,,,,,,,,,,,,,2.0,,Bedford,0.0,S,,,,,,,,,,,,,,,,,,,,,,,,,,,,,,,,,,,,,,,,,,,,,,,,,,,,,,,,,,,,,,,,,,,,,,,,,,,,,,,,,,,
81.0,S,,,,,,,,,,,,,2.0,,Bedford,0.0,S,,,,,,,,,,,,,,,,,,,,,,,,,,,,,,,,,,,,,,,,,,,,,,,,,,,,,,,,,,,,,,,,,,,,,,,,,,,,,,,,,,,
82.0,S,,,,,,,,,,,,,2.0,,Bedford,0.0,S,,,,,,,,,,,,,,,,,,,,,,,,,,,,,,,,,,,,,,,,,,,,,,,,,,,,,,,,,,,,,,,,,,,,,,,,,,,,,,,,,,,
83.0,K,,,M,-40.0,KO,Out of Bounds,TEXAS BROWN,,,,,,3.0,,Bedford,0.0,K,,,,,,,,,,,,,,,,,,,,,,,,,,,,,,,,,,,,,,,,,,,,,,,,,,,,,,,,,,,,,,,,,,,,,,,,,,,,,,,,,,,
84.0,D,1.0,10.0,L,-35.0,Run,Rush,TEXAS BROWN,,R,,,,3.0,6.0,Bedford,6.0,D,,,,,,,,,,,,,,,,,,,,,,,,,,,,,,,,,,,,,,,,,,,,,,,,,,,,,,,,,,,,,,,,,,,,,,,,,,,,,,,,,,,
85.0,D,2.0,4.0,L,-41.0,Pass,Incomplete,TEXAS BROWN,,R,,,,3.0,0.0,Bedford,0.0,D,,,,,,,,,,,,,,,,,,,,,,,,,,,,,,,,,,,,,,,,,,,,,,,,,,,,,,,,,,,,,,,,,,,,,,,,,,,,,,,,,,,
86.0,D,3.0,4.0,L,-41.0,Run,Rush,TEXAS BROWN,,L,,,,3.0,6.0,Bedford,6.0,D,,,,,,,,,,,,,,,,,,,,,,,,,,,,,,,,,,,,,,,,,,,,,,,,,,,,,,,,,,,,,,,,,,,,,,,,,,,,,,,,,,,
87.0,D,1.0,10.0,L,-47.0,Run,Rush,TEXAS BROWN,,R,,,,3.0,6.0,Bedford,6.0,D,,,,,,,,,,,,,,,,,,,,,,,,,,,,,,,,,,,,,,,,,,,,,,,,,,,,,,,,,,,,,,,,,,,,,,,,,,,,,,,,,,,
88.0,D,2.0,4.0,M,47.0,Run,Rush,TEXAS BROWN,,R,,,,3.0,8.0,Bedford,8.0,D,,,,,,,,,,,,,,,,,,,,,,,,,,,,,,,,,,,,,,,,,,,,,,,,,,,,,,,,,,,,,,,,,,,,,,,,,,,,,,,,,,,
89.0,D,1.0,10.0,L,39.0,Run,Rush,TEXAS BROWN,,R,,,,3.0,-6.0,Bedford,-6.0,D,,,,,,,,,,,,,,,,,,,,,,,,,,,,,,,,,,,,,,,,,,,,,,,,,,,,,,,,,,,,,,,,,,,,,,,,,,,,,,,,,,,
90.0,D,2.0,16.0,M,45.0,Pass,Incomplete,TEXAS BROWN,,L,,,,3.0,0.0,Bedford,0.0,D,,,,,,,,,,,,,,,,,,,,,,,,,,,,,,,,,,,,,,,,,,,,,,,,,,,,,,,,,,,,,,,,,,,,,,,,,,,,,,,,,,,
91.0,D,3.0,16.0,M,45.0,Pass,Complete,TEXAS BROWN,,L,,,,3.0,4.0,Bedford,4.0,D,,,,,,,,,,,,,,,,,,,,,,,,,,,,,,,,,,,,,,,,,,,,,,,,,,,,,,,,,,,,,,,,,,,,,,,,,,,,,,,,,,,
92.0,K,4.0,12.0,L,41.0,Punt Rec,Return,,,,,,,3.0,,Bedford,0.0,K,,,,,,,,,,,,,,,,,,,,,,,,,,,,,,,,,,,,,,,,,,,,,,,,,,,,,,,,,,,,,,,,,,,,,,,,,,,,,,,,,,,
93.0,O,1.0,10.0,M,-8.0,Run,Rush,Twins Split,,L,,,,3.0,1.0,Bedford,1.0,O,,,,,,,,,,,,,,,,,,,,,,,,,,,,,,,,,,,,,,,,,,,,,,,,,,,,,,,,,,,,,,,,,,,,,,,,,,,,,,,,,,,
94.0,O,2.0,9.0,L,-9.0,Pass,Incomplete,Wyoming brown,,R,,,,3.0,0.0,Bedford,0.0,O,,,,,,,,,,,,,,,,,,,,,,,,,,,,,,,,,,,,,,,,,,,,,,,,,,,,,,,,,,,,,,,,,,,,,,,,,,,,,,,,,,,
95.0,O,3.0,9.0,L,-9.0,Pass,Incomplete,Twins Split,,R,,,,3.0,0.0,Bedford,0.0,O,,,,,,,,,,,,,,,,,,,,,,,,,,,,,,,,,,,,,,,,,,,,,,,,,,,,,,,,,,,,,,,,,,,,,,,,,,,,,,,,,,,
96.0,S,,,,,,,,,,,,,3.0,,Bedford,0.0,S,,,,,,,,,,,,,,,,,,,,,,,,,,,,,,,,,,,,,,,,,,,,,,,,,,,,,,,,,,,,,,,,,,,,,,,,,,,,,,,,,,,
97.0,S,,,,,,,,,,,,,3.0,,Bedford,0.0,S,,,,,,,,,,,,,,,,,,,,,,,,,,,,,,,,,,,,,,,,,,,,,,,,,,,,,,,,,,,,,,,,,,,,,,,,,,,,,,,,,,,
98.0,K,4.0,9.0,R,-9.0,Punt,Downed,,,,,,,3.0,,Bedford,0.0,K,,,,,,,,,,,,,,,,,,,,,,,,,,,,,,,,,,,,,,,,,,,,,,,,,,,,,,,,,,,,,,,,,,,,,,,,,,,,,,,,,,,
99.0,D,1.0,10.0,L,50.0,Run,Rush,TEXAS BROWN,,R,,,,3.0,3.0,Bedford,3.0,D,,,,,,,,,,,,,,,,,,,,,,,,,,,,,,,,,,,,,,,,,,,,,,,,,,,,,,,,,,,,,,,,,,,,,,,,,,,,,,,,,,,
100.0,D,2.0,7.0,M,47.0,Run,Rush,TEXAS BROWN,,R,,,,3.0,13.0,Bedford,13.0,D,,,,,,,,,,,,,,,,,,,,,,,,,,,,,,,,,,,,,,,,,,,,,,,,,,,,,,,,,,,,,,,,,,,,,,,,,,,,,,,,,,,
101.0,D,1.0,10.0,R,34.0,Pass,Incomplete,TEXAS BROWN,,R,,,,3.0,0.0,Bedford,0.0,D,,,,,,,,,,,,,,,,,,,,,,,,,,,,,,,,,,,,,,,,,,,,,,,,,,,,,,,,,,,,,,,,,,,,,,,,,,,,,,,,,,,
102.0,D,2.0,10.0,R,34.0,Run,Rush,TEXAS BROWN,,L,,,,3.0,9.0,Bedford,9.0,D,,,,,,,,,,,,,,,,,,,,,,,,,,,,,,,,,,,,,,,,,,,,,,,,,,,,,,,,,,,,,,,,,,,,,,,,,,,,,,,,,,,
103.0,D,3.0,1.0,L,25.0,Run,Rush,TEXAS BROWN,,R,,,,3.0,4.0,Bedford,4.0,D,,,,,,,,,,,,,,,,,,,,,,,,,,,,,,,,,,,,,,,,,,,,,,,,,,,,,,,,,,,,,,,,,,,,,,,,,,,,,,,,,,,
104.0,D,1.0,10.0,M,21.0,Pass,"Complete, TD",TEXAS BROWN,,L,,,,3.0,21.0,Bedford,21.0,D,,,,,,,,,,,,,,,,,,,,,,,,,,,,,,,,,,,,,,,,,,,,,,,,,,,,,,,,,,,,,,,,,,,,,,,,,,,,,,,,,,,
105.0,K,,,M,3.0,Extra Pt. Block,Good,,,,,,,3.0,,Bedford,0.0,K,,,,,,,,,,,,,,,,,,,,,,,,,,,,,,,,,,,,,,,,,,,,,,,,,,,,,,,,,,,,,,,,,,,,,,,,,,,,,,,,,,,
106.0,K,,,M,-40.0,KO Rec,Return,,,,,,,3.0,,Bedford,0.0,K,,,,,,,,,,,,,,,,,,,,,,,,,,,,,,,,,,,,,,,,,,,,,,,,,,,,,,,,,,,,,,,,,,,,,,,,,,,,,,,,,,,
107.0,O,1.0,10.0,L,-35.0,Run,Rush,IOWA BLACK,,R,,,,3.0,7.0,Bedford,7.0,O,,,,,,,,,,,,,,,,,,,,,,,,,,,,,,,,,,,,,,,,,,,,,,,,,,,,,,,,,,,,,,,,,,,,,,,,,,,,,,,,,,,
108.0,O,2.0,3.0,M,-42.0,Pass,Complete,IOWA BLACK,,R,,,,3.0,2.0,Bedford,2.0,O,,,,,,,,,,,,,,,,,,,,,,,,,,,,,,,,,,,,,,,,,,,,,,,,,,,,,,,,,,,,,,,,,,,,,,,,,,,,,,,,,,,
109.0,O,3.0,1.0,R,-44.0,Run,Rush,IOWA BLACK,,R,,,,3.0,1.0,Bedford,1.0,O,,,,,,,,,,,,,,,,,,,,,,,,,,,,,,,,,,,,,,,,,,,,,,,,,,,,,,,,,,,,,,,,,,,,,,,,,,,,,,,,,,,
110.0,O,1.0,10.0,R,-45.0,Run,Rush,Twins Split,,R,,,,3.0,15.0,Bedford,15.0,O,,,,,,,,,,,,,,,,,,,,,,,,,,,,,,,,,,,,,,,,,,,,,,,,,,,,,,,,,,,,,,,,,,,,,,,,,,,,,,,,,,,
111.0,O,1.0,10.0,R,40.0,Run,Rush,Wyoming brown,,L,,,,3.0,2.0,Bedford,2.0,O,,,,,,,,,,,,,,,,,,,,,,,,,,,,,,,,,,,,,,,,,,,,,,,,,,,,,,,,,,,,,,,,,,,,,,,,,,,,,,,,,,,
112.0,O,2.0,8.0,L,38.0,Run,Rush,Wyoming brown,,R,,,,3.0,11.0,Bedford,11.0,O,,,,,,,,,,,,,,,,,,,,,,,,,,,,,,,,,,,,,,,,,,,,,,,,,,,,,,,,,,,,,,,,,,,,,,,,,,,,,,,,,,,
113.0,O,1.0,10.0,M,27.0,Run,Rush,Wyoming brown,,R,,,,3.0,2.0,Bedford,2.0,O,,,,,,,,,,,,,,,,,,,,,,,,,,,,,,,,,,,,,,,,,,,,,,,,,,,,,,,,,,,,,,,,,,,,,,,,,,,,,,,,,,,
114.0,O,2.0,8.0,R,25.0,Run,Rush,Wyoming brown,,L,,,,3.0,0.0,Bedford,0.0,O,,,,,,,,,,,,,,,,,,,,,,,,,,,,,,,,,,,,,,,,,,,,,,,,,,,,,,,,,,,,,,,,,,,,,,,,,,,,,,,,,,,
115.0,O,3.0,8.0,L,25.0,Run,Rush,Wyoming brown,,R,,,,4.0,19.0,Bedford,19.0,O,,,,,,,,,,,,,,,,,,,,,,,,,,,,,,,,,,,,,,,,,,,,,,,,,,,,,,,,,,,,,,,,,,,,,,,,,,,,,,,,,,,
116.0,S,,,,,,,,,,,,,4.0,,Bedford,0.0,S,,,,,,,,,,,,,,,,,,,,,,,,,,,,,,,,,,,,,,,,,,,,,,,,,,,,,,,,,,,,,,,,,,,,,,,,,,,,,,,,,,,
117.0,O,1.0,6.0,R,6.0,Run,Rush,Wyoming brown,,L,,,,4.0,3.0,Bedford,3.0,O,,,,,,,,,,,,,,,,,,,,,,,,,,,,,,,,,,,,,,,,,,,,,,,,,,,,,,,,,,,,,,,,,,,,,,,,,,,,,,,,,,,
118.0,O,2.0,3.0,M,3.0,Run,Rush,Wyoming brown,,L,,,,4.0,0.0,Bedford,0.0,O,,,,,,,,,,,,,,,,,,,,,,,,,,,,,,,,,,,,,,,,,,,,,,,,,,,,,,,,,,,,,,,,,,,,,,,,,,,,,,,,,,,
119.0,O,3.0,3.0,L,3.0,Run,Rush,Wyoming brown,,R,,,,4.0,1.0,Bedford,1.0,O,,,,,,,,,,,,,,,,,,,,,,,,,,,,,,,,,,,,,,,,,,,,,,,,,,,,,,,,,,,,,,,,,,,,,,,,,,,,,,,,,,,
120.0,O,4.0,2.0,L,2.0,,Penalty,Wyoming brown,,,,,,4.0,0.0,Bedford,0.0,O,,,,,,,,,,,,,,,,,,,,,,,,,,,,,,,,,,,,,,,,,,,,,,,,,,,,,,,,,,,,,,,,,,,,,,,,,,,,,,,,,,,
121.0,O,1.0,2.0,L,2.0,Run,"Rush, TD",Wyoming brown,,L,,,,4.0,2.0,Bedford,2.0,O,,,,,,,,,,,,,,,,,,,,,,,,,,,,,,,,,,,,,,,,,,,,,,,,,,,,,,,,,,,,,,,,,,,,,,,,,,,,,,,,,,,
122.0,K,,,M,3.0,Extra Pt.,No Good,,,,,,,4.0,,Bedford,0.0,K,,,,,,,,,,,,,,,,,,,,,,,,,,,,,,,,,,,,,,,,,,,,,,,,,,,,,,,,,,,,,,,,,,,,,,,,,,,,,,,,,,,
123.0,K,,,M,-40.0,KO,Return,,,,,,,4.0,,Bedford,0.0,K,,,,,,,,,,,,,,,,,,,,,,,,,,,,,,,,,,,,,,,,,,,,,,,,,,,,,,,,,,,,,,,,,,,,,,,,,,,,,,,,,,,
124.0,D,1.0,10.0,L,-35.0,Pass,Complete,TEXAS BROWN,,L,,,,4.0,9.0,Bedford,9.0,D,,,,,,,,,,,,,,,,,,,,,,,,,,,,,,,,,,,,,,,,,,,,,,,,,,,,,,,,,,,,,,,,,,,,,,,,,,,,,,,,,,,
125.0,D,2.0,1.0,L,-44.0,Run,Rush,TEXAS BROWN,,R,,,,4.0,3.0,Bedford,3.0,D,,,,,,,,,,,,,,,,,,,,,,,,,,,,,,,,,,,,,,,,,,,,,,,,,,,,,,,,,,,,,,,,,,,,,,,,,,,,,,,,,,,
126.0,D,1.0,10.0,L,-47.0,Run,Rush,TEXAS BROWN,,L,,,,4.0,9.0,Bedford,9.0,D,,,,,,,,,,,,,,,,,,,,,,,,,,,,,,,,,,,,,,,,,,,,,,,,,,,,,,,,,,,,,,,,,,,,,,,,,,,,,,,,,,,
127.0,D,2.0,1.0,L,44.0,Pass,Complete,TEXAS BROWN,,L,,,,4.0,-2.0,Bedford,-2.0,D,,,,,,,,,,,,,,,,,,,,,,,,,,,,,,,,,,,,,,,,,,,,,,,,,,,,,,,,,,,,,,,,,,,,,,,,,,,,,,,,,,,
128.0,D,3.0,3.0,L,46.0,Run,Rush,TEXAS BROWN,,R,,,,4.0,4.0,Bedford,4.0,D,,,,,,,,,,,,,,,,,,,,,,,,,,,,,,,,,,,,,,,,,,,,,,,,,,,,,,,,,,,,,,,,,,,,,,,,,,,,,,,,,,,
129.0,S,,,,,,,,,,,,,4.0,,Bedford,0.0,S,,,,,,,,,,,,,,,,,,,,,,,,,,,,,,,,,,,,,,,,,,,,,,,,,,,,,,,,,,,,,,,,,,,,,,,,,,,,,,,,,,,
130.0,D,1.0,10.0,M,42.0,Run,Rush,TEXAS BROWN,,R,,,,4.0,2.0,Bedford,2.0,D,,,,,,,,,,,,,,,,,,,,,,,,,,,,,,,,,,,,,,,,,,,,,,,,,,,,,,,,,,,,,,,,,,,,,,,,,,,,,,,,,,,
131.0,D,2.0,8.0,M,40.0,Pass,Incomplete,TEXAS BROWN,,L,,,,4.0,0.0,Bedford,0.0,D,,,,,,,,,,,,,,,,,,,,,,,,,,,,,,,,,,,,,,,,,,,,,,,,,,,,,,,,,,,,,,,,,,,,,,,,,,,,,,,,,,,
132.0,D,3.0,8.0,M,40.0,Pass,Complete,TEXAS BROWN,,L,,,,4.0,20.0,Bedford,20.0,D,,,,,,,,,,,,,,,,,,,,,,,,,,,,,,,,,,,,,,,,,,,,,,,,,,,,,,,,,,,,,,,,,,,,,,,,,,,,,,,,,,,
133.0,D,1.0,10.0,L,20.0,Run,Rush,TEXAS BROWN,,R,,,,4.0,7.0,Bedford,7.0,D,,,,,,,,,,,,,,,,,,,,,,,,,,,,,,,,,,,,,,,,,,,,,,,,,,,,,,,,,,,,,,,,,,,,,,,,,,,,,,,,,,,
134.0,S,,,,,,,,,,,,,4.0,,Bedford,0.0,S,,,,,,,,,,,,,,,,,,,,,,,,,,,,,,,,,,,,,,,,,,,,,,,,,,,,,,,,,,,,,,,,,,,,,,,,,,,,,,,,,,,
135.0,D,2.0,3.0,M,13.0,Run,Rush,TEXAS BROWN,,R,,,,4.0,0.0,Bedford,0.0,D,,,,,,,,,,,,,,,,,,,,,,,,,,,,,,,,,,,,,,,,,,,,,,,,,,,,,,,,,,,,,,,,,,,,,,,,,,,,,,,,,,,
136.0,D,3.0,3.0,R,13.0,Run,Rush,TEXAS BROWN,,R,,,,4.0,1.0,Bedford,1.0,D,,,,,,,,,,,,,,,,,,,,,,,,,,,,,,,,,,,,,,,,,,,,,,,,,,,,,,,,,,,,,,,,,,,,,,,,,,,,,,,,,,,
137.0,S,,,,,,,,,,,,,4.0,,Bedford,0.0,S,,,,,,,,,,,,,,,,,,,,,,,,,,,,,,,,,,,,,,,,,,,,,,,,,,,,,,,,,,,,,,,,,,,,,,,,,,,,,,,,,,,
138.0,D,4.0,2.0,R,12.0,Run,Rush,TEXAS BROWN,,L,,,,4.0,3.0,Bedford,3.0,D,,,,,,,,,,,,,,,,,,,,,,,,,,,,,,,,,,,,,,,,,,,,,,,,,,,,,,,,,,,,,,,,,,,,,,,,,,,,,,,,,,,
139.0,D,1.0,9.0,L,9.0,Run,Rush,TEXAS BROWN,,R,,,,4.0,6.0,Bedford,6.0,D,,,,,,,,,,,,,,,,,,,,,,,,,,,,,,,,,,,,,,,,,,,,,,,,,,,,,,,,,,,,,,,,,,,,,,,,,,,,,,,,,,,
140.0,D,2.0,3.0,R,3.0,,Timeout,IOWA BLACK,,,,,,4.0,0.0,Bedford,0.0,D,,,,,,,,,,,,,,,,,,,,,,,,,,,,,,,,,,,,,,,,,,,,,,,,,,,,,,,,,,,,,,,,,,,,,,,,,,,,,,,,,,,
141.0,D,2.0,3.0,M,3.0,Run,Rush,IOWA BLACK,,L,,,,4.0,2.0,Bedford,2.0,D,,,,,,,,,,,,,,,,,,,,,,,,,,,,,,,,,,,,,,,,,,,,,,,,,,,,,,,,,,,,,,,,,,,,,,,,,,,,,,,,,,,
142.0,D,3.0,1.0,M,1.0,Run,Penalty,Twins Split,,R,,,,4.0,-5.0,Bedford,-5.0,D,,,,,,,,,,,,,,,,,,,,,,,,,,,,,,,,,,,,,,,,,,,,,,,,,,,,,,,,,,,,,,,,,,,,,,,,,,,,,,,,,,,
143.0,S,,,,,,,,,,,,,4.0,,Bedford,0.0,S,,,,,,,,,,,,,,,,,,,,,,,,,,,,,,,,,,,,,,,,,,,,,,,,,,,,,,,,,,,,,,,,,,,,,,,,,,,,,,,,,,,
144.0,D,3.0,6.0,M,6.0,Run,Rush,Twins Split,,R,,,,4.0,2.0,Bedford,2.0,D,,,,,,,,,,,,,,,,,,,,,,,,,,,,,,,,,,,,,,,,,,,,,,,,,,,,,,,,,,,,,,,,,,,,,,,,,,,,,,,,,,,
145.0,D,4.0,4.0,M,4.0,,Timeout,Twins Split,,,,,,4.0,0.0,Bedford,0.0,D,,,,,,,,,,,,,,,,,,,,,,,,,,,,,,,,,,,,,,,,,,,,,,,,,,,,,,,,,,,,,,,,,,,,,,,,,,,,,,,,,,,
146.0,D,4.0,4.0,M,4.0,Run,"Rush, TD",WISCONSIN RED,,L,,,,4.0,4.0,Bedford,4.0,D,,,,,,,,,,,,,,,,,,,,,,,,,,,,,,,,,,,,,,,,,,,,,,,,,,,,,,,,,,,,,,,,,,,,,,,,,,,,,,,,,,,
147.0,K,,,M,3.0,Extra Pt. Block,Good,,,,,,,4.0,,Bedford,0.0,K,,,,,,,,,,,,,,,,,,,,,,,,,,,,,,,,,,,,,,,,,,,,,,,,,,,,,,,,,,,,,,,,,,,,,,,,,,,,,,,,,,,
148.0,K,,,M,-40.0,KO Rec,Return,,,,,,,4.0,,Bedford,0.0,K,,,,,,,,,,,,,,,,,,,,,,,,,,,,,,,,,,,,,,,,,,,,,,,,,,,,,,,,,,,,,,,,,,,,,,,,,,,,,,,,,,,
149.0,O,1.0,10.0,M,-37.0,Pass,Incomplete,FLA. BLUE,,L,,,,4.0,0.0,Bedford,0.0,O,,,,,,,,,,,,,,,,,,,,,,,,,,,,,,,,,,,,,,,,,,,,,,,,,,,,,,,,,,,,,,,,,,,,,,,,,,,,,,,,,,,
150.0,O,2.0,10.0,M,-37.0,Run,Rush,IOWA BLACK,,R,,,,4.0,3.0,Bedford,3.0,O,,,,,,,,,,,,,,,,,,,,,,,,,,,,,,,,,,,,,,,,,,,,,,,,,,,,,,,,,,,,,,,,,,,,,,,,,,,,,,,,,,,
151.0,O,3.0,7.0,R,-40.0,Run,Rush,FLA. BLUE,,R,,,,4.0,-2.0,Bedford,-2.0,O,,,,,,,,,,,,,,,,,,,,,,,,,,,,,,,,,,,,,,,,,,,,,,,,,,,,,,,,,,,,,,,,,,,,,,,,,,,,,,,,,,,
152.0,O,4.0,9.0,R,-38.0,Pass,Complete,FLA. BLUE,,R,,,,4.0,11.0,Bedford,11.0,O,,,,,,,,,,,,,,,,,,,,,,,,,,,,,,,,,,,,,,,,,,,,,,,,,,,,,,,,,,,,,,,,,,,,,,,,,,,,,,,,,,,
153.0,O,1.0,10.0,R,-49.0,Pass,Complete,FLA. BLUE,,L,,,,4.0,11.0,Bedford,11.0,O,,,,,,,,,,,,,,,,,,,,,,,,,,,,,,,,,,,,,,,,,,,,,,,,,,,,,,,,,,,,,,,,,,,,,,,,,,,,,,,,,,,
154.0,O,1.0,10.0,L,40.0,Pass,Interception,FLA. BLUE,,R,,,,4.0,0.0,Bedford,0.0,O,,,,,,,,,,,,,,,,,,,,,,,,,,,,,,,,,,,,,,,,,,,,,,,,,,,,,,,,,,,,,,,,,,,,,,,,,,,,,,,,,,,
155.0,S,,,,,,,,,,,,,4.0,,Bedford,0.0,S,,,,,,,,,,,,,,,,,,,,,,,,,,,,,,,,,,,,,,,,,,,,,,,,,,,,,,,,,,,,,,,,,,,,,,,,,,,,,,,,,,,
156.0,S,,,,,,,,,,,,,4.0,,Bedford,0.0,S,,,,,,,,,,,,,,,,,,,,,,,,,,,,,,,,,,,,,,,,,,,,,,,,,,,,,,,,,,,,,,,,,,,,,,,,,,,,,,,,,,,
157.0,S,,,,,,,,,,,,,4.0,,Bedford,0.0,S,,,,,,,,,,,,,,,,,,,,,,,,,,,,,,,,,,,,,,,,,,,,,,,,,,,,,,,,,,,,,,,,,,,,,,,,,,,,,,,,,,,
1.0,K,,,M,-40.0,Onside Kick,Out of Bounds,,,,,,,1.0,,Erie,0.0,K,,,,,,,,,,,,,,,,,,,,,,,,,,,,,,,,,,,,,,,,,,,,,,,,,,,,,,,,,,,,,,,,,,,,,,,,,,,,,,,,,,,
2.0,S,,,,,,,,,,,,,1.0,,Erie,0.0,S,,,,,,,,,,,,,,,,,,,,,,,,,,,,,,,,,,,,,,,,,,,,,,,,,,,,,,,,,,,,,,,,,,,,,,,,,,,,,,,,,,,
3.0,O,1.0,10.0,M,45.0,Pass,Complete,Wyoming brown,,L,,,,1.0,7.0,Erie,7.0,O,1.0,L,,,,,,,,,,,,L,8.0,Jayvyn Gilchrist,20.0,Aiden O'Neal,,,,,,,,,,Y,,,,,,,,,,,,,,,,,,,,,,,,,,,,,,,,,,,,,,,,,,,,,,,,,,,,,,,
4.0,O,2.0,3.0,L,38.0,Run,Rush,Twins Split,,R,,,,1.0,7.0,Erie,7.0,O,1.0,R,,,,,,,,,,,,,,,,,,,,,20,Aiden O'Neal,,,,Y,,,,,,,,,,,,,,,,,,,,,,,,,,,,,,,,,,,,,,,,,,,,,,,,,,,,,,,
5.0,O,1.0,10.0,M,31.0,Run,Rush,Twins Split,,L,,,,1.0,3.0,Erie,3.0,O,1.0,R,,,,,,,,,,,,L,,,,,,,,,32,Jayce williams,,,,N,,,,,,,,,,,,,,,,,,,,,,,,,,,,,,,,,,,,,,,,,,,,,,,,,,,,,,,
6.0,O,2.0,7.0,L,28.0,,Penalty,WISCONSIN RED,,,,,,1.0,-5.0,Erie,-5.0,O,1.0,L,,,,,,,,,,,,,,,,,,,,,,,,,,N,,,,,,,,,,,,,,,,,,,,,,,,,,,,,,,,,,,,,,,,,,,,,,,,,,,,,,,
7.0,S,,,,,,,,,,,,,1.0,,Erie,0.0,S,,,,,,,,,,,,,,,,,,,,,,,,,,,,,,,,,,,,,,,,,,,,,,,,,,,,,,,,,,,,,,,,,,,,,,,,,,,,,,,,,,,
8.0,O,3.0,12.0,L,33.0,Pass,Complete,Wyoming brown,,R,,,,1.0,5.0,Erie,5.0,O,1.0,R,,,,,,,,,,,,,8.0,Jayvyn Gilchrist,5.0,Bryce Rucker,,,,,,,,,,N,,,,,,,,,,,,,,,,,,,,,,,,,,,,,,,,,,,,,,,,,,,,,,,,,,,,,,,
9.0,O,4.0,7.0,L,28.0,Pass,Incomplete,FLA. BLUE,,L,,,,1.0,0.0,Erie,0.0,O,1.0,R,,,,,,,,,,,,L,8.0,Jayvyn Gilchrist,,,,,,,,,,,,N,,,,,,,,,,,,,,,,,,,,,,,,,,,,,,,,,,,,,,,,,,,,,,,,,,,,,,,
10.0,S,,,,,,,,,,,,,1.0,,Erie,0.0,S,,,,,,,,,,,,,,,,,,,,,,,,,,,,,,,,,,,,,,,,,,,,,,,,,,,,,,,,,,,,,,,,,,,,,,,,,,,,,,,,,,,
11.0,D,1.0,10.0,R,-28.0,Run,Rush,DBL Slot,,L,,,,1.0,7.0,Erie,7.0,D,1.0,BAL,,,,,,,,,,,,L,,,,,,,,,,,,,,N,,,,,,,,,2.0,,,,,,,,,,,,,,,,,,,,,,,,,,,,,,,,,,,,,,,,,,,,,,
12.0,D,2.0,3.0,L,-35.0,Run,Rush,,,R,,,,1.0,-2.0,Erie,-2.0,D,1.0,R,,,,,,,,,,,,,,,,,,,,,,,,,,Y,,,,,,,,,3.0,,,,,,,,,,,,,,,,,,,,,,,,,,,,,,,,,,,,,,,,,,,,,,
13.0,D,3.0,5.0,R,-33.0,Run,Rush,,,L,,,,1.0,8.0,Erie,8.0,D,1.0,L,,,,,,,,,,,,L,,,,,,,,,,,,,,N,,,,,,,,,2.0,,,,,,,,,,,,,,,,,,,,,,,,,,,,,,,,,,,,,,,,,,,,,,
14.0,D,1.0,10.0,L,-41.0,Pass,Complete,UTAH RED,,L,,,,1.0,17.0,Erie,17.0,D,1.0,R,,,,,,,,,,,,,,,,,,,,,,,,,,N,,,,,,,,,,2.0,5.0,,,,,,,,,,,,,,,,,,,,,,,,,,,,,,,,,,,,,,,,,,,,
15.0,D,1.0,10.0,L,42.0,Pass,Incomplete,IOWA BLACK,,L,,,,1.0,0.0,Erie,0.0,D,1.0,BAL,,,,,,,,,,,,R,,,,,,,,,,,,,,Y,,,,,,,,,,2.0,5.0,,,,,,,,,,,,,,,,,,,,,,,,,,,,,,,,,,,,,,,,,,,,
16.0,D,2.0,10.0,L,42.0,Run,Rush,FLA. BLUE,,R,,,,1.0,0.0,Erie,0.0,D,1.0,R,,,,,,,,,,,,,,,,,,,,,,,,,,Y,,,,,,,,,3.0,,,,,,,,,,,,,,,,,,,,,,,,,,,,,,,,,,,,,,,,,,,,,,
17.0,D,3.0,10.0,L,42.0,Pass,Complete,WISCONSIN RED,,L,,,,1.0,5.0,Erie,5.0,D,1.0,R,,,,,,,,,,,,,,,,,,,,,,,,,,Y,,,,,,,,,,2.0,12.0,,,,,,,,,,,,,,,,,,,,,,,,,,,,,,,,,,,,,,,,,,,,
18.0,D,4.0,5.0,L,37.0,Pass,Incomplete,Wyoming brown,,L,,,,1.0,0.0,Erie,0.0,D,1.0,R,,,,,,,,,,,,,,,,,,,,,,,,,,Y,,,,,,,,,,2.0,,,,,,,,,,,,,,,,,,,,,,,,,,,,,,,,,,,,,,,,,,,,,
19.0,O,1.0,10.0,R,-37.0,Run,Rush,IOWA BLACK,,L,,,,1.0,1.0,Erie,1.0,O,1.0,BAL,,,,,,,,,,,,R,,,,,,,,,32,Jayce williams,,,,N,,,,,,,,,,,,,,,,,,,,,,,,,,,,,,,,,,,,,,,,,,,,,,,,,,,,,,,
20.0,O,2.0,9.0,R,-38.0,Pass,Incomplete,,,L,,,,1.0,0.0,Erie,0.0,O,1.0,R,,,,,,,,,,,,,8.0,Jayvyn Gilchrist,,,,,,,,,,,,N,,,,,,,,,,,,,,,,,,,,,,,,,,,,,,,,,,,,,,,,,,,,,,,,,,,,,,,
21.0,S,,,,,,,,,,,,,1.0,,Erie,0.0,S,,,,,,,,,,,,,,,,,,,,,,,,,,,,,,,,,,,,,,,,,,,,,,,,,,,,,,,,,,,,,,,,,,,,,,,,,,,,,,,,,,,
22.0,O,3.0,9.0,R,-38.0,Pass,Complete,Wyoming brown,,L,,,,1.0,12.0,Erie,12.0,O,1.0,L,,,,,,,,,,,,,8.0,Jayvyn Gilchrist,5.0,Bryce Rucker,,,,,,,,,,Y,,,,,,,,,,,,,,,,,,,,,,,,,,,,,,,,,,,,,,,,,,,,,,,,,,,,,,,
23.0,O,1.0,10.0,L,50.0,Pass,Complete,Wyoming brown,,R,,,,1.0,3.0,Erie,3.0,O,1.0,R,,,,,,,,,,,,R,8.0,Jayvyn Gilchrist,32.0,Jayce williams,,,,,,,,,,N,,,,,,,,,,,,,,,,,,,,,,,,,,,,,,,,,,,,,,,,,,,,,,,,,,,,,,,
24.0,O,2.0,7.0,R,47.0,Run,Rush,Twins Split,,L,,,,1.0,7.0,Erie,7.0,O,1.0,L,,,,,,,,,,,,,,,,,,,,,32,Jayce williams,,,,Y,,,,,,,,,,,,,,,,,,,,,,,,,,,,,,,,,,,,,,,,,,,,,,,,,,,,,,,
25.0,O,1.0,10.0,R,40.0,Pass,Incomplete,Wyoming brown,,L,,,,1.0,0.0,Erie,0.0,O,1.0,L,,,,,,,,,,,,,8.0,Jayvyn Gilchrist,,,,,,,,,,,,N,,,,,,,,,,,,,,,,,,,,,,,,,,,,,,,,,,,,,,,,,,,,,,,,,,,,,,,
26.0,O,2.0,10.0,R,40.0,Run,Rush,Wyoming brown,,L,,,,1.0,-3.0,Erie,-3.0,O,1.0,L,,,,,,,,,,,,,,,,,,,,,"
    ",KHALIL DUDLEY,,,,N,,,,,,,,,,,,,,,,,,,,,,,,,,,,,,,,,,,,,,,,,,,,,,,,,,,,,,,
27.0,O,3.0,13.0,M,43.0,Pass,Incomplete,WISCONSIN RED,,L,,,,1.0,0.0,Erie,0.0,O,1.0,L,,,,,,,,,,,,,8.0,Jayvyn Gilchrist,,,,,,,,,,,,N,,,,,,,,,,,,,,,,,,,,,,,,,,,,,,,,,,,,,,,,,,,,,,,,,,,,,,,
28.0,K,4.0,13.0,M,43.0,Punt,Timeout,,,,,,,1.0,0.0,Erie,0.0,K,1.0,,,,,,,,,,,,,,,,,,,,,,,,,,,,,,,,,,,,,,,,,,,,,,,,,,,,,,,,,,,,,,,,,,,,,,,,,,,,,,,,,,
29.0,K,4.0,13.0,M,43.0,Punt,Return,,,,,,,1.0,,Erie,0.0,K,2.0,,,,,,,,,,,,,,,,,,,,,,,,,,,,,,,,,,,,,,,,,,,,,,,,,,,,,,,,,,,,,,,,,,,,,,,,,,,,,,,,,,
30.0,D,1.0,10.0,L,-2.0,Run,Rush,WISCONSIN RED,,R,,,,1.0,4.0,Erie,4.0,D,2.0,L,,,,,,,,,,,,,,,,,,,,,,,,,,N,,,,,,,,,3.0,,,,,,,,,,,,,,,,,,,,,,,,,,,,,,,,,,,,,,,,,,,,,,
31.0,D,2.0,6.0,M,-6.0,Run,Rush,WISCONSIN RED,,R,,,,1.0,-1.0,Erie,-1.0,D,2.0,L,,,,,,,,,,,,,,,,,,,,,,,,,,Y,,,,,,,,,3.0,,,,,,,,,,,,,,,,,,,,,,,,,,,,,,,,,,,,,,,,,,,,,,
32.0,S,,,,,,,,,,,,,1.0,,Erie,0.0,S,,,,,,,,,,,,,,,,,,,,,,,,,,,,,,,,,,,,,,,,,,,,,,,,,,,,,,,,,,,,,,,,,,,,,,,,,,,,,,,,,,,
33.0,D,3.0,7.0,M,-5.0,Pass,Incomplete,Wyoming brown,,R,,,,1.0,0.0,Erie,0.0,D,2.0,R,,,,,,,,,,,,,,,,,,,,,,,,,,Y,,,,,,,,,,2.0,,,,,,,,,,,,,,,,,,,,,,,,,,,,,,,,,,,,,,,,,,,,,
34.0,K,4.0,7.0,M,-5.0,Punt Rec,Return,IOWA BLACK,,,,,,1.0,,Erie,0.0,K,2.0,BAL,,,,,,,,,,,,,,,,,,,,,,,,,,,,,,,,,,,,,,,,,,,,,,,,,,,,,,,,,,,,,,,,,,,,,,,,,,,,,,,,,
35.0,O,1.0,10.0,M,35.0,Run,Rush,Twins Split,,L,,,,2.0,-2.0,Erie,-2.0,O,3.0,R,,,,,,,,,,,,,,,,,,,,,20,Aiden O'Neal,,,,N,,,,,,,,,,,,,,,,,,,,,,,,,,,,,,,,,,,,,,,,,,,,,,,,,,,,,,,
36.0,O,2.0,12.0,M,37.0,Pass,Sack,WISCONSIN RED,,R,,,,2.0,-2.0,Erie,-2.0,O,3.0,L,,,,,,,,,,,,,8.0,Jayvyn Gilchrist,,,,,,,,,,,,N,,,,,,,,,,,,,,,,,,,,,,,,,,,,,,,,,,,,,,,,,,,,,,,,,,,,,,,
37.0,O,3.0,14.0,M,39.0,Pass,Complete,FLA. BLUE,,L,,,,2.0,21.0,Erie,21.0,O,3.0,L,,,,,,,,,,,,,8.0,Jayvyn Gilchrist,1.0,Trumar Salette,,,,,,,,,,Y,,,,,,,,,,,,,,,,,,,,,,,,,,,,,,,,,,,,,,,,,,,,,,,,,,,,,,,
38.0,O,1.0,10.0,L,18.0,Pass,Incomplete,TEXAS BROWN,,R,,,,2.0,0.0,Erie,0.0,O,3.0,R,,,,,,,,,,,,,8.0,Jayvyn Gilchrist,1.0,Trumar Salette,,,,,,,,,,N,,,,,,,,,,,,,,,,,,,,,,,,,,,,,,,,,,,,,,,,,,,,,,,,,,,,,,,
39.0,O,2.0,10.0,L,18.0,Pass,Incomplete,FLA. BLUE,,R,,,,2.0,0.0,Erie,0.0,O,3.0,R,,,,,,,,,,,,,8.0,Jayvyn Gilchrist,15.0,Louis Cunningham,,,,,,,,,,N,,,,,,,,,,,,,,,,,,,,,,,,,,,,,,,,,,,,,,,,,,,,,,,,,,,,,,,
40.0,O,3.0,10.0,L,18.0,Run,Rush,IOWA BLACK,,L,,,,2.0,-3.0,Erie,-3.0,O,3.0,BAL,,,,,,,,,,,,,,,,,,,,,8,Jayvyn Gilchrist,,,,N,,,,,,,,,,,,,,,,,,,,,,,,,,,,,,,,,,,,,,,,,,,,,,,,,,,,,,,
41.0,S,,,,,,,,,,,,,2.0,,Erie,0.0,S,,,,,,,,,,,,,,,,,,,,,,,,,,,,,,,,,,,,,,,,,,,,,,,,,,,,,,,,,,,,,,,,,,,,,,,,,,,,,,,,,,,
42.0,K,4.0,13.0,L,21.0,Fake FG,"Complete, TD",,,L,,,,2.0,21.0,Erie,21.0,K,3.0,BAL,,,,,,,,,,,,,,,,,,,,,,,,,,,,,,,,,,,,,,,,,,,,,,,,,,,,,,,,,,,,,,,,,,,,,,,,,,,,,,,,,
43.0,K,,,M,3.0,Extra Pt.,Good,,,,,,,2.0,,Erie,0.0,K,3.0,,,,,,,,,,,,,,,,,,,,,,,,,,,,,,,,,,,,,,,,,,,,,,,,,,,,,,,,,,,,,,,,,,,,,,,,,,,,,,,,,,
44.0,K,,,M,-40.0,KO,Return,,,,,,,2.0,,Erie,0.0,K,,,,,,,,,,,,,,,,,,,,,,,,,,,,,,,,,,,,,,,,,,,,,,,,,,,,,,,,,,,,,,,,,,,,,,,,,,,,,,,,,,,
45.0,D,1.0,10.0,M,-38.0,Run,Rush,DBL Slot,,R,,,,2.0,8.0,Erie,8.0,D,3.0,BAL,,,,,,,,,,,,R,,,,,,,,,,,,,,N,,,,,,,,,2.0,,,,,,,,,,,,,,,,,,,,,,,,,,,,,,,,,,,,,,,,,,,,,,
46.0,D,2.0,2.0,R,-46.0,Run,Rush,WISCONSIN RED,,L,,,,2.0,4.0,Erie,4.0,D,3.0,L,,,,,,,,,,,,,,,,,,,,,,,,,,N,,,,,,,,,3.0,,,,,,,,,,,,,,,,,,,,,,,,,,,,,,,,,,,,,,,,,,,,,,
47.0,D,1.0,10.0,M,50.0,Run,Rush,DBL Slot,,R,,,,2.0,5.0,Erie,5.0,D,3.0,BAL,,,,,,,,,,,,,,,,,,,,,,,,,,N,,,,,,,,,2.0,,,,,,,,,,,,,,,,,,,,,,,,,,,,,,,,,,,,,,,,,,,,,,
48.0,D,2.0,5.0,R,45.0,Run,Rush,DBL Slot,,L,,,,2.0,3.0,Erie,3.0,D,3.0,BAL,,,,,,,,,,,,L,,,,,,,,,,,,,,N,,,,,,,,,3.0,,,,,,,,,,,,,,,,,,,,,,,,,,,,,,,,,,,,,,,,,,,,,,
49.0,D,3.0,2.0,R,42.0,Pass,Incomplete,Wyoming brown,,L,,,,2.0,0.0,Erie,0.0,D,3.0,L,,,,,,,,,,,,,,,,,,,,,,,,,,Y,,,,,,,,,,11.0,3.0,,,,,,,,,,,,,,,,,,,,,,,,,,,,,,,,,,,,,,,,,,,,
50.0,D,4.0,2.0,M,42.0,Run,Rush,DBL Slot,,L,,,,2.0,5.0,Erie,5.0,D,3.0,BAL,,,,,,,,,,,,,,,,,,,,,,,,,,N,,,,,,,,,3.0,,,,,,,,,,,,,,,,,,,,,,,,,,,,,,,,,,,,,,,,,,,,,,
51.0,D,1.0,10.0,M,37.0,Run,Rush,DBL Slot,,L,,,,2.0,3.0,Erie,3.0,D,3.0,BAL,,,,,,,,,,,,L,,,,,,,,,,,,,,Y,,,,,,,,,3.0,,,,,,,,,,,,,,,,,,,,,,,,,,,,,,,,,,,,,,,,,,,,,,
52.0,D,2.0,7.0,L,34.0,Run,"Rush, TD",DBL Slot,,R,,,,2.0,34.0,Erie,34.0,D,3.0,BAL,,,,,,,,,,,,R,,,,,,,,,,,,,,N,,,,,,,,,3.0,,,,,,,,,,,,,,,,,,,,,,,,,,,,,,,,,,,,,,,,,,,,,,
53.0,K,,,M,3.0,Extra Pt. Block,Good,DBL TE,,,,,,2.0,,Erie,0.0,K,3.0,BAL,,,,,,,,,,,,,,,,,,,,,,,,,,,,,,,,,,,,,,,,,,,,,,,,,,,,,,,,,,,,,,,,,,,,,,,,,,,,,,,,,
54.0,S,,,,,,,,,,,,,2.0,,Erie,0.0,S,,,,,,,,,,,,,,,,,,,,,,,,,,,,,,,,,,,,,,,,,,,,,,,,,,,,,,,,,,,,,,,,,,,,,,,,,,,,,,,,,,,
55.0,K,,,M,-40.0,KO Rec,Return,,,,,,,2.0,,Erie,0.0,K,,,,,,,,,,,,,,,,,,,,,,,,,,,,,,,,,,,,,,,,,,,,,,,,,,,,,,,,,,,,,,,,,,,,,,,,,,,,,,,,,,,
56.0,O,1.0,10.0,R,-32.0,Pass,Complete,Twins Split,,R,,,,2.0,8.0,Erie,8.0,O,4.0,L,,,,,,,,,,,,L,8.0,Jayvyn Gilchrist,1.0,Trumar Salette,,,,,,,,,,Y,,,,,,,,,,,,,,,,,,,,,,,,,,,,,,,,,,,,,,,,,,,,,,,,,,,,,,,
57.0,O,2.0,2.0,R,-40.0,Run,Rush,Twins Split,,R,,,,2.0,-1.0,Erie,-1.0,O,4.0,L,,,,,,,,,,,,,,,,,,,,,32,Jayce williams,,,,N,,,,,,,,,,,,,,,,,,,,,,,,,,,,,,,,,,,,,,,,,,,,,,,,,,,,,,,
58.0,O,3.0,3.0,R,-39.0,Pass,Complete,WISCONSIN RED,,L,,,,2.0,2.0,Erie,2.0,O,4.0,L,,,,,,,,,,,,L,8.0,Jayvyn Gilchrist,15.0,Louis Cunningham,,,,,,,,,,N,,,,,,,,,,,,,,,,,,,,,,,,,,,,,,,,,,,,,,,,,,,,,,,,,,,,,,,
59.0,O,4.0,1.0,M,-41.0,Run,Rush,Twins Split,,L,,,,2.0,0.0,Erie,0.0,O,4.0,R,,,,,,,,,,,,R,,,,,,,,,20,Aiden O'Neal,,,,N,,,,,,,,,,,,,,,,,,,,,,,,,,,,,,,,,,,,,,,,,,,,,,,,,,,,,,,
60.0,D,1.0,10.0,M,41.0,Run,Rush,,,R,,,,2.0,1.0,Erie,1.0,D,4.0,,,,,,,,,,,,,,,,,,,,,,,,,,,Y,,,,,,,,,3.0,,,,,,,,,,,,,,,,,,,,,,,,,,,,,,,,,,,,,,,,,,,,,,
61.0,D,2.0,9.0,R,40.0,Run,Rush,UTAH RED,,L,,,,2.0,3.0,Erie,3.0,D,4.0,L,,,,,,,,,,,,,,,,,,,,,,,,,,Y,,,,,,,,,3.0,,,,,,,,,,,,,,,,,,,,,,,,,,,,,,,,,,,,,,,,,,,,,,
62.0,D,3.0,6.0,M,37.0,Pass,Complete,IOWA BLACK STACK,,R,,,,2.0,12.0,Erie,12.0,D,4.0,BAL,,,,,,,,,,,,,,,,,,,,,,,,,,N,,,,,,,,,,11.0,3.0,,,,,,,,,,,,,,,,,,,,,,,,,,,,,,,,,,,,,,,,,,,,
63.0,D,1.0,10.0,R,25.0,Run,Rush,UTAH RED,,L,,,,2.0,0.0,Erie,0.0,D,4.0,L,,,,,,,,,,,,,,,,,,,,,,,,,,Y,,,,,,,,,3.0,,,,,,,,,,,,,,,,,,,,,,,,,,,,,,,,,,,,,,,,,,,,,,
64.0,D,2.0,10.0,R,25.0,Pass,Incomplete,FLA. BLUE,,R,,,,2.0,0.0,Erie,0.0,D,4.0,L,,,,,,,,,,,,,,,,,,,,,,,,,,Y,,,,,,,,,,11.0,,,,,,,,,,,,,,,,,,,,,,,,,,,,,,,,,,,,,,,,,,,,,
65.0,D,3.0,10.0,R,25.0,Pass,Scramble,TEXAS BROWN,,R,,,,2.0,1.0,Erie,1.0,D,4.0,L,,,,,,,,,,,,L,,,,,,,,,,,,,,Y,,,,,,,,,,2.0,,,,,,,,,,,,,,,,,,,,,,,,,,,,,,,,,,,,,,,,,,,,,
66.0,S,,,,,,,,,,,,,2.0,,Erie,0.0,S,,,,,,,,,,,,,,,,,,,,,,,,,,,,,,,,,,,,,,,,,,,,,,,,,,,,,,,,,,,,,,,,,,,,,,,,,,,,,,,,,,,
67.0,S,,,,,,,,,,,,,2.0,,Erie,0.0,S,,,,,,,,,,,,,,,,,,,,,,,,,,,,,,,,,,,,,,,,,,,,,,,,,,,,,,,,,,,,,,,,,,,,,,,,,,,,,,,,,,,
68.0,S,,,,,,,,,,,,,2.0,,Erie,0.0,S,,,,,,,,,,,,,,,,,,,,,,,,,,,,,,,,,,,,,,,,,,,,,,,,,,,,,,,,,,,,,,,,,,,,,,,,,,,,,,,,,,,
69.0,S,,,,,,,,,,,,,2.0,,Erie,0.0,S,,,,,,,,,,,,,,,,,,,,,,,,,,,,,,,,,,,,,,,,,,,,,,,,,,,,,,,,,,,,,,,,,,,,,,,,,,,,,,,,,,,
70.0,S,,,,,,,,,,,,,2.0,,Erie,0.0,S,,,,,,,,,,,,,,,,,,,,,,,,,,,,,,,,,,,,,,,,,,,,,,,,,,,,,,,,,,,,,,,,,,,,,,,,,,,,,,,,,,,
71.0,S,,,,,,,,,,,,,2.0,,Erie,0.0,S,,,,,,,,,,,,,,,,,,,,,,,,,,,,,,,,,,,,,,,,,,,,,,,,,,,,,,,,,,,,,,,,,,,,,,,,,,,,,,,,,,,
72.0,S,,,,,,,,,,,,,2.0,,Erie,0.0,S,,,,,,,,,,,,,,,,,,,,,,,,,,,,,,,,,,,,,,,,,,,,,,,,,,,,,,,,,,,,,,,,,,,,,,,,,,,,,,,,,,,
73.0,S,,,,,,,,,,,,,2.0,,Erie,0.0,S,,,,,,,,,,,,,,,,,,,,,,,,,,,,,,,,,,,,,,,,,,,,,,,,,,,,,,,,,,,,,,,,,,,,,,,,,,,,,,,,,,,
74.0,K,,,M,-40.0,KO,Return,TEXAS BROWN,,,,,,3.0,,Erie,0.0,K,,R,,,,,,,,,,,,,,,,,,,,,,,,,,,,,,,,,,,,,,,,,,,,,,,,,,,,,,,,,,,,,,,,,,,,,,,,,,,,,,,,,
75.0,D,1.0,10.0,L,-29.0,Run,Rush,UTAH RED,,R,,,,3.0,9.0,Erie,9.0,D,5.0,R,,,,,,,,,,,,,,,,,,,,,,,,,,N,,,,,,,,,2.0,,,,,,,,,,,,,,,,,,,,,,,,,,,,,,,,,,,,,,,,,,,,,,
76.0,D,2.0,1.0,R,-38.0,Run,Rush,UTAH RED,,L,,,,3.0,4.0,Erie,4.0,D,5.0,L,,,,,,,,,,,,,,,,,,,,,,,,,,N,,,,,,,,,2.0,,,,,,,,,,,,,,,,,,,,,,,,,,,,,,,,,,,,,,,,,,,,,,
77.0,D,1.0,10.0,M,-42.0,Run,Rush,UTAH RED,,R,,,,3.0,-1.0,Erie,-1.0,D,5.0,L,,,,,,,,,,,,,,,,,,,,,,,,,,Y,,,,,,,,,2.0,,,,,,,,,,,,,,,,,,,,,,,,,,,,,,,,,,,,,,,,,,,,,,
78.0,D,2.0,11.0,R,-41.0,Run,Rush,WISCONSIN RED,,R,,,,3.0,1.0,Erie,1.0,D,5.0,L,,,,,,,,,,,,,,,,,,,,,,,,,,Y,,,,,,,,,3.0,,,,,,,,,,,,,,,,,,,,,,,,,,,,,,,,,,,,,,,,,,,,,,
79.0,D,3.0,10.0,R,-42.0,Pass,Complete,Wyoming brown,,L,,,,3.0,2.0,Erie,2.0,D,5.0,L,,,,,,,,,,,,,,,,,,,,,,,,,,Y,,,,,,,,,,2.0,1.0,,,,,,,,,,,,,,,,,,,,,,,,,,,,,,,,,,,,,,,,,,,,
80.0,D,4.0,8.0,L,-44.0,Pass,Incomplete,FLA. BLUE,,R,,,,3.0,0.0,Erie,0.0,D,5.0,R,,,,,,,,,,,,,,,,,,,,,,,,,,Y,,,,,,,,,,2.0,23.0,,,,,,,,,,,,,,,,,,,,,,,,,,,,,,,,,,,,,,,,,,,,
81.0,O,1.0,10.0,R,44.0,Pass,Incomplete,FLA. BLUE,,L,,,,3.0,0.0,Erie,0.0,O,5.0,L,,,,,,,,,,,,,8.0,Jayvyn Gilchrist,5.0,Bryce Rucker,,,,,,,,,,N,,,,,,,,,,,,,,,,,,,,,,,,,,,,,,,,,,,,,,,,,,,,,,,,,,,,,,,
82.0,O,2.0,10.0,R,44.0,Run,Rush,FLA. BLUE,,R,,,,3.0,3.0,Erie,3.0,O,5.0,L,,,,,,,,,,,,,,,,,,,,,8,Jayvyn Gilchrist,,,,N,,,,,,,,,,,,,,,,,,,,,,,,,,,,,,,,,,,,,,,,,,,,,,,,,,,,,,,
83.0,O,3.0,7.0,R,41.0,Pass,Complete,FLA. BLUE,,R,,,,3.0,29.0,Erie,29.0,O,5.0,L,,,,,,,,,,,,,8.0,Jayvyn Gilchrist,1.0,Trumar Salette,,,,,,,,,,Y,,,,,,,,,,,,,,,,,,,,,,,,,,,,,,,,,,,,,,,,,,,,,,,,,,,,,,,
84.0,O,1.0,10.0,R,12.0,Run,Rush,FLA. BLUE,,L,,,,3.0,-7.0,Erie,-7.0,O,5.0,L,,,,,,,,,,,,,,,,,,,,,20,Aiden O'Neal,,,,N,,,,,,,,,,,,,,,,,,,,,,,,,,,,,,,,,,,,,,,,,,,,,,,,,,,,,,,
85.0,O,2.0,17.0,L,19.0,Pass,Scramble,FLA. BLUE,,L,,,,3.0,14.0,Erie,14.0,O,5.0,R,,,,,,,,,,,,,8.0,Jayvyn Gilchrist,,,,,,,,,,,,Y,,,,,,,,,,,,,,,,,,,,,,,,,,,,,,,,,,,,,,,,,,,,,,,,,,,,,,,
86.0,O,3.0,3.0,L,5.0,Run,"Rush, TD",FLA. BLUE,,L,,,,3.0,5.0,Erie,5.0,O,5.0,R,,,,,,,,,,,,,,,,,,,,,8,Jayvyn Gilchrist,,,,Y,,,,,,,,,,,,,,,,,,,,,,,,,,,,,,,,,,,,,,,,,,,,,,,,,,,,,,,
87.0,K,,,M,3.0,Extra Pt.,Good,,,,,,,3.0,,Erie,0.0,K,5.0,,,,,,,,,,,,,,,,,,,,,,,,,,,,,,,,,,,,,,,,,,,,,,,,,,,,,,,,,,,,,,,,,,,,,,,,,,,,,,,,,,
88.0,K,,,M,-40.0,KO,Return,,,,,,,3.0,,Erie,0.0,K,,,,,,,,,,,,,,,,,,,,,,,,,,,,,,,,,,,,,,,,,,,,,,,,,,,,,,,,,,,,,,,,,,,,,,,,,,,,,,,,,,,
89.0,D,1.0,10.0,R,-37.0,Pass,Incomplete,IOWA BLACK,,R,,,,3.0,0.0,Erie,0.0,D,6.0,BAL,,,,,,,,,,,,L,,,,,,,,,,,,,,Y,,,,,,,,,,2.0,,,,,,,,,,,,,,,,,,,,,,,,,,,,,,,,,,,,,,,,,,,,,
90.0,D,2.0,10.0,M,-37.0,Run,Rush,IOWA BLACK STACK,,R,,,,3.0,0.0,Erie,0.0,D,6.0,BAL,,,,,,,,,,,,,,,,,,,,,,,,,,Y,,,,,,,,,3.0,,,,,,,,,,,,,,,,,,,,,,,,,,,,,,,,,,,,,,,,,,,,,,
91.0,D,3.0,10.0,R,-37.0,Pass,Incomplete,FLA. BLUE,,R,,,,3.0,0.0,Erie,0.0,D,6.0,L,,,,,,,,,,,,,,,,,,,,,,,,,,Y,,,,,,,,,,2.0,,,,,,,,,,,,,,,,,,,,,,,,,,,,,,,,,,,,,,,,,,,,,
92.0,K,4.0,10.0,R,-37.0,Punt Rec,Downed,,,,,,,3.0,,Erie,0.0,K,6.0,,,,,,,,,,,,,,,,,,,,,,,,,,,,,,,,,,,,,,,,,,,,,,,,,,,,,,,,,,,,,,,,,,,,,,,,,,,,,,,,,,
93.0,O,1.0,10.0,L,-34.0,Run,Rush,FLA. BLUE,,L,,,,3.0,-2.0,Erie,-2.0,O,6.0,R,,,,,,,,,,,,,,,,,,,,,8,Jayvyn Gilchrist,,,,N,,,,,,,,,,,,,,,,,,,,,,,,,,,,,,,,,,,,,,,,,,,,,,,,,,,,,,,
94.0,O,2.0,12.0,L,-32.0,Pass,Incomplete,FLA. BLUE,,L,,,,3.0,0.0,Erie,0.0,O,6.0,R,,,,,,,,,,,,,8.0,Jayvyn Gilchrist,,,,,,,,,,,,N,,,,,,,,,,,,,,,,,,,,,,,,,,,,,,,,,,,,,,,,,,,,,,,,,,,,,,,
95.0,O,3.0,12.0,L,-32.0,Run,Rush,FLA. BLUE,,R,,,,3.0,4.0,Erie,4.0,O,6.0,R,,,,,,,,,,,,,,,,,,,,,8,Jayvyn Gilchrist,,,,N,,,,,,,,,,,,,,,,,,,,,,,,,,,,,,,,,,,,,,,,,,,,,,,,,,,,,,,
96.0,K,4.0,8.0,L,-36.0,Punt,Downed,DBL Slot,,,,,,3.0,,Erie,0.0,K,6.0,BAL,,,,,,,,,,,,,,,,,,,,,,,,,,,,,,,,,,,,,,,,,,,,,,,,,,,,,,,,,,,,,,,,,,,,,,,,,,,,,,,,,
97.0,D,1.0,10.0,R,-17.0,Pass,Complete,,,L,,,,3.0,-9.0,Erie,-9.0,D,7.0,,,,,,,,,,,,,L,,,,,,,,,,,,,,Y,,,,,,,,,,2.0,88.0,,,,,,,,,,,,,,,,,,,,,,,,,,,,,,,,,,,,,,,,,,,,
98.0,S,,,,,,,,,,,,,3.0,,Erie,0.0,S,,,,,,,,,,,,,,,,,,,,,,,,,,,,,,,,,,,,,,,,,,,,,,,,,,,,,,,,,,,,,,,,,,,,,,,,,,,,,,,,,,,
99.0,D,2.0,19.0,L,-8.0,Pass,Incomplete,IOWA BLACK,,L,,,,3.0,0.0,Erie,0.0,D,7.0,BAL,,,,,,,,,,,,,,,,,,,,,,,,,,Y,,,,,,,,,,2.0,,,,,,,,,,,,,,,,,,,,,,,,,,,,,,,,,,,,,,,,,,,,,
100.0,S,,,,,,,,,,,,,3.0,,Erie,0.0,S,,,,,,,,,,,,,,,,,,,,,,,,,,,,,,,,,,,,,,,,,,,,,,,,,,,,,,,,,,,,,,,,,,,,,,,,,,,,,,,,,,,
101.0,D,3.0,19.0,L,-8.0,Run,Rush,,,R,,,,3.0,12.0,Erie,12.0,D,7.0,,,,,,,,,,,,,,,,,,,,,,,,,,,Y,,,,,,,,,2.0,,,,,,,,,,,,,,,,,,,,,,,,,,,,,,,,,,,,,,,,,,,,,,
102.0,K,4.0,7.0,R,-20.0,Punt Rec,Return,,,,,,,3.0,,Erie,0.0,K,7.0,,,,,,,,,,,,,,,,,,,,,,,,,,,,,,,,,,,,,,,,,,,,,,,,,,,,,,,,,,,,,,,,,,,,,,,,,,,,,,,,,,
103.0,S,,,,,,,,,,,,,3.0,,Erie,0.0,S,,,,,,,,,,,,,,,,,,,,,,,,,,,,,,,,,,,,,,,,,,,,,,,,,,,,,,,,,,,,,,,,,,,,,,,,,,,,,,,,,,,
104.0,O,1.0,10.0,R,10.0,Run,"Rush, TD",FLA. BLUE,,R,,,,3.0,10.0,Erie,10.0,O,7.0,L,,,,,,,,,,,,,,,,,,,,,20,Aiden O'Neal,,,,Y,,,,,,,,,,,,,,,,,,,,,,,,,,,,,,,,,,,,,,,,,,,,,,,,,,,,,,,
105.0,K,,,M,3.0,Extra Pt.,Good,,,,,,,3.0,,Erie,0.0,K,7.0,,,,,,,,,,,,,,,,,,,,,,,,,,,,,,,,,,,,,,,,,,,,,,,,,,,,,,,,,,,,,,,,,,,,,,,,,,,,,,,,,,
106.0,K,,,M,-40.0,KO,Return,TEXAS BROWN,,,,,,3.0,,Erie,0.0,K,,R,,,,,,,,,,,,,,,,,,,,,,,,,,,,,,,,,,,,,,,,,,,,,,,,,,,,,,,,,,,,,,,,,,,,,,,,,,,,,,,,,
107.0,D,1.0,10.0,L,-36.0,Run,Rush,DBL Slot,,R,,,,3.0,-5.0,Erie,-5.0,D,8.0,BAL,,,,,,,,,,,,R,,,,,,,,,,,,,,Y,,,,,,,,,2.0,,,,,,,,,,,,,,,,,,,,,,,,,,,,,,,,,,,,,,,,,,,,,,
108.0,D,2.0,15.0,M,-31.0,Pass,Complete,IOWA BLACK,,L,,,,4.0,-1.0,Erie,-1.0,D,8.0,BAL,,,,,,,,,,,,,,,,,,,,,,,,,,Y,,,,,,,,,,2.0,3.0,,,,,,,,,,,,,,,,,,,,,,,,,,,,,,,,,,,,,,,,,,,,
109.0,D,3.0,16.0,L,-30.0,Run,Rush,FLA. BLUE,,R,,,,4.0,-1.0,Erie,-1.0,D,8.0,R,,,,,,,,,,,,,,,,,,,,,,,,,,Y,,,,,,,,,3.0,,,,,,,,,,,,,,,,,,,,,,,,,,,,,,,,,,,,,,,,,,,,,,
110.0,K,4.0,17.0,R,-29.0,Fake Punt,Rush,IOWA BLACK,,L,,,,4.0,,Erie,0.0,K,8.0,BAL,,,,,,,,,,,,,,,,,,,,,,,,,,,,,,,,,,,,,,,,,,,,,,,,,,,,,,,,,,,,,,,,,,,,,,,,,,,,,,,,,
111.0,O,1.0,10.0,L,19.0,Run,Rush,Twins Split,,L,,,,4.0,0.0,Erie,0.0,O,8.0,R,,,,,,,,,,,,,,,,,,,,,8,Jayvyn Gilchrist,,,,N,,,,,,,,,,,,,,,,,,,,,,,,,,,,,,,,,,,,,,,,,,,,,,,,,,,,,,,
112.0,O,2.0,10.0,L,19.0,Run,Rush,Twins Split,,L,,,,4.0,3.0,Erie,3.0,O,8.0,R,,,,,,,,,,,,,,,,,,,,,20,Aiden O'Neal,,,,N,,,,,,,,,,,,,,,,,,,,,,,,,,,,,,,,,,,,,,,,,,,,,,,,,,,,,,,
113.0,O,3.0,7.0,L,16.0,Run,"Rush, TD",Wyoming brown,,R,,,,4.0,16.0,Erie,16.0,O,8.0,R,,,,,,,,,,,,L,,,,,,,,,8,Jayvyn Gilchrist,,,,Y,,,,,,,,,,,,,,,,,,,,,,,,,,,,,,,,,,,,,,,,,,,,,,,,,,,,,,,
114.0,K,,,M,3.0,Extra Pt.,Good,,,,,,,4.0,,Erie,0.0,K,8.0,,,,,,,,,,,,,,,,,,,,,,,,,,,,,,,,,,,,,,,,,,,,,,,,,,,,,,,,,,,,,,,,,,,,,,,,,,,,,,,,,,
115.0,K,,,M,-40.0,KO,Return,,,,,,,4.0,,Erie,0.0,K,,,,,,,,,,,,,,,,,,,,,,,,,,,,,,,,,,,,,,,,,,,,,,,,,,,,,,,,,,,,,,,,,,,,,,,,,,,,,,,,,,,
116.0,D,1.0,10.0,M,-25.0,Run,Rush,UTAH RED,,L,,,,4.0,0.0,Erie,0.0,D,9.0,R,,,,,,,,,,,,,,,,,,,,,,,,,,Y,,,,,,,,,88.0,,,,,,,,,,,,,,,,,,,,,,,,,,,,,,,,,,,,,,,,,,,,,,
117.0,D,2.0,10.0,M,-25.0,Pass,Incomplete,FLA. BLUE,,R,,,,4.0,0.0,Erie,0.0,D,9.0,R,,,,,,,,,,,,,,,,,,,,,,,,,,Y,,,,,,,,,,2.0,,,,,,,,,,,,,,,,,,,,,,,,,,,,,,,,,,,,,,,,,,,,,
118.0,D,3.0,10.0,M,-25.0,Pass,Complete,FLA. BLUE,,L,,,,4.0,13.0,Erie,13.0,D,9.0,R,,,,,,,,,,,,,,,,,,,,,,,,,,N,,,,,,,,,,2.0,3.0,,,,,,,,,,,,,,,,,,,,,,,,,,,,,,,,,,,,,,,,,,,,
119.0,D,1.0,10.0,L,-38.0,Run,Penalty,,,R,,,,4.0,-16.0,Erie,-16.0,D,9.0,,,,,,,,,,,,,,,,,,,,,,,,,,,Y,,,,,,,,,3.0,,,,,,,,,,,,,,,,,,,,,,,,,,,,,,,,,,,,,,,,,,,,,,
120.0,D,1.0,26.0,R,-22.0,Run,Rush,,,L,,,,4.0,4.0,Erie,4.0,D,9.0,,,,,,,,,,,,,,,,,,,,,,,,,,,Y,,,,,,,,,3.0,,,,,,,,,,,,,,,,,,,,,,,,,,,,,,,,,,,,,,,,,,,,,,
121.0,D,2.0,22.0,R,-26.0,Pass,Complete,TEXAS BROWN,,L,,,,4.0,4.0,Erie,4.0,D,9.0,R,,,,,,,,,,,,,,,,,,,,,,,,,,Y,,,,,,,,,,2.0,3.0,,,,,,,,,,,,,,,,,,,,,,,,,,,,,,,,,,,,,,,,,,,,
122.0,D,3.0,18.0,L,-30.0,Pass,Incomplete,TEXAS BROWN,,L,,,,4.0,0.0,Erie,0.0,D,9.0,R,,,,,,,,,,,,,,,,,,,,,,,,,,Y,,,,,,,,,,2.0,,,,,,,,,,,,,,,,,,,,,,,,,,,,,,,,,,,,,,,,,,,,,
123.0,D,4.0,18.0,L,-30.0,Pass,Incomplete,FLA. BLUE,,L,,,,4.0,0.0,Erie,0.0,D,9.0,R,,,,,,,,,,,,,,,,,,,,,,,,,,Y,,,,,,,,,,2.0,,,,,,,,,,,,,,,,,,,,,,,,,,,,,,,,,,,,,,,,,,,,,
124.0,O,1.0,10.0,R,30.0,Run,Rush,Twins Split,,R,,,,4.0,21.0,Erie,21.0,O,9.0,L,,,,,,,,,,,,,,,,,,,,,20,Aiden O'Neal,,,,Y,,,,,,,,,,,,,,,,,,,,,,,,,,,,,,,,,,,,,,,,,,,,,,,,,,,,,,,
125.0,O,1.0,9.0,R,9.0,Run,Rush,Twins Split,,R,,,,4.0,3.0,Erie,3.0,O,9.0,L,,,,,,,,,,,,,,,,,,,,,32,Jayce williams,,,,N,,,,,,,,,,,,,,,,,,,,,,,,,,,,,,,,,,,,,,,,,,,,,,,,,,,,,,,
126.0,O,2.0,6.0,R,6.0,Run,"Rush, TD",Twins Split,,L,,,,4.0,6.0,Erie,6.0,O,9.0,R,,,,,,,,,,,,,,,,,,,,,8,Jayvyn Gilchrist,,,,Y,,,,,,,,,,,,,,,,,,,,,,,,,,,,,,,,,,,,,,,,,,,,,,,,,,,,,,,
127.0,S,,,,,,,,,,,,,4.0,,Erie,0.0,S,,,,,,,,,,,,,,,,,,,,,,,,,,,,,,,,,,,,,,,,,,,,,,,,,,,,,,,,,,,,,,,,,,,,,,,,,,,,,,,,,,,
128.0,K,,,M,3.0,Extra Pt.,Good,,,,,,,4.0,,Erie,0.0,K,9.0,,,,,,,,,,,,,,,,,,,,,,,,,,,,,,,,,,,,,,,,,,,,,,,,,,,,,,,,,,,,,,,,,,,,,,,,,,,,,,,,,,
129.0,K,,,M,-40.0,KO,Return,,,,,,,4.0,,Erie,0.0,K,,,,,,,,,,,,,,,,,,,,,,,,,,,,,,,,,,,,,,,,,,,,,,,,,,,,,,,,,,,,,,,,,,,,,,,,,,,,,,,,,,,
130.0,D,1.0,10.0,M,-40.0,Pass,Complete,IOWA BLACK,,L,,,,4.0,6.0,Erie,6.0,D,10.0,BAL,,,,,,,,,,,,L,,,,,,,,,,,,,,N,,,,,,,,,,2.0,12.0,,,,,,,,,,,,,,,,,,,,,,,,,,,,,,,,,,,,,,,,,,,,
131.0,D,2.0,4.0,L,-46.0,Pass,Complete,IOWA BLACK,,R,,,,4.0,8.0,Erie,8.0,D,10.0,BAL,,,,,,,,,,,,,,,,,,,,,,,,,,N,,,,,,,,,,2.0,12.0,,,,,,,,,,,,,,,,,,,,,,,,,,,,,,,,,,,,,,,,,,,,
132.0,D,1.0,10.0,R,46.0,Pass,Sack,FLA. BLUE,,L,,,,4.0,-1.0,Erie,-1.0,D,10.0,L,,,,,,,,,,,,,,,,,,,,,,,,,,Y,,,,,,,,,,2.0,,,,,,,,,,,,,,,,,,,,,,,,,,,,,,,,,,,,,,,,,,,,,
133.0,D,2.0,11.0,R,47.0,Pass,Complete,FLA. BLUE,,L,,,,4.0,2.0,Erie,2.0,D,10.0,L,,,,,,,,,,,,,,,,,,,,,,,,,,Y,,,,,,,,,,2.0,3.0,,,,,,,,,,,,,,,,,,,,,,,,,,,,,,,,,,,,,,,,,,,,
134.0,D,3.0,9.0,L,45.0,Pass,Complete,IOWA BLACK,,R,,,,4.0,15.0,Erie,15.0,D,10.0,BAL,,,,,,,,,,,,,,,,,,,,,,,,,,N,,,,,,,,,,2.0,13.0,,,,,,,,,,,,,,,,,,,,,,,,,,,,,,,,,,,,,,,,,,,,
135.0,D,1.0,10.0,L,30.0,Pass,Complete,IOWA BLACK,,L,,,,4.0,1.0,Erie,1.0,D,10.0,BAL,,,,,,,,,,,,L,,,,,,,,,,,,,,Y,,,,,,,,,,2.0,12.0,,,,,,,,,,,,,,,,,,,,,,,,,,,,,,,,,,,,,,,,,,,,
136.0,D,2.0,9.0,L,29.0,Pass,Incomplete,FLA. BLUE,,L,,,,4.0,0.0,Erie,0.0,D,10.0,R,,,,,,,,,,,,,,,,,,,,,,,,,,Y,,,,,,,,,,2.0,,,,,,,,,,,,,,,,,,,,,,,,,,,,,,,,,,,,,,,,,,,,,
137.0,D,3.0,9.0,L,29.0,Pass,Incomplete,FLA. BLUE,,R,,,,4.0,0.0,Erie,0.0,D,10.0,R,,,,,,,,,,,,L,,,,,,,,,,,,,,Y,,,,,,,,,,2.0,,,,,,,,,,,,,,,,,,,,,,,,,,,,,,,,,,,,,,,,,,,,,
138.0,D,4.0,9.0,L,29.0,Pass,Incomplete,TEXAS BROWN,,R,,,,4.0,0.0,Erie,0.0,D,10.0,R,,,,,,,,,,,,,,,,,,,,,,,,,,Y,,,,,,,,,,2.0,6.0,,,,,,,,,,,,,,,,,,,,,,,,,,,,,,,,,,,,,,,,,,,,
1.0,O,1.0,10.0,M,-35.0,Run,Rush,Wyoming brown,,L,,,,1.0,-1.0,Shaker with Hudl asst,-1.0,O,,,,,,,,,,,,,,,,,,,,,,,,,,,,,,,,,,,,,,,,,,,,,,,,,,,,,,,,,,,,,,,,,,,,,,,,,,,,,,,,,,,
2.0,O,1.0,10.0,L,-34.0,Run,Rush,WISCONSIN RED,,L,,,,1.0,3.0,Shaker with Hudl asst,3.0,O,,,,,,,,,,,,,,,,,,,,,,,,,,,,,,,,,,,,,,,,,,,,,,,,,,,,,,,,,,,,,,,,,,,,,,,,,,,,,,,,,,,
3.0,O,2.0,7.0,L,-37.0,Pass,Complete,IOWA BLACK,,R,,,,1.0,7.0,Shaker with Hudl asst,7.0,O,,,,,,,,,,,,,,,,,,,,,,,,,,,,,,,,,,,,,,,,,,,,,,,,,,,,,,,,,,,,,,,,,,,,,,,,,,,,,,,,,,,
4.0,O,1.0,10.0,R,-44.0,Pass,Interception,IOWA BLACK,,R,,,,1.0,,Shaker with Hudl asst,0.0,O,,,,,,,,,,,,,,,,,,,,,,,,,,,,,,,,,,,,,,,,,,,,,,,,,,,,,,,,,,,,,,,,,,,,,,,,,,,,,,,,,,,
5.0,D,1.0,10.0,R,36.0,Run,Rush,FLA. BLUE TIGHT,,R,,,,1.0,-1.0,Shaker with Hudl asst,-1.0,D,,,,,,,,,,,,,,,,,,,,,,,,,,,,,,,,,,,,,,,,,,,,,,,,,,,,,,,,,,,,,,,,,,,,,,,,,,,,,,,,,,,
6.0,D,2.0,11.0,R,37.0,Run,Rush,FLA. BLUE TIGHT,,R,,,,1.0,5.0,Shaker with Hudl asst,5.0,D,,,,,,,,,,,,,,,,,,,,,,,,,,,,,,,,,,,,,,,,,,,,,,,,,,,,,,,,,,,,,,,,,,,,,,,,,,,,,,,,,,,
7.0,D,3.0,6.0,R,32.0,Pass,Incomplete,IOWA BLACK,,R,,,,1.0,0.0,Shaker with Hudl asst,0.0,D,,,,,,,,,,,,,,,,,,,,,,,,,,,,,,,,,,,,,,,,,,,,,,,,,,,,,,,,,,,,,,,,,,,,,,,,,,,,,,,,,,,
8.0,D,4.0,6.0,R,32.0,Pass,Incomplete,IOWA BLACK,,L,,,,1.0,0.0,Shaker with Hudl asst,0.0,D,,,,,,,,,,,,,,,,,,,,,,,,,,,,,,,,,,,,,,,,,,,,,,,,,,,,,,,,,,,,,,,,,,,,,,,,,,,,,,,,,,,
9.0,O,1.0,10.0,L,-32.0,Run,Rush,WISCONSIN RED,,R,,,,1.0,1.0,Shaker with Hudl asst,1.0,O,,,,,,,,,,,,,,,,,,,,,,,,,,,,,,,,,,,,,,,,,,,,,,,,,,,,,,,,,,,,,,,,,,,,,,,,,,,,,,,,,,,
10.0,O,2.0,9.0,R,-33.0,Run,Rush,WISCONSIN RED,,L,,,,1.0,1.0,Shaker with Hudl asst,1.0,O,,,,,,,,,,,,,,,,,,,,,,,,,,,,,,,,,,,,,,,,,,,,,,,,,,,,,,,,,,,,,,,,,,,,,,,,,,,,,,,,,,,
11.0,O,3.0,8.0,R,-34.0,Pass,Incomplete,IOWA BLACK,,R,,,,1.0,0.0,Shaker with Hudl asst,0.0,O,,,,,,,,,,,,,,,,,,,,,,,,,,,,,,,,,,,,,,,,,,,,,,,,,,,,,,,,,,,,,,,,,,,,,,,,,,,,,,,,,,,
12.0,S,,,,,,,,,,,,,1.0,,Shaker with Hudl asst,0.0,S,,,,,,,,,,,,,,,,,,,,,,,,,,,,,,,,,,,,,,,,,,,,,,,,,,,,,,,,,,,,,,,,,,,,,,,,,,,,,,,,,,,
13.0,S,,,,,,,,,,,,,1.0,,Shaker with Hudl asst,0.0,S,,,,,,,,,,,,,,,,,,,,,,,,,,,,,,,,,,,,,,,,,,,,,,,,,,,,,,,,,,,,,,,,,,,,,,,,,,,,,,,,,,,
14.0,K,4.0,8.0,R,-34.0,Punt,Downed,WISCONSIN RED,,,,,,1.0,,Shaker with Hudl asst,0.0,K,,,,,,,,,,,,,,,,,,,,,,,,,,,,,,,,,,,,,,,,,,,,,,,,,,,,,,,,,,,,,,,,,,,,,,,,,,,,,,,,,,,
15.0,D,1.0,10.0,R,-38.0,Run,Rush,OREGON GREEN,,L,,,,1.0,10.0,Shaker with Hudl asst,10.0,D,,,,,,,,,,,,,,,,,,,,,,,,,,,,,,,,,,,,,,,,,,,,,,,,,,,,,,,,,,,,,,,,,,,,,,,,,,,,,,,,,,,
16.0,D,1.0,10.0,L,-48.0,Pass,Incomplete,FLA. BLUE,,L,,,,1.0,0.0,Shaker with Hudl asst,0.0,D,,,,,,,,,,,,,,,,,,,,,,,,,,,,,,,,,,,,,,,,,,,,,,,,,,,,,,,,,,,,,,,,,,,,,,,,,,,,,,,,,,,
17.0,D,2.0,10.0,L,-48.0,Pass,Penalty,Wyoming brown,,R,,,,1.0,10.0,Shaker with Hudl asst,10.0,D,,,,,,,,,,,,,,,,,,,,,,,,,,,,,,,,,,,,,,,,,,,,,,,,,,,,,,,,,,,,,,,,,,,,,,,,,,,,,,,,,,,
18.0,D,1.0,10.0,L,42.0,Run,Rush,FLA. BLUE TIGHT,,L,,,,1.0,3.0,Shaker with Hudl asst,3.0,D,,,,,,,,,,,,,,,,,,,,,,,,,,,,,,,,,,,,,,,,,,,,,,,,,,,,,,,,,,,,,,,,,,,,,,,,,,,,,,,,,,,
19.0,D,2.0,7.0,L,39.0,Run,Rush,,,R,,,,1.0,-1.0,Shaker with Hudl asst,-1.0,D,,,,,,,,,,,,,,,,,,,,,,,,,,,,,,,,,,,,,,,,,,,,,,,,,,,,,,,,,,,,,,,,,,,,,,,,,,,,,,,,,,,
20.0,D,3.0,8.0,R,40.0,Pass,Incomplete,Wyoming brown,,R,,,,1.0,0.0,Shaker with Hudl asst,0.0,D,,,,,,,,,,,,,,,,,,,,,,,,,,,,,,,,,,,,,,,,,,,,,,,,,,,,,,,,,,,,,,,,,,,,,,,,,,,,,,,,,,,
21.0,D,4.0,8.0,R,40.0,Run,Rush,WISCONSIN RED,,R,,,,1.0,5.0,Shaker with Hudl asst,5.0,D,,,,,,,,,,,,,,,,,,,,,,,,,,,,,,,,,,,,,,,,,,,,,,,,,,,,,,,,,,,,,,,,,,,,,,,,,,,,,,,,,,,
22.0,O,1.0,10.0,L,-35.0,Run,Rush,Wyoming brown,,R,,,,1.0,-6.0,Shaker with Hudl asst,-6.0,O,,,,,,,,,,,,,,,,,,,,,,,,,,,,,,,,,,,,,,,,,,,,,,,,,,,,,,,,,,,,,,,,,,,,,,,,,,,,,,,,,,,
23.0,O,2.0,16.0,M,-29.0,Run,Rush,IOWA BLACK,,R,,,,1.0,2.0,Shaker with Hudl asst,2.0,O,,,,,,,,,,,,,,,,,,,,,,,,,,,,,,,,,,,,,,,,,,,,,,,,,,,,,,,,,,,,,,,,,,,,,,,,,,,,,,,,,,,
24.0,O,3.0,14.0,L,-31.0,Pass,Incomplete,IOWA BLACK,,L,,,,2.0,0.0,Shaker with Hudl asst,0.0,O,,,,,,,,,,,,,,,,,,,,,,,,,,,,,,,,,,,,,,,,,,,,,,,,,,,,,,,,,,,,,,,,,,,,,,,,,,,,,,,,,,,
25.0,K,4.0,14.0,L,-31.0,Punt,Downed,,,,,,,2.0,,Shaker with Hudl asst,0.0,K,,,,,,,,,,,,,,,,,,,,,,,,,,,,,,,,,,,,,,,,,,,,,,,,,,,,,,,,,,,,,,,,,,,,,,,,,,,,,,,,,,,
26.0,D,1.0,10.0,R,45.0,Pass,Penalty,IOWA BLACK,,L,,,,2.0,-5.0,Shaker with Hudl asst,-5.0,D,,,,,,,,,,,,,,,,,,,,,,,,,,,,,,,,,,,,,,,,,,,,,,,,,,,,,,,,,,,,,,,,,,,,,,,,,,,,,,,,,,,
27.0,D,1.0,15.0,R,50.0,Run,Rush,OREGON GREEN,,L,,,,2.0,-1.0,Shaker with Hudl asst,-1.0,D,,,,,,,,,,,,,,,,,,,,,,,,,,,,,,,,,,,,,,,,,,,,,,,,,,,,,,,,,,,,,,,,,,,,,,,,,,,,,,,,,,,
28.0,D,2.0,16.0,M,-49.0,Pass,Incomplete,WISCONSIN RED,,L,,,,2.0,0.0,Shaker with Hudl asst,0.0,D,,,,,,,,,,,,,,,,,,,,,,,,,,,,,,,,,,,,,,,,,,,,,,,,,,,,,,,,,,,,,,,,,,,,,,,,,,,,,,,,,,,
29.0,D,3.0,16.0,L,-49.0,Pass,Complete,,,L,,,,2.0,7.0,Shaker with Hudl asst,7.0,D,,,,,,,,,,,,,,,,,,,,,,,,,,,,,,,,,,,,,,,,,,,,,,,,,,,,,,,,,,,,,,,,,,,,,,,,,,,,,,,,,,,
30.0,D,4.0,9.0,L,44.0,Pass,Incomplete,IOWA BLACK,,L,,,,2.0,0.0,Shaker with Hudl asst,0.0,D,,,,,,,,,,,,,,,,,,,,,,,,,,,,,,,,,,,,,,,,,,,,,,,,,,,,,,,,,,,,,,,,,,,,,,,,,,,,,,,,,,,
31.0,O,1.0,10.0,R,-44.0,Run,Rush,Wyoming brown,,L,,,,2.0,-5.0,Shaker with Hudl asst,-5.0,O,,,,,,,,,,,,,,,,,,,,,,,,,,,,,,,,,,,,,,,,,,,,,,,,,,,,,,,,,,,,,,,,,,,,,,,,,,,,,,,,,,,
32.0,O,2.0,15.0,R,-39.0,Run,Rush,WISCONSIN RED,,L,,,,2.0,2.0,Shaker with Hudl asst,2.0,O,,,,,,,,,,,,,,,,,,,,,,,,,,,,,,,,,,,,,,,,,,,,,,,,,,,,,,,,,,,,,,,,,,,,,,,,,,,,,,,,,,,
33.0,O,3.0,13.0,L,-41.0,Run,"Fumble, Def TD",IOWA BLACK,,R,,,,2.0,0.0,Shaker with Hudl asst,0.0,O,,,,,,,,,,,,,,,,,,,,,,,,,,,,,,,,,,,,,,,,,,,,,,,,,,,,,,,,,,,,,,,,,,,,,,,,,,,,,,,,,,,
34.0,K,,,M,3.0,Extra Pt. Block,Penalty,,,,,,,2.0,,Shaker with Hudl asst,0.0,K,,,,,,,,,,,,,,,,,,,,,,,,,,,,,,,,,,,,,,,,,,,,,,,,,,,,,,,,,,,,,,,,,,,,,,,,,,,,,,,,,,,
35.0,K,,,M,1.0,Extra Pt. Block,Penalty,,,,,,,2.0,,Shaker with Hudl asst,0.0,K,,,,,,,,,,,,,,,,,,,,,,,,,,,,,,,,,,,,,,,,,,,,,,,,,,,,,,,,,,,,,,,,,,,,,,,,,,,,,,,,,,,
36.0,K,,,M,1.0,Extra Pt. Block,Good,,,,,,,2.0,,Shaker with Hudl asst,0.0,K,,,,,,,,,,,,,,,,,,,,,,,,,,,,,,,,,,,,,,,,,,,,,,,,,,,,,,,,,,,,,,,,,,,,,,,,,,,,,,,,,,,
37.0,O,1.0,10.0,M,-35.0,Run,Rush,Wyoming brown,,R,,,,2.0,2.0,Shaker with Hudl asst,2.0,O,,,,,,,,,,,,,,,,,,,,,,,,,,,,,,,,,,,,,,,,,,,,,,,,,,,,,,,,,,,,,,,,,,,,,,,,,,,,,,,,,,,
38.0,O,2.0,8.0,M,-37.0,Pass,Complete,Wyoming brown,,L,,,,2.0,18.0,Shaker with Hudl asst,18.0,O,,,,,,,,,,,,,,,,,,,,,,,,,,,,,,,,,,,,,,,,,,,,,,,,,,,,,,,,,,,,,,,,,,,,,,,,,,,,,,,,,,,
39.0,O,1.0,10.0,L,45.0,Run,Rush,WISCONSIN RED,,R,,,,2.0,-2.0,Shaker with Hudl asst,-2.0,O,,,,,,,,,,,,,,,,,,,,,,,,,,,,,,,,,,,,,,,,,,,,,,,,,,,,,,,,,,,,,,,,,,,,,,,,,,,,,,,,,,,
40.0,O,2.0,12.0,L,47.0,Pass,Complete,Wyoming brown,,R,,,,2.0,27.0,Shaker with Hudl asst,27.0,O,,,,,,,,,,,,,,,,,,,,,,,,,,,,,,,,,,,,,,,,,,,,,,,,,,,,,,,,,,,,,,,,,,,,,,,,,,,,,,,,,,,
41.0,S,,,,,,,,,,,,,2.0,,Shaker with Hudl asst,0.0,S,,,,,,,,,,,,,,,,,,,,,,,,,,,,,,,,,,,,,,,,,,,,,,,,,,,,,,,,,,,,,,,,,,,,,,,,,,,,,,,,,,,
42.0,O,1.0,10.0,R,20.0,Run,Penalty,Twins Split,,L,,,,2.0,-10.0,Shaker with Hudl asst,-10.0,O,,,,,,,,,,,,,,,,,,,,,,,,,,,,,,,,,,,,,,,,,,,,,,,,,,,,,,,,,,,,,,,,,,,,,,,,,,,,,,,,,,,
43.0,O,1.0,20.0,M,30.0,Pass,Penalty,IOWA BLACK,,L,,,,2.0,15.0,Shaker with Hudl asst,15.0,O,,,,,,,,,,,,,,,,,,,,,,,,,,,,,,,,,,,,,,,,,,,,,,,,,,,,,,,,,,,,,,,,,,,,,,,,,,,,,,,,,,,
44.0,O,1.0,5.0,R,15.0,Run,Rush,IOWA BLACK,,R,,,,2.0,5.0,Shaker with Hudl asst,5.0,O,,,,,,,,,,,,,,,,,,,,,,,,,,,,,,,,,,,,,,,,,,,,,,,,,,,,,,,,,,,,,,,,,,,,,,,,,,,,,,,,,,,
45.0,O,1.0,10.0,R,10.0,Run,Rush,IOWA BLACK,,R,,,,2.0,-5.0,Shaker with Hudl asst,-5.0,O,,,,,,,,,,,,,,,,,,,,,,,,,,,,,,,,,,,,,,,,,,,,,,,,,,,,,,,,,,,,,,,,,,,,,,,,,,,,,,,,,,,
46.0,O,2.0,15.0,R,15.0,Pass,"Interception, Def TD",IOWA BLACK,,R,,,,2.0,0.0,Shaker with Hudl asst,0.0,O,,,,,,,,,,,,,,,,,,,,,,,,,,,,,,,,,,,,,,,,,,,,,,,,,,,,,,,,,,,,,,,,,,,,,,,,,,,,,,,,,,,
47.0,K,,,M,3.0,Extra Pt. Block,Good,,,,,,,2.0,,Shaker with Hudl asst,0.0,K,,,,,,,,,,,,,,,,,,,,,,,,,,,,,,,,,,,,,,,,,,,,,,,,,,,,,,,,,,,,,,,,,,,,,,,,,,,,,,,,,,,
48.0,S,,,,,,,,,,,,,2.0,,Shaker with Hudl asst,0.0,S,,,,,,,,,,,,,,,,,,,,,,,,,,,,,,,,,,,,,,,,,,,,,,,,,,,,,,,,,,,,,,,,,,,,,,,,,,,,,,,,,,,
49.0,O,1.0,10.0,M,-35.0,Run,Rush,Wyoming brown,,L,,,,2.0,1.0,Shaker with Hudl asst,1.0,O,,,,,,,,,,,,,,,,,,,,,,,,,,,,,,,,,,,,,,,,,,,,,,,,,,,,,,,,,,,,,,,,,,,,,,,,,,,,,,,,,,,
50.0,O,2.0,9.0,M,-36.0,Pass,Complete,WISCONSIN RED,,R,,,,2.0,2.0,Shaker with Hudl asst,2.0,O,,,,,,,,,,,,,,,,,,,,,,,,,,,,,,,,,,,,,,,,,,,,,,,,,,,,,,,,,,,,,,,,,,,,,,,,,,,,,,,,,,,
51.0,S,,,,,,,,,,,,,2.0,,Shaker with Hudl asst,0.0,S,,,,,,,,,,,,,,,,,,,,,,,,,,,,,,,,,,,,,,,,,,,,,,,,,,,,,,,,,,,,,,,,,,,,,,,,,,,,,,,,,,,
52.0,S,,,,,,,,,,,,,2.0,,Shaker with Hudl asst,0.0,S,,,,,,,,,,,,,,,,,,,,,,,,,,,,,,,,,,,,,,,,,,,,,,,,,,,,,,,,,,,,,,,,,,,,,,,,,,,,,,,,,,,
53.0,S,,,,,,,,,,,,,2.0,,Shaker with Hudl asst,0.0,S,,,,,,,,,,,,,,,,,,,,,,,,,,,,,,,,,,,,,,,,,,,,,,,,,,,,,,,,,,,,,,,,,,,,,,,,,,,,,,,,,,,
54.0,S,,,,,,,,,,,,,2.0,,Shaker with Hudl asst,0.0,S,,,,,,,,,,,,,,,,,,,,,,,,,,,,,,,,,,,,,,,,,,,,,,,,,,,,,,,,,,,,,,,,,,,,,,,,,,,,,,,,,,,
55.0,S,,,,,,,,,,,,,2.0,,Shaker with Hudl asst,0.0,S,,,,,,,,,,,,,,,,,,,,,,,,,,,,,,,,,,,,,,,,,,,,,,,,,,,,,,,,,,,,,,,,,,,,,,,,,,,,,,,,,,,
56.0,D,1.0,10.0,L,-35.0,Run,Rush,OREGON GREEN,,R,,,,3.0,-3.0,Shaker with Hudl asst,-3.0,D,,,,,,,,,,,,,,,,,,,,,,,,,,,,,,,,,,,,,,,,,,,,,,,,,,,,,,,,,,,,,,,,,,,,,,,,,,,,,,,,,,,
57.0,D,2.0,13.0,R,-32.0,Pass,Complete,WISCONSIN RED,,R,,,,3.0,-7.0,Shaker with Hudl asst,-7.0,D,,,,,,,,,,,,,,,,,,,,,,,,,,,,,,,,,,,,,,,,,,,,,,,,,,,,,,,,,,,,,,,,,,,,,,,,,,,,,,,,,,,
58.0,D,3.0,20.0,R,-25.0,Pass,Sack,FLA. BLUE,,R,,,,3.0,-7.0,Shaker with Hudl asst,-7.0,D,,,,,,,,,,,,,,,,,,,,,,,,,,,,,,,,,,,,,,,,,,,,,,,,,,,,,,,,,,,,,,,,,,,,,,,,,,,,,,,,,,,
59.0,O,1.0,10.0,L,18.0,Pass,Complete,Wyoming brown,,L,,,,3.0,9.0,Shaker with Hudl asst,9.0,O,,,,,,,,,,,,,,,,,,,,,,,,,,,,,,,,,,,,,,,,,,,,,,,,,,,,,,,,,,,,,,,,,,,,,,,,,,,,,,,,,,,
60.0,O,2.0,1.0,R,9.0,Run,Rush,Wyoming brown,,L,,,,3.0,-2.0,Shaker with Hudl asst,-2.0,O,,,,,,,,,,,,,,,,,,,,,,,,,,,,,,,,,,,,,,,,,,,,,,,,,,,,,,,,,,,,,,,,,,,,,,,,,,,,,,,,,,,
61.0,O,3.0,3.0,R,11.0,Pass,Incomplete,WISCONSIN RED,,R,,,,3.0,0.0,Shaker with Hudl asst,0.0,O,,,,,,,,,,,,,,,,,,,,,,,,,,,,,,,,,,,,,,,,,,,,,,,,,,,,,,,,,,,,,,,,,,,,,,,,,,,,,,,,,,,
62.0,O,4.0,3.0,R,11.0,,Penalty,,,,,,,3.0,5.0,Shaker with Hudl asst,5.0,O,,,,,,,,,,,,,,,,,,,,,,,,,,,,,,,,,,,,,,,,,,,,,,,,,,,,,,,,,,,,,,,,,,,,,,,,,,,,,,,,,,,
63.0,O,1.0,6.0,R,6.0,Run,Rush,Wyoming brown,,L,,,,3.0,4.0,Shaker with Hudl asst,4.0,O,,,,,,,,,,,,,,,,,,,,,,,,,,,,,,,,,,,,,,,,,,,,,,,,,,,,,,,,,,,,,,,,,,,,,,,,,,,,,,,,,,,
64.0,O,2.0,2.0,M,2.0,Run,"Rush, TD",Twins Split,,R,,,,3.0,2.0,Shaker with Hudl asst,2.0,O,,,,,,,,,,,,,,,,,,,,,,,,,,,,,,,,,,,,,,,,,,,,,,,,,,,,,,,,,,,,,,,,,,,,,,,,,,,,,,,,,,,
65.0,S,,,,,,,,,,,,,3.0,,Shaker with Hudl asst,0.0,S,,,,,,,,,,,,,,,,,,,,,,,,,,,,,,,,,,,,,,,,,,,,,,,,,,,,,,,,,,,,,,,,,,,,,,,,,,,,,,,,,,,
66.0,K,,,M,3.0,2 Pt.,No Good,,,L,,,,3.0,,Shaker with Hudl asst,0.0,K,,,,,,,,,,,,,,,,,,,,,,,,,,,,,,,,,,,,,,,,,,,,,,,,,,,,,,,,,,,,,,,,,,,,,,,,,,,,,,,,,,,
67.0,D,1.0,10.0,M,-35.0,Run,Rush,FLA. BLUE TIGHT,,L,,,,3.0,5.0,Shaker with Hudl asst,5.0,D,,,,,,,,,,,,,,,,,,,,,,,,,,,,,,,,,,,,,,,,,,,,,,,,,,,,,,,,,,,,,,,,,,,,,,,,,,,,,,,,,,,
68.0,D,2.0,5.0,L,-40.0,Run,Rush,,,L,,,,3.0,6.0,Shaker with Hudl asst,6.0,D,,,,,,,,,,,,,,,,,,,,,,,,,,,,,,,,,,,,,,,,,,,,,,,,,,,,,,,,,,,,,,,,,,,,,,,,,,,,,,,,,,,
69.0,D,1.0,10.0,L,-46.0,Pass,Incomplete,OREGON GREEN,,R,,,,3.0,0.0,Shaker with Hudl asst,0.0,D,,,,,,,,,,,,,,,,,,,,,,,,,,,,,,,,,,,,,,,,,,,,,,,,,,,,,,,,,,,,,,,,,,,,,,,,,,,,,,,,,,,
70.0,D,2.0,10.0,L,-46.0,Run,Rush,,,L,,,,3.0,-3.0,Shaker with Hudl asst,-3.0,D,,,,,,,,,,,,,,,,,,,,,,,,,,,,,,,,,,,,,,,,,,,,,,,,,,,,,,,,,,,,,,,,,,,,,,,,,,,,,,,,,,,
71.0,D,3.0,13.0,L,-43.0,Pass,Complete,FLA. BLUE,,L,,,,3.0,0.0,Shaker with Hudl asst,0.0,D,,,,,,,,,,,,,,,,,,,,,,,,,,,,,,,,,,,,,,,,,,,,,,,,,,,,,,,,,,,,,,,,,,,,,,,,,,,,,,,,,,,
72.0,K,4.0,13.0,L,-43.0,Punt Rec,Downed,,,,,,,3.0,,Shaker with Hudl asst,0.0,K,,,,,,,,,,,,,,,,,,,,,,,,,,,,,,,,,,,,,,,,,,,,,,,,,,,,,,,,,,,,,,,,,,,,,,,,,,,,,,,,,,,
73.0,O,1.0,10.0,R,-45.0,Run,Rush,Wyoming brown,,L,,,,3.0,-9.0,Shaker with Hudl asst,-9.0,O,,,,,,,,,,,,,,,,,,,,,,,,,,,,,,,,,,,,,,,,,,,,,,,,,,,,,,,,,,,,,,,,,,,,,,,,,,,,,,,,,,,
74.0,O,2.0,19.0,R,-36.0,Run,Fumble,IOWA BLACK,,L,,,,3.0,13.0,Shaker with Hudl asst,13.0,O,,,,,,,,,,,,,,,,,,,,,,,,,,,,,,,,,,,,,,,,,,,,,,,,,,,,,,,,,,,,,,,,,,,,,,,,,,,,,,,,,,,
75.0,D,1.0,10.0,R,-47.0,Pass,Complete,FLA. BLUE,,L,,,,3.0,20.0,Shaker with Hudl asst,20.0,D,,,,,,,,,,,,,,,,,,,,,,,,,,,,,,,,,,,,,,,,,,,,,,,,,,,,,,,,,,,,,,,,,,,,,,,,,,,,,,,,,,,
76.0,D,1.0,10.0,L,33.0,Run,Rush,,,R,,,,3.0,3.0,Shaker with Hudl asst,3.0,D,,,,,,,,,,,,,,,,,,,,,,,,,,,,,,,,,,,,,,,,,,,,,,,,,,,,,,,,,,,,,,,,,,,,,,,,,,,,,,,,,,,
77.0,D,2.0,7.0,L,30.0,Pass,Incomplete,FLA. BLUE,,R,,,,3.0,0.0,Shaker with Hudl asst,0.0,D,,,,,,,,,,,,,,,,,,,,,,,,,,,,,,,,,,,,,,,,,,,,,,,,,,,,,,,,,,,,,,,,,,,,,,,,,,,,,,,,,,,
78.0,D,3.0,7.0,M,30.0,Pass,Incomplete,OREGON GREEN,,L,,,,3.0,0.0,Shaker with Hudl asst,0.0,D,,,,,,,,,,,,,,,,,,,,,,,,,,,,,,,,,,,,,,,,,,,,,,,,,,,,,,,,,,,,,,,,,,,,,,,,,,,,,,,,,,,
79.0,D,4.0,7.0,M,30.0,Pass,Complete,FLA. BLUE,,R,,,,3.0,17.0,Shaker with Hudl asst,17.0,D,,,,,,,,,,,,,,,,,,,,,,,,,,,,,,,,,,,,,,,,,,,,,,,,,,,,,,,,,,,,,,,,,,,,,,,,,,,,,,,,,,,
80.0,D,1.0,10.0,R,13.0,Run,Rush,FLA. BLUE TIGHT,,L,,,,3.0,2.0,Shaker with Hudl asst,2.0,D,,,,,,,,,,,,,,,,,,,,,,,,,,,,,,,,,,,,,,,,,,,,,,,,,,,,,,,,,,,,,,,,,,,,,,,,,,,,,,,,,,,
81.0,D,2.0,8.0,R,11.0,Pass,"Complete, TD",,,L,,,,4.0,11.0,Shaker with Hudl asst,11.0,D,,,,,,,,,,,,,,,,,,,,,,,,,,,,,,,,,,,,,,,,,,,,,,,,,,,,,,,,,,,,,,,,,,,,,,,,,,,,,,,,,,,
82.0,K,,,M,3.0,Extra Pt. Block,Good,DBL TE,,,,,,4.0,,Shaker with Hudl asst,0.0,K,,,,,,,,,,,,,,,,,,,,,,,,,,,,,,,,,,,,,,,,,,,,,,,,,,,,,,,,,,,,,,,,,,,,,,,,,,,,,,,,,,,
83.0,O,1.0,10.0,M,-35.0,Pass,Complete,IOWA BLACK,,R,,,,4.0,0.0,Shaker with Hudl asst,0.0,O,,,,,,,,,,,,,,,,,,,,,,,,,,,,,,,,,,,,,,,,,,,,,,,,,,,,,,,,,,,,,,,,,,,,,,,,,,,,,,,,,,,
84.0,O,2.0,10.0,M,-35.0,Pass,Incomplete,IOWA BLACK,,L,,,,4.0,0.0,Shaker with Hudl asst,0.0,O,,,,,,,,,,,,,,,,,,,,,,,,,,,,,,,,,,,,,,,,,,,,,,,,,,,,,,,,,,,,,,,,,,,,,,,,,,,,,,,,,,,
85.0,O,3.0,10.0,M,-35.0,Pass,Complete,IOWA BLACK,,L,,,,4.0,12.0,Shaker with Hudl asst,12.0,O,,,,,,,,,,,,,,,,,,,,,,,,,,,,,,,,,,,,,,,,,,,,,,,,,,,,,,,,,,,,,,,,,,,,,,,,,,,,,,,,,,,
86.0,O,1.0,10.0,L,-47.0,Pass,Penalty,IOWA BLACK,,L,,,,4.0,-9.0,Shaker with Hudl asst,-9.0,O,,,,,,,,,,,,,,,,,,,,,,,,,,,,,,,,,,,,,,,,,,,,,,,,,,,,,,,,,,,,,,,,,,,,,,,,,,,,,,,,,,,
87.0,O,1.0,19.0,L,-38.0,Run,Penalty,IOWA BLACK,,L,,,,4.0,-3.0,Shaker with Hudl asst,-3.0,O,,,,,,,,,,,,,,,,,,,,,,,,,,,,,,,,,,,,,,,,,,,,,,,,,,,,,,,,,,,,,,,,,,,,,,,,,,,,,,,,,,,
88.0,D,1.0,10.0,R,35.0,Run,Rush,,,L,,,,4.0,-3.0,Shaker with Hudl asst,-3.0,D,,,,,,,,,,,,,,,,,,,,,,,,,,,,,,,,,,,,,,,,,,,,,,,,,,,,,,,,,,,,,,,,,,,,,,,,,,,,,,,,,,,
89.0,D,2.0,13.0,L,38.0,Run,Rush,,,L,,,,4.0,-4.0,Shaker with Hudl asst,-4.0,D,,,,,,,,,,,,,,,,,,,,,,,,,,,,,,,,,,,,,,,,,,,,,,,,,,,,,,,,,,,,,,,,,,,,,,,,,,,,,,,,,,,
90.0,D,3.0,17.0,L,42.0,Pass,Scramble,IOWA BLACK,,R,,,,4.0,6.0,Shaker with Hudl asst,6.0,D,,,,,,,,,,,,,,,,,,,,,,,,,,,,,,,,,,,,,,,,,,,,,,,,,,,,,,,,,,,,,,,,,,,,,,,,,,,,,,,,,,,
91.0,D,4.0,11.0,R,36.0,Pass,Incomplete,OREGON GREEN,,R,,,,4.0,0.0,Shaker with Hudl asst,0.0,D,,,,,,,,,,,,,,,,,,,,,,,,,,,,,,,,,,,,,,,,,,,,,,,,,,,,,,,,,,,,,,,,,,,,,,,,,,,,,,,,,,,
92.0,O,1.0,10.0,L,-36.0,Pass,"Complete, TD",FLA. BLUE,,L,,,,4.0,64.0,Shaker with Hudl asst,64.0,O,,,,,,,,,,,,,,,,,,,,,,,,,,,,,,,,,,,,,,,,,,,,,,,,,,,,,,,,,,,,,,,,,,,,,,,,,,,,,,,,,,,
93.0,K,,,M,3.0,Extra Pt.,No Good,FLA. BLUE,,,,,,4.0,,Shaker with Hudl asst,0.0,K,,,,,,,,,,,,,,,,,,,,,,,,,,,,,,,,,,,,,,,,,,,,,,,,,,,,,,,,,,,,,,,,,,,,,,,,,,,,,,,,,,,
94.0,D,1.0,10.0,M,-35.0,Run,Rush,OREGON GREEN,,R,,,,4.0,6.0,Shaker with Hudl asst,6.0,D,,,,,,,,,,,,,,,,,,,,,,,,,,,,,,,,,,,,,,,,,,,,,,,,,,,,,,,,,,,,,,,,,,,,,,,,,,,,,,,,,,,
95.0,D,2.0,4.0,R,-41.0,Run,Rush,OREGON GREEN,,R,,,,4.0,2.0,Shaker with Hudl asst,2.0,D,,,,,,,,,,,,,,,,,,,,,,,,,,,,,,,,,,,,,,,,,,,,,,,,,,,,,,,,,,,,,,,,,,,,,,,,,,,,,,,,,,,
96.0,D,3.0,2.0,R,-43.0,Run,Rush,OREGON GREEN,,R,,,,4.0,0.0,Shaker with Hudl asst,0.0,D,,,,,,,,,,,,,,,,,,,,,,,,,,,,,,,,,,,,,,,,,,,,,,,,,,,,,,,,,,,,,,,,,,,,,,,,,,,,,,,,,,,
97.0,K,4.0,2.0,R,-43.0,Punt Rec,Out of Bounds,,,,,,,4.0,,Shaker with Hudl asst,0.0,K,,,,,,,,,,,,,,,,,,,,,,,,,,,,,,,,,,,,,,,,,,,,,,,,,,,,,,,,,,,,,,,,,,,,,,,,,,,,,,,,,,,
98.0,O,1.0,10.0,L,-32.0,Run,Rush,IOWA BLACK,,R,,,,4.0,-7.0,Shaker with Hudl asst,-7.0,O,,,,,,,,,,,,,,,,,,,,,,,,,,,,,,,,,,,,,,,,,,,,,,,,,,,,,,,,,,,,,,,,,,,,,,,,,,,,,,,,,,,
99.0,S,,,,,,,,,,,,,4.0,,Shaker with Hudl asst,0.0,S,,,,,,,,,,,,,,,,,,,,,,,,,,,,,,,,,,,,,,,,,,,,,,,,,,,,,,,,,,,,,,,,,,,,,,,,,,,,,,,,,,,
100.0,O,2.0,17.0,L,-25.0,Pass,Incomplete,IOWA BLACK,,R,,,,4.0,0.0,Shaker with Hudl asst,0.0,O,,,,,,,,,,,,,,,,,,,,,,,,,,,,,,,,,,,,,,,,,,,,,,,,,,,,,,,,,,,,,,,,,,,,,,,,,,,,,,,,,,,
101.0,O,3.0,17.0,L,-25.0,Pass,Sack,FLA. BLUE,,L,,,,4.0,-12.0,Shaker with Hudl asst,-12.0,O,,,,,,,,,,,,,,,,,,,,,,,,,,,,,,,,,,,,,,,,,,,,,,,,,,,,,,,,,,,,,,,,,,,,,,,,,,,,,,,,,,,
102.0,O,4.0,29.0,L,-13.0,Pass,"Complete, TD",FLA. BLUE,,L,,,,4.0,87.0,Shaker with Hudl asst,87.0,O,,,,,,,,,,,,,,,,,,,,,,,,,,,,,,,,,,,,,,,,,,,,,,,,,,,,,,,,,,,,,,,,,,,,,,,,,,,,,,,,,,,
103.0,K,,,M,3.0,2 Pt.,No Good,IOWA BLACK,,L,,,,4.0,,Shaker with Hudl asst,0.0,K,,,,,,,,,,,,,,,,,,,,,,,,,,,,,,,,,,,,,,,,,,,,,,,,,,,,,,,,,,,,,,,,,,,,,,,,,,,,,,,,,,,
104.0,D,1.0,10.0,L,-35.0,Run,Rush,,,R,,,,4.0,-2.0,Shaker with Hudl asst,-2.0,D,,,,,,,,,,,,,,,,,,,,,,,,,,,,,,,,,,,,,,,,,,,,,,,,,,,,,,,,,,,,,,,,,,,,,,,,,,,,,,,,,,,
105.0,D,2.0,12.0,M,-33.0,Pass,Complete,IOWA BLACK,,L,,,,4.0,3.0,Shaker with Hudl asst,3.0,D,,,,,,,,,,,,,,,,,,,,,,,,,,,,,,,,,,,,,,,,,,,,,,,,,,,,,,,,,,,,,,,,,,,,,,,,,,,,,,,,,,,
106.0,D,3.0,9.0,L,-36.0,Pass,Complete,FLA. BLUE,,L,,,,4.0,12.0,Shaker with Hudl asst,12.0,D,,,,,,,,,,,,,,,,,,,,,,,,,,,,,,,,,,,,,,,,,,,,,,,,,,,,,,,,,,,,,,,,,,,,,,,,,,,,,,,,,,,
107.0,S,,,,,,,,,,,,,4.0,,Shaker with Hudl asst,0.0,S,,,,,,,,,,,,,,,,,,,,,,,,,,,,,,,,,,,,,,,,,,,,,,,,,,,,,,,,,,,,,,,,,,,,,,,,,,,,,,,,,,,
108.0,S,,,,,,,,,,,,,4.0,,Shaker with Hudl asst,0.0,S,,,,,,,,,,,,,,,,,,,,,,,,,,,,,,,,,,,,,,,,,,,,,,,,,,,,,,,,,,,,,,,,,,,,,,,,,,,,,,,,,,,
109.0,S,,,,,,,,,,,,,4.0,,Shaker with Hudl asst,0.0,S,,,,,,,,,,,,,,,,,,,,,,,,,,,,,,,,,,,,,,,,,,,,,,,,,,,,,,,,,,,,,,,,,,,,,,,,,,,,,,,,,,,
110.0,S,,,,,,,,,,,,,4.0,,Shaker with Hudl asst,0.0,S,,,,,,,,,,,,,,,,,,,,,,,,,,,,,,,,,,,,,,,,,,,,,,,,,,,,,,,,,,,,,,,,,,,,,,,,,,,,,,,,,,,
111.0,S,,,,,,,,,,,,,4.0,,Shaker with Hudl asst,0.0,S,,,,,,,,,,,,,,,,,,,,,,,,,,,,,,,,,,,,,,,,,,,,,,,,,,,,,,,,,,,,,,,,,,,,,,,,,,,,,,,,,,,
112.0,S,,,,,,,,,,,,,4.0,,Shaker with Hudl asst,0.0,S,,,,,,,,,,,,,,,,,,,,,,,,,,,,,,,,,,,,,,,,,,,,,,,,,,,,,,,,,,,,,,,,,,,,,,,,,,,,,,,,,,,
113.0,S,,,,,,,TEXAS BROWN,,,,,,4.0,,Shaker with Hudl asst,0.0,S,,,,,,,,,,,,,,,,,,,,,,,,,,,,,,,,,,,,,,,,,,,,,,,,,,,,,,,,,,,,,,,,,,,,,,,,,,,,,,,,,,,
1.0,S,,,,,,,,,,,,,1.0,,Season_Total,0.0,S,,,,,,,,,,,,,,,,,,,,,,,,,,,,,,,,,,,,,,,,,,,,,,,,,,,,,,,,,,,,,,,,,,,,,,,,,,,,,,,,,,,
2.0,S,,,,,,,,,,,,,1.0,,Season_Total,0.0,S,,,,,,,,,,,,,,,,,,,,,,,,,,,,,,,,,,,,,,,,,,,,,,,,,,,,,,,,,,,,,,,,,,,,,,,,,,,,,,,,,,,
3.0,K,,,L,-40.0,KO Rec,Return,TEXAS BROWN,,,,,,1.0,,Season_Total,0.0,K,,,,,,,,,,,,,,,,,,,,,,,,,,,,,,,,,,,,,,,,,,,,,,,,,,,,,,,,,,,,,,,,,,,,,,,,,,,,,,,,,,,
4.0,O,1.0,10.0,R,-46.0,Pass,Sack,,,R,,,,1.0,14.0,Season_Total,14.0,O,,,,,,,,,,,,,,,,,,,,,,,,,,,,,,,,,,,,,,,,,,,,,,,,,,,,,,,,,,,,,,,,,,,,,,,,,,,,,,,,,,,
5.0,D,1.0,10.0,L,40.0,Run,Rush,,,R,,,,1.0,4.0,Season_Total,4.0,D,,,,,,,,,,,,,,,,,,,,,,,,,,,,,,,,,,,,,,,,,,,,,,,,,,,,,,,,,,,,,,,,,,,,,,,,,,,,,,,,,,,
6.0,D,2.0,6.0,L,36.0,Run,Rush,Twins Split,,R,,,,1.0,3.0,Season_Total,3.0,D,,,,,,,,,,,,,,,,,,,,,,,,,,,,,,,,,,,,,,,,,,,,,,,,,,,,,,,,,,,,,,,,,,,,,,,,,,,,,,,,,,,
7.0,D,3.0,3.0,M,33.0,Pass,"Complete, TD",WISCONSIN RED,,R,,,,1.0,33.0,Season_Total,33.0,D,,,,,,,,,,,,,,,,,,,,,,,,,,,,,,,,,,,,,,,,,,,,,,,,,,,,,,,,,,,,,,,,,,,,,,,,,,,,,,,,,,,
8.0,S,,,,,,,,,,,,,1.0,,Season_Total,0.0,S,,,,,,,,,,,,,,,,,,,,,,,,,,,,,,,,,,,,,,,,,,,,,,,,,,,,,,,,,,,,,,,,,,,,,,,,,,,,,,,,,,,
9.0,K,,,M,3.0,Extra Pt. Block,Good,,,,,,,1.0,,Season_Total,0.0,K,,,,,,,,,,,,,,,,,,,,,,,,,,,,,,,,,,,,,,,,,,,,,,,,,,,,,,,,,,,,,,,,,,,,,,,,,,,,,,,,,,,
10.0,K,1.0,10.0,L,-40.0,KO Rec,Return,,,,,,,1.0,,Season_Total,0.0,K,,,,,,,,,,,,,,,,,,,,,,,,,,,,,,,,,,,,,,,,,,,,,,,,,,,,,,,,,,,,,,,,,,,,,,,,,,,,,,,,,,,
11.0,O,1.0,10.0,M,-27.0,Run,Rush,WISCONSIN RED,,R,,,,1.0,11.0,Season_Total,11.0,O,,,,,,,,,,,,,,,,,,,,,,,,,,,,,,,,,,,,,,,,,,,,,,,,,,,,,,,,,,,,,,,,,,,,,,,,,,,,,,,,,,,
12.0,O,1.0,10.0,M,-38.0,Run,Rush,WISCONSIN RED,,L,,,,1.0,5.0,Season_Total,5.0,O,,,,,,,,,,,,,,,,,,,,,,,,,,,,,,,,,,,,,,,,,,,,,,,,,,,,,,,,,,,,,,,,,,,,,,,,,,,,,,,,,,,
13.0,O,2.0,5.0,L,-43.0,Run,Rush,WISCONSIN RED,,R,,,,1.0,2.0,Season_Total,2.0,O,,,,,,,,,,,,,,,,,,,,,,,,,,,,,,,,,,,,,,,,,,,,,,,,,,,,,,,,,,,,,,,,,,,,,,,,,,,,,,,,,,,
14.0,O,3.0,3.0,M,-45.0,Run,Rush,WISCONSIN RED,,R,,,,1.0,-2.0,Season_Total,-2.0,O,,,,,,,,,,,,,,,,,,,,,,,,,,,,,,,,,,,,,,,,,,,,,,,,,,,,,,,,,,,,,,,,,,,,,,,,,,,,,,,,,,,
15.0,O,4.0,5.0,R,-43.0,Pass,Complete,WISCONSIN RED,,R,,,,1.0,16.0,Season_Total,16.0,O,,,,,,,,,,,,,,,,,,,,,,,,,,,,,,,,,,,,,,,,,,,,,,,,,,,,,,,,,,,,,,,,,,,,,,,,,,,,,,,,,,,
16.0,O,1.0,10.0,R,41.0,Run,Rush,WISCONSIN RED,,L,,,,1.0,3.0,Season_Total,3.0,O,,,,,,,,,,,,,,,,,,,,,,,,,,,,,,,,,,,,,,,,,,,,,,,,,,,,,,,,,,,,,,,,,,,,,,,,,,,,,,,,,,,
17.0,O,2.0,7.0,R,38.0,Run,Rush,WISCONSIN RED,,R,,,,1.0,1.0,Season_Total,1.0,O,,,,,,,,,,,,,,,,,,,,,,,,,,,,,,,,,,,,,,,,,,,,,,,,,,,,,,,,,,,,,,,,,,,,,,,,,,,,,,,,,,,
18.0,S,,,,,,,IOWA BLACK,,,,,,1.0,,Season_Total,0.0,S,,,,,,,,,,,,,,,,,,,,,,,,,,,,,,,,,,,,,,,,,,,,,,,,,,,,,,,,,,,,,,,,,,,,,,,,,,,,,,,,,,,
19.0,O,3.0,6.0,R,37.0,Pass,Incomplete,WISCONSIN RED,,R,,,,1.0,0.0,Season_Total,0.0,O,,,,,,,,,,,,,,,,,,,,,,,,,,,,,,,,,,,,,,,,,,,,,,,,,,,,,,,,,,,,,,,,,,,,,,,,,,,,,,,,,,,
20.0,O,4.0,6.0,R,37.0,Pass,Complete,,,R,,,,1.0,23.0,Season_Total,23.0,O,,,,,,,,,,,,,,,,,,,,,,,,,,,,,,,,,,,,,,,,,,,,,,,,,,,,,,,,,,,,,,,,,,,,,,,,,,,,,,,,,,,
21.0,S,,,,,,,,,,,,,1.0,,Season_Total,0.0,S,,,,,,,,,,,,,,,,,,,,,,,,,,,,,,,,,,,,,,,,,,,,,,,,,,,,,,,,,,,,,,,,,,,,,,,,,,,,,,,,,,,
22.0,S,,,,,,,,,,,,,1.0,,Season_Total,0.0,S,,,,,,,,,,,,,,,,,,,,,,,,,,,,,,,,,,,,,,,,,,,,,,,,,,,,,,,,,,,,,,,,,,,,,,,,,,,,,,,,,,,
23.0,O,1.0,10.0,R,14.0,Run,Rush,,,L,,,,1.0,6.0,Season_Total,6.0,O,,,,,,,,,,,,,,,,,,,,,,,,,,,,,,,,,,,,,,,,,,,,,,,,,,,,,,,,,,,,,,,,,,,,,,,,,,,,,,,,,,,
24.0,S,,,,,,,,,,,,,1.0,,Season_Total,0.0,S,,,,,,,,,,,,,,,,,,,,,,,,,,,,,,,,,,,,,,,,,,,,,,,,,,,,,,,,,,,,,,,,,,,,,,,,,,,,,,,,,,,
25.0,O,2.0,4.0,M,8.0,Run,Rush,WISCONSIN RED,,L,,,,1.0,4.0,Season_Total,4.0,O,,,,,,,,,,,,,,,,,,,,,,,,,,,,,,,,,,,,,,,,,,,,,,,,,,,,,,,,,,,,,,,,,,,,,,,,,,,,,,,,,,,
26.0,O,3.0,8.0,L,4.0,Run,Rush,IOWA BLACK,,R,,,,1.0,3.0,Season_Total,3.0,O,,,,,,,,,,,,,,,,,,,,,,,,,,,,,,,,,,,,,,,,,,,,,,,,,,,,,,,,,,,,,,,,,,,,,,,,,,,,,,,,,,,
27.0,S,,,,,,,,,,,,,1.0,,Season_Total,0.0,S,,,,,,,,,,,,,,,,,,,,,,,,,,,,,,,,,,,,,,,,,,,,,,,,,,,,,,,,,,,,,,,,,,,,,,,,,,,,,,,,,,,
28.0,O,4.0,5.0,L,1.0,Run,Penalty,IOWA BLACK,,R,,,,1.0,4.0,Season_Total,4.0,O,,,,,,,,,,,,,,,,,,,,,,,,,,,,,,,,,,,,,,,,,,,,,,,,,,,,,,,,,,,,,,,,,,,,,,,,,,,,,,,,,,,
29.0,D,1.0,10.0,M,-5.0,Pass,Incomplete,,,R,,,,1.0,0.0,Season_Total,0.0,D,,,,,,,,,,,,,,,,,,,,,,,,,,,,,,,,,,,,,,,,,,,,,,,,,,,,,,,,,,,,,,,,,,,,,,,,,,,,,,,,,,,
30.0,D,2.0,10.0,R,-5.0,Run,Rush,,,R,,,,1.0,10.0,Season_Total,10.0,D,,,,,,,,,,,,,,,,,,,,,,,,,,,,,,,,,,,,,,,,,,,,,,,,,,,,,,,,,,,,,,,,,,,,,,,,,,,,,,,,,,,
31.0,D,1.0,10.0,R,-15.0,Pass,Penalty,,,L,,,,1.0,10.0,Season_Total,10.0,D,,,,,,,,,,,,,,,,,,,,,,,,,,,,,,,,,,,,,,,,,,,,,,,,,,,,,,,,,,,,,,,,,,,,,,,,,,,,,,,,,,,
32.0,D,1.0,10.0,R,-25.0,Pass,Incomplete,,,R,,,,1.0,0.0,Season_Total,0.0,D,,,,,,,,,,,,,,,,,,,,,,,,,,,,,,,,,,,,,,,,,,,,,,,,,,,,,,,,,,,,,,,,,,,,,,,,,,,,,,,,,,,
33.0,D,2.0,10.0,R,-25.0,Run,Rush,,,L,,,,1.0,0.0,Season_Total,0.0,D,,,,,,,,,,,,,,,,,,,,,,,,,,,,,,,,,,,,,,,,,,,,,,,,,,,,,,,,,,,,,,,,,,,,,,,,,,,,,,,,,,,
34.0,S,,,,,,,,,,,,,1.0,,Season_Total,0.0,S,,,,,,,,,,,,,,,,,,,,,,,,,,,,,,,,,,,,,,,,,,,,,,,,,,,,,,,,,,,,,,,,,,,,,,,,,,,,,,,,,,,
35.0,S,,,,,,,,,,,,,1.0,,Season_Total,0.0,S,,,,,,,,,,,,,,,,,,,,,,,,,,,,,,,,,,,,,,,,,,,,,,,,,,,,,,,,,,,,,,,,,,,,,,,,,,,,,,,,,,,
36.0,D,3.0,10.0,L,-25.0,,Timeout,FLA. BLUE,,,,,,1.0,0.0,Season_Total,0.0,D,,,,,,,,,,,,,,,,,,,,,,,,,,,,,,,,,,,,,,,,,,,,,,,,,,,,,,,,,,,,,,,,,,,,,,,,,,,,,,,,,,,
37.0,S,,,,,,,,,,,,,1.0,,Season_Total,0.0,S,,,,,,,,,,,,,,,,,,,,,,,,,,,,,,,,,,,,,,,,,,,,,,,,,,,,,,,,,,,,,,,,,,,,,,,,,,,,,,,,,,,
38.0,D,3.0,10.0,L,-25.0,Pass,Incomplete,FLA. BLUE,,R,,,,1.0,0.0,Season_Total,0.0,D,,,,,,,,,,,,,,,,,,,,,,,,,,,,,,,,,,,,,,,,,,,,,,,,,,,,,,,,,,,,,,,,,,,,,,,,,,,,,,,,,,,
39.0,K,4.0,10.0,L,-25.0,Punt Rec,Fair Catch,DBL TE,,,,,,1.0,,Season_Total,0.0,K,,,,,,,,,,,,,,,,,,,,,,,,,,,,,,,,,,,,,,,,,,,,,,,,,,,,,,,,,,,,,,,,,,,,,,,,,,,,,,,,,,,
40.0,O,1.0,10.0,R,50.0,Run,Rush,WISCONSIN RED,,R,,,,1.0,2.0,Season_Total,2.0,O,,,,,,,,,,,,,,,,,,,,,,,,,,,,,,,,,,,,,,,,,,,,,,,,,,,,,,,,,,,,,,,,,,,,,,,,,,,,,,,,,,,
41.0,O,2.0,8.0,R,48.0,Run,Rush,,,R,,,,1.0,2.0,Season_Total,2.0,O,,,,,,,,,,,,,,,,,,,,,,,,,,,,,,,,,,,,,,,,,,,,,,,,,,,,,,,,,,,,,,,,,,,,,,,,,,,,,,,,,,,
42.0,O,3.0,6.0,R,46.0,Pass,Interception,WISCONSIN RED,,L,,,,1.0,0.0,Season_Total,0.0,O,,,,,,,,,,,,,,,,,,,,,,,,,,,,,,,,,,,,,,,,,,,,,,,,,,,,,,,,,,,,,,,,,,,,,,,,,,,,,,,,,,,
43.0,D,1.0,10.0,L,-37.0,Pass,Complete,,,R,,,,1.0,3.0,Season_Total,3.0,D,,,,,,,,,,,,,,,,,,,,,,,,,,,,,,,,,,,,,,,,,,,,,,,,,,,,,,,,,,,,,,,,,,,,,,,,,,,,,,,,,,,
44.0,D,2.0,3.0,L,-40.0,Pass,Complete,,,R,,,,1.0,0.0,Season_Total,0.0,D,,,,,,,,,,,,,,,,,,,,,,,,,,,,,,,,,,,,,,,,,,,,,,,,,,,,,,,,,,,,,,,,,,,,,,,,,,,,,,,,,,,
45.0,D,2.0,10.0,L,-40.0,Run,Rush,WISCONSIN RED,,R,,,,1.0,12.0,Season_Total,12.0,D,,,,,,,,,,,,,,,,,,,,,,,,,,,,,,,,,,,,,,,,,,,,,,,,,,,,,,,,,,,,,,,,,,,,,,,,,,,,,,,,,,,
46.0,S,,,,,,,,,,,,,2.0,,Season_Total,0.0,S,,,,,,,,,,,,,,,,,,,,,,,,,,,,,,,,,,,,,,,,,,,,,,,,,,,,,,,,,,,,,,,,,,,,,,,,,,,,,,,,,,,
47.0,D,1.0,10.0,R,48.0,Run,Rush,,,L,,,,2.0,-5.0,Season_Total,-5.0,D,,,,,,,,,,,,,,,,,,,,,,,,,,,,,,,,,,,,,,,,,,,,,,,,,,,,,,,,,,,,,,,,,,,,,,,,,,,,,,,,,,,
48.0,D,2.0,15.0,M,-47.0,Pass,Complete,IOWA BLACK,,R,,,,2.0,12.0,Season_Total,12.0,D,,,,,,,,,,,,,,,,,,,,,,,,,,,,,,,,,,,,,,,,,,,,,,,,,,,,,,,,,,,,,,,,,,,,,,,,,,,,,,,,,,,
49.0,D,3.0,3.0,R,41.0,,Timeout,,,,,,,2.0,-5.0,Season_Total,-5.0,D,,,,,,,,,,,,,,,,,,,,,,,,,,,,,,,,,,,,,,,,,,,,,,,,,,,,,,,,,,,,,,,,,,,,,,,,,,,,,,,,,,,
50.0,D,4.0,8.0,R,46.0,Pass,Complete,,,L,,,,2.0,0.0,Season_Total,0.0,D,,,,,,,,,,,,,,,,,,,,,,,,,,,,,,,,,,,,,,,,,,,,,,,,,,,,,,,,,,,,,,,,,,,,,,,,,,,,,,,,,,,
51.0,K,1.0,10.0,L,46.0,Fake Punt,"Rush, TD",DBL TE,,R,,,,2.0,46.0,Season_Total,46.0,K,,,,,,,,,,,,,,,,,,,,,,,,,,,,,,,,,,,,,,,,,,,,,,,,,,,,,,,,,,,,,,,,,,,,,,,,,,,,,,,,,,,
52.0,K,,,M,3.0,Extra Pt. Block,No Good,,,,,,,2.0,,Season_Total,0.0,K,,,,,,,,,,,,,,,,,,,,,,,,,,,,,,,,,,,,,,,,,,,,,,,,,,,,,,,,,,,,,,,,,,,,,,,,,,,,,,,,,,,
53.0,K,,,M,-40.0,KO Rec,Return,,,,,,,2.0,,Season_Total,0.0,K,,,,,,,,,,,,,,,,,,,,,,,,,,,,,,,,,,,,,,,,,,,,,,,,,,,,,,,,,,,,,,,,,,,,,,,,,,,,,,,,,,,
54.0,O,1.0,10.0,R,-36.0,Run,Rush,,,L,,,,2.0,3.0,Season_Total,3.0,O,,,,,,,,,,,,,,,,,,,,,,,,,,,,,,,,,,,,,,,,,,,,,,,,,,,,,,,,,,,,,,,,,,,,,,,,,,,,,,,,,,,
55.0,O,2.0,7.0,M,-39.0,Run,Rush,,,R,,,,2.0,4.0,Season_Total,4.0,O,,,,,,,,,,,,,,,,,,,,,,,,,,,,,,,,,,,,,,,,,,,,,,,,,,,,,,,,,,,,,,,,,,,,,,,,,,,,,,,,,,,
56.0,O,3.0,3.0,M,-43.0,Pass,Scramble,,,R,,,,2.0,4.0,Season_Total,4.0,O,,,,,,,,,,,,,,,,,,,,,,,,,,,,,,,,,,,,,,,,,,,,,,,,,,,,,,,,,,,,,,,,,,,,,,,,,,,,,,,,,,,
57.0,O,1.0,10.0,R,-47.0,Run,Rush,,,L,,,,2.0,10.0,Season_Total,10.0,O,,,,,,,,,,,,,,,,,,,,,,,,,,,,,,,,,,,,,,,,,,,,,,,,,,,,,,,,,,,,,,,,,,,,,,,,,,,,,,,,,,,
58.0,O,1.0,10.0,L,43.0,Run,Rush,,,L,,,,2.0,0.0,Season_Total,0.0,O,,,,,,,,,,,,,,,,,,,,,,,,,,,,,,,,,,,,,,,,,,,,,,,,,,,,,,,,,,,,,,,,,,,,,,,,,,,,,,,,,,,
59.0,O,2.0,10.0,L,43.0,Pass,Complete,,,L,,,,2.0,16.0,Season_Total,16.0,O,,,,,,,,,,,,,,,,,,,,,,,,,,,,,,,,,,,,,,,,,,,,,,,,,,,,,,,,,,,,,,,,,,,,,,,,,,,,,,,,,,,
60.0,O,1.0,10.0,L,27.0,Run,Rush,WISCONSIN RED,,R,,,,2.0,5.0,Season_Total,5.0,O,,,,,,,,,,,,,,,,,,,,,,,,,,,,,,,,,,,,,,,,,,,,,,,,,,,,,,,,,,,,,,,,,,,,,,,,,,,,,,,,,,,
61.0,O,2.0,5.0,L,22.0,Run,Rush,WISCONSIN RED,,R,,,,2.0,-2.0,Season_Total,-2.0,O,,,,,,,,,,,,,,,,,,,,,,,,,,,,,,,,,,,,,,,,,,,,,,,,,,,,,,,,,,,,,,,,,,,,,,,,,,,,,,,,,,,
62.0,O,3.0,7.0,M,24.0,Pass,Incomplete,Twins Split,,L,,,,2.0,0.0,Season_Total,0.0,O,,,,,,,,,,,,,,,,,,,,,,,,,,,,,,,,,,,,,,,,,,,,,,,,,,,,,,,,,,,,,,,,,,,,,,,,,,,,,,,,,,,
63.0,S,,,,,,,FLA. BLUE,,,,,,2.0,,Season_Total,0.0,S,,,,,,,,,,,,,,,,,,,,,,,,,,,,,,,,,,,,,,,,,,,,,,,,,,,,,,,,,,,,,,,,,,,,,,,,,,,,,,,,,,,
64.0,O,4.0,7.0,M,24.0,Pass,Sack,,,L,,,,2.0,8.0,Season_Total,8.0,O,,,,,,,,,,,,,,,,,,,,,,,,,,,,,,,,,,,,,,,,,,,,,,,,,,,,,,,,,,,,,,,,,,,,,,,,,,,,,,,,,,,
65.0,D,1.0,10.0,M,-32.0,,Timeout,WISCONSIN RED,,,,,,2.0,0.0,Season_Total,0.0,D,,,,,,,,,,,,,,,,,,,,,,,,,,,,,,,,,,,,,,,,,,,,,,,,,,,,,,,,,,,,,,,,,,,,,,,,,,,,,,,,,,,
66.0,D,1.0,10.0,M,-32.0,Run,Rush,WISCONSIN RED,,L,,,,2.0,-9.0,Season_Total,-9.0,D,,,,,,,,,,,,,,,,,,,,,,,,,,,,,,,,,,,,,,,,,,,,,,,,,,,,,,,,,,,,,,,,,,,,,,,,,,,,,,,,,,,
67.0,D,2.0,19.0,M,-23.0,Run,Penalty,,,R,,,,2.0,1.0,Season_Total,1.0,D,,,,,,,,,,,,,,,,,,,,,,,,,,,,,,,,,,,,,,,,,,,,,,,,,,,,,,,,,,,,,,,,,,,,,,,,,,,,,,,,,,,
68.0,D,3.0,18.0,R,-24.0,Run,Rush,,,L,,,,2.0,-11.0,Season_Total,-11.0,D,,,,,,,,,,,,,,,,,,,,,,,,,,,,,,,,,,,,,,,,,,,,,,,,,,,,,,,,,,,,,,,,,,,,,,,,,,,,,,,,,,,
69.0,S,,,,,,,,,,,,,2.0,,Season_Total,0.0,S,,,,,,,,,,,,,,,,,,,,,,,,,,,,,,,,,,,,,,,,,,,,,,,,,,,,,,,,,,,,,,,,,,,,,,,,,,,,,,,,,,,
70.0,D,4.0,29.0,M,-13.0,Pass,Incomplete,IOWA BLACK,,L,,,,2.0,0.0,Season_Total,0.0,D,,,,,,,,,,,,,,,,,,,,,,,,,,,,,,,,,,,,,,,,,,,,,,,,,,,,,,,,,,,,,,,,,,,,,,,,,,,,,,,,,,,
71.0,S,,,,,,,,,,,,,2.0,,Season_Total,0.0,S,,,,,,,,,,,,,,,,,,,,,,,,,,,,,,,,,,,,,,,,,,,,,,,,,,,,,,,,,,,,,,,,,,,,,,,,,,,,,,,,,,,
72.0,K,4.0,10.0,M,-13.0,,Penalty,DBL TE,,,,,,2.0,-5.0,Season_Total,-5.0,K,,,,,,,,,,,,,,,,,,,,,,,,,,,,,,,,,,,,,,,,,,,,,,,,,,,,,,,,,,,,,,,,,,,,,,,,,,,,,,,,,,,
73.0,K,4.0,10.0,M,-8.0,Punt Rec,Return,,,,,,,2.0,,Season_Total,0.0,K,,,,,,,,,,,,,,,,,,,,,,,,,,,,,,,,,,,,,,,,,,,,,,,,,,,,,,,,,,,,,,,,,,,,,,,,,,,,,,,,,,,
74.0,S,,,,,,,,,,,,,2.0,,Season_Total,0.0,S,,,,,,,,,,,,,,,,,,,,,,,,,,,,,,,,,,,,,,,,,,,,,,,,,,,,,,,,,,,,,,,,,,,,,,,,,,,,,,,,,,,
75.0,S,,,,,,,IOWA BLACK,,,,,,2.0,,Season_Total,0.0,S,,,,,,,,,,,,,,,,,,,,,,,,,,,,,,,,,,,,,,,,,,,,,,,,,,,,,,,,,,,,,,,,,,,,,,,,,,,,,,,,,,,
76.0,O,1.0,10.0,L,35.0,Run,Rush,Wyoming brown,,R,,,,2.0,10.0,Season_Total,10.0,O,,,,,,,,,,,,,,,,,,,,,,,,,,,,,,,,,,,,,,,,,,,,,,,,,,,,,,,,,,,,,,,,,,,,,,,,,,,,,,,,,,,
77.0,O,2.0,10.0,L,25.0,Pass,Sack,FLA. BLUE,,L,,,,2.0,0.0,Season_Total,0.0,O,,,,,,,,,,,,,,,,,,,,,,,,,,,,,,,,,,,,,,,,,,,,,,,,,,,,,,,,,,,,,,,,,,,,,,,,,,,,,,,,,,,
78.0,S,,,,,,,,,,,,,2.0,,Season_Total,0.0,S,,,,,,,,,,,,,,,,,,,,,,,,,,,,,,,,,,,,,,,,,,,,,,,,,,,,,,,,,,,,,,,,,,,,,,,,,,,,,,,,,,,
79.0,O,3.0,10.0,L,25.0,Run,Rush,Wyoming brown,,R,,,,2.0,2.0,Season_Total,2.0,O,,,,,,,,,,,,,,,,,,,,,,,,,,,,,,,,,,,,,,,,,,,,,,,,,,,,,,,,,,,,,,,,,,,,,,,,,,,,,,,,,,,
80.0,O,4.0,8.0,R,23.0,Pass,Scramble,WISCONSIN RED,,R,,,,2.0,3.0,Season_Total,3.0,O,,,,,,,,,,,,,,,,,,,,,,,,,,,,,,,,,,,,,,,,,,,,,,,,,,,,,,,,,,,,,,,,,,,,,,,,,,,,,,,,,,,
81.0,O,4.0,10.0,R,20.0,Pass,Sack,,,R,,,,2.0,-59.0,Season_Total,-59.0,O,,,,,,,,,,,,,,,,,,,,,,,,,,,,,,,,,,,,,,,,,,,,,,,,,,,,,,,,,,,,,,,,,,,,,,,,,,,,,,,,,,,
82.0,S,,,,-21.0,,,,,,,,,2.0,,Season_Total,0.0,S,,,,,,,,,,,,,,,,,,,,,,,,,,,,,,,,,,,,,,,,,,,,,,,,,,,,,,,,,,,,,,,,,,,,,,,,,,,,,,,,,,,
83.0,D,1.0,10.0,L,-21.0,Run,Rush,,,L,,,,2.0,1.0,Season_Total,1.0,D,,,,,,,,,,,,,,,,,,,,,,,,,,,,,,,,,,,,,,,,,,,,,,,,,,,,,,,,,,,,,,,,,,,,,,,,,,,,,,,,,,,
84.0,D,2.0,9.0,L,-22.0,Run,Rush,,,L,,,,2.0,3.0,Season_Total,3.0,D,,,,,,,,,,,,,,,,,,,,,,,,,,,,,,,,,,,,,,,,,,,,,,,,,,,,,,,,,,,,,,,,,,,,,,,,,,,,,,,,,,,
85.0,D,3.0,6.0,L,-25.0,Pass,Complete,TEXAS BROWN,,R,,,,2.0,15.0,Season_Total,15.0,D,,,,,,,,,,,,,,,,,,,,,,,,,,,,,,,,,,,,,,,,,,,,,,,,,,,,,,,,,,,,,,,,,,,,,,,,,,,,,,,,,,,
86.0,D,1.0,10.0,M,-40.0,,Timeout,IOWA BLACK,,,,,,2.0,0.0,Season_Total,0.0,D,,,,,,,,,,,,,,,,,,,,,,,,,,,,,,,,,,,,,,,,,,,,,,,,,,,,,,,,,,,,,,,,,,,,,,,,,,,,,,,,,,,
87.0,D,2.0,10.0,M,-40.0,Pass,Incomplete,,,L,,,,2.0,0.0,Season_Total,0.0,D,,,,,,,,,,,,,,,,,,,,,,,,,,,,,,,,,,,,,,,,,,,,,,,,,,,,,,,,,,,,,,,,,,,,,,,,,,,,,,,,,,,
88.0,S,,,,,,,,,,,,,2.0,,Season_Total,0.0,S,,,,,,,,,,,,,,,,,,,,,,,,,,,,,,,,,,,,,,,,,,,,,,,,,,,,,,,,,,,,,,,,,,,,,,,,,,,,,,,,,,,
89.0,D,3.0,10.0,M,-40.0,Pass,Incomplete,FLA. BLUE,,R,,,,2.0,0.0,Season_Total,0.0,D,,,,,,,,,,,,,,,,,,,,,,,,,,,,,,,,,,,,,,,,,,,,,,,,,,,,,,,,,,,,,,,,,,,,,,,,,,,,,,,,,,,
90.0,D,4.0,10.0,M,-40.0,Run,Rush,WISCONSIN RED,,L,,,,2.0,-2.0,Season_Total,-2.0,D,,,,,,,,,,,,,,,,,,,,,,,,,,,,,,,,,,,,,,,,,,,,,,,,,,,,,,,,,,,,,,,,,,,,,,,,,,,,,,,,,,,
91.0,K,1.0,10.0,M,-38.0,Punt Rec,Downed,DBL TE,,,,,,2.0,2.0,Season_Total,2.0,K,,,,,,,,,,,,,,,,,,,,,,,,,,,,,,,,,,,,,,,,,,,,,,,,,,,,,,,,,,,,,,,,,,,,,,,,,,,,,,,,,,,
92.0,S,,,,,,,,,,,,,3.0,,Season_Total,0.0,S,,,,,,,,,,,,,,,,,,,,,,,,,,,,,,,,,,,,,,,,,,,,,,,,,,,,,,,,,,,,,,,,,,,,,,,,,,,,,,,,,,,
93.0,S,,,,,,,,,,,,,3.0,,Season_Total,0.0,S,,,,,,,,,,,,,,,,,,,,,,,,,,,,,,,,,,,,,,,,,,,,,,,,,,,,,,,,,,,,,,,,,,,,,,,,,,,,,,,,,,,
94.0,S,,,,,,,,,,,,,3.0,,Season_Total,0.0,S,,,,,,,,,,,,,,,,,,,,,,,,,,,,,,,,,,,,,,,,,,,,,,,,,,,,,,,,,,,,,,,,,,,,,,,,,,,,,,,,,,,
95.0,S,,,,,,,,,,,,,3.0,,Season_Total,0.0,S,,,,,,,,,,,,,,,,,,,,,,,,,,,,,,,,,,,,,,,,,,,,,,,,,,,,,,,,,,,,,,,,,,,,,,,,,,,,,,,,,,,
96.0,S,,,,,,,,,,,,,3.0,,Season_Total,0.0,S,,,,,,,,,,,,,,,,,,,,,,,,,,,,,,,,,,,,,,,,,,,,,,,,,,,,,,,,,,,,,,,,,,,,,,,,,,,,,,,,,,,
97.0,K,,,M,-40.0,KO,Return,,,,,,,3.0,,Season_Total,0.0,K,,,,,,,,,,,,,,,,,,,,,,,,,,,,,,,,,,,,,,,,,,,,,,,,,,,,,,,,,,,,,,,,,,,,,,,,,,,,,,,,,,,
98.0,D,1.0,10.0,L,-16.0,Run,Rush,Twins Split,,L,,,,3.0,22.0,Season_Total,22.0,D,,,,,,,,,,,,,,,,,,,,,,,,,,,,,,,,,,,,,,,,,,,,,,,,,,,,,,,,,,,,,,,,,,,,,,,,,,,,,,,,,,,
99.0,D,1.0,10.0,L,-38.0,Run,Rush,,,L,,,,3.0,1.0,Season_Total,1.0,D,,,,,,,,,,,,,,,,,,,,,,,,,,,,,,,,,,,,,,,,,,,,,,,,,,,,,,,,,,,,,,,,,,,,,,,,,,,,,,,,,,,
100.0,D,2.0,9.0,L,-39.0,Run,Rush,Wyoming brown,,R,,,,3.0,12.0,Season_Total,12.0,D,,,,,,,,,,,,,,,,,,,,,,,,,,,,,,,,,,,,,,,,,,,,,,,,,,,,,,,,,,,,,,,,,,,,,,,,,,,,,,,,,,,
101.0,D,1.0,10.0,M,49.0,Run,Rush,Wyoming brown,,L,,,,3.0,0.0,Season_Total,0.0,D,,,,,,,,,,,,,,,,,,,,,,,,,,,,,,,,,,,,,,,,,,,,,,,,,,,,,,,,,,,,,,,,,,,,,,,,,,,,,,,,,,,
102.0,D,2.0,10.0,L,49.0,Run,Penalty,Wyoming brown,,R,,,,3.0,-13.0,Season_Total,-13.0,D,,,,,,,,,,,,,,,,,,,,,,,,,,,,,,,,,,,,,,,,,,,,,,,,,,,,,,,,,,,,,,,,,,,,,,,,,,,,,,,,,,,
103.0,O,2.0,23.0,R,-38.0,Pass,Incomplete,WISCONSIN RED,,R,,,,3.0,0.0,Season_Total,0.0,O,,,,,,,,,,,,,,,,,,,,,,,,,,,,,,,,,,,,,,,,,,,,,,,,,,,,,,,,,,,,,,,,,,,,,,,,,,,,,,,,,,,
104.0,O,3.0,23.0,R,-38.0,Pass,Scramble,,,R,,,,3.0,7.0,Season_Total,7.0,O,,,,,,,,,,,,,,,,,,,,,,,,,,,,,,,,,,,,,,,,,,,,,,,,,,,,,,,,,,,,,,,,,,,,,,,,,,,,,,,,,,,
105.0,O,4.0,3.0,R,-45.0,Run,Rush,,,L,,,,3.0,5.0,Season_Total,5.0,O,,,,,,,,,,,,,,,,,,,,,,,,,,,,,,,,,,,,,,,,,,,,,,,,,,,,,,,,,,,,,,,,,,,,,,,,,,,,,,,,,,,
106.0,O,2.0,5.0,M,50.0,Pass,Interception,,,L,,,,3.0,4.0,Season_Total,4.0,O,,,,,,,,,,,,,,,,,,,,,,,,,,,,,,,,,,,,,,,,,,,,,,,,,,,,,,,,,,,,,,,,,,,,,,,,,,,,,,,,,,,
107.0,D,1.0,10.0,R,-46.0,Run,Rush,,,L,,,,3.0,4.0,Season_Total,4.0,D,,,,,,,,,,,,,,,,,,,,,,,,,,,,,,,,,,,,,,,,,,,,,,,,,,,,,,,,,,,,,,,,,,,,,,,,,,,,,,,,,,,
108.0,D,2.0,6.0,M,50.0,Run,Rush,WISCONSIN RED,,R,,,,3.0,2.0,Season_Total,2.0,D,,,,,,,,,,,,,,,,,,,,,,,,,,,,,,,,,,,,,,,,,,,,,,,,,,,,,,,,,,,,,,,,,,,,,,,,,,,,,,,,,,,
109.0,D,3.0,4.0,M,48.0,Run,Rush,,,R,,,,3.0,-1.0,Season_Total,-1.0,D,,,,,,,,,,,,,,,,,,,,,,,,,,,,,,,,,,,,,,,,,,,,,,,,,,,,,,,,,,,,,,,,,,,,,,,,,,,,,,,,,,,
110.0,S,,,,,,,,,,,,,3.0,,Season_Total,0.0,S,,,,,,,,,,,,,,,,,,,,,,,,,,,,,,,,,,,,,,,,,,,,,,,,,,,,,,,,,,,,,,,,,,,,,,,,,,,,,,,,,,,
111.0,D,2.0,11.0,M,49.0,,Timeout,,,,,,,3.0,0.0,Season_Total,0.0,D,,,,,,,,,,,,,,,,,,,,,,,,,,,,,,,,,,,,,,,,,,,,,,,,,,,,,,,,,,,,,,,,,,,,,,,,,,,,,,,,,,,
112.0,K,2.0,11.0,M,49.0,Punt Rec,Downed,DBL TE,,,,,,3.0,22.0,Season_Total,22.0,K,,,,,,,,,,,,,,,,,,,,,,,,,,,,,,,,,,,,,,,,,,,,,,,,,,,,,,,,,,,,,,,,,,,,,,,,,,,,,,,,,,,
113.0,O,1.0,10.0,R,-17.0,Pass,Scramble,,,L,,,,3.0,3.0,Season_Total,3.0,O,,,,,,,,,,,,,,,,,,,,,,,,,,,,,,,,,,,,,,,,,,,,,,,,,,,,,,,,,,,,,,,,,,,,,,,,,,,,,,,,,,,
114.0,O,2.0,7.0,R,-20.0,Run,Rush,,,L,,,,3.0,7.0,Season_Total,7.0,O,,,,,,,,,,,,,,,,,,,,,,,,,,,,,,,,,,,,,,,,,,,,,,,,,,,,,,,,,,,,,,,,,,,,,,,,,,,,,,,,,,,
115.0,S,,,,,,,,,,,,,3.0,,Season_Total,0.0,S,,,,,,,,,,,,,,,,,,,,,,,,,,,,,,,,,,,,,,,,,,,,,,,,,,,,,,,,,,,,,,,,,,,,,,,,,,,,,,,,,,,
116.0,O,1.0,10.0,M,-27.0,Run,Rush,,,L,,,,3.0,0.0,Season_Total,0.0,O,,,,,,,,,,,,,,,,,,,,,,,,,,,,,,,,,,,,,,,,,,,,,,,,,,,,,,,,,,,,,,,,,,,,,,,,,,,,,,,,,,,
117.0,S,,,,,,,,,,,,,3.0,,Season_Total,0.0,S,,,,,,,,,,,,,,,,,,,,,,,,,,,,,,,,,,,,,,,,,,,,,,,,,,,,,,,,,,,,,,,,,,,,,,,,,,,,,,,,,,,
118.0,S,,,,,,,,,,,,,3.0,,Season_Total,0.0,S,,,,,,,,,,,,,,,,,,,,,,,,,,,,,,,,,,,,,,,,,,,,,,,,,,,,,,,,,,,,,,,,,,,,,,,,,,,,,,,,,,,
119.0,O,2.0,10.0,L,-27.0,,Penalty,,,,,,,3.0,5.0,Season_Total,5.0,O,,,,,,,,,,,,,,,,,,,,,,,,,,,,,,,,,,,,,,,,,,,,,,,,,,,,,,,,,,,,,,,,,,,,,,,,,,,,,,,,,,,
120.0,O,2.0,5.0,M,-32.0,Run,Rush,,,R,,,,3.0,13.0,Season_Total,13.0,O,,,,,,,,,,,,,,,,,,,,,,,,,,,,,,,,,,,,,,,,,,,,,,,,,,,,,,,,,,,,,,,,,,,,,,,,,,,,,,,,,,,
121.0,O,1.0,10.0,M,-45.0,Run,Rush,,,R,,,,3.0,-3.0,Season_Total,-3.0,O,,,,,,,,,,,,,,,,,,,,,,,,,,,,,,,,,,,,,,,,,,,,,,,,,,,,,,,,,,,,,,,,,,,,,,,,,,,,,,,,,,,
122.0,S,,,,,,,,,,,,,3.0,,Season_Total,0.0,S,,,,,,,,,,,,,,,,,,,,,,,,,,,,,,,,,,,,,,,,,,,,,,,,,,,,,,,,,,,,,,,,,,,,,,,,,,,,,,,,,,,
123.0,O,2.0,13.0,M,-42.0,Pass,Scramble,,,L,,,,3.0,36.0,Season_Total,36.0,O,,,,,,,,,,,,,,,,,,,,,,,,,,,,,,,,,,,,,,,,,,,,,,,,,,,,,,,,,,,,,,,,,,,,,,,,,,,,,,,,,,,
124.0,S,,,,,,,IOWA BLACK,,,,,,3.0,,Season_Total,0.0,S,,,,,,,,,,,,,,,,,,,,,,,,,,,,,,,,,,,,,,,,,,,,,,,,,,,,,,,,,,,,,,,,,,,,,,,,,,,,,,,,,,,
125.0,O,1.0,10.0,L,22.0,Run,Rush,,,L,,,,3.0,4.0,Season_Total,4.0,O,,,,,,,,,,,,,,,,,,,,,,,,,,,,,,,,,,,,,,,,,,,,,,,,,,,,,,,,,,,,,,,,,,,,,,,,,,,,,,,,,,,
126.0,O,2.0,6.0,L,18.0,Pass,Incomplete,,,L,,,,3.0,0.0,Season_Total,0.0,O,,,,,,,,,,,,,,,,,,,,,,,,,,,,,,,,,,,,,,,,,,,,,,,,,,,,,,,,,,,,,,,,,,,,,,,,,,,,,,,,,,,
127.0,S,,,,,,,TEXAS BROWN,,,,,,3.0,,Season_Total,0.0,S,,,,,,,,,,,,,,,,,,,,,,,,,,,,,,,,,,,,,,,,,,,,,,,,,,,,,,,,,,,,,,,,,,,,,,,,,,,,,,,,,,,
128.0,O,3.0,6.0,L,18.0,Run,Rush,,,R,,,,3.0,0.0,Season_Total,0.0,O,,,,,,,,,,,,,,,,,,,,,,,,,,,,,,,,,,,,,,,,,,,,,,,,,,,,,,,,,,,,,,,,,,,,,,,,,,,,,,,,,,,
129.0,O,4.0,6.0,L,18.0,Run,Rush,,,R,,,,3.0,7.0,Season_Total,7.0,O,,,,,,,,,,,,,,,,,,,,,,,,,,,,,,,,,,,,,,,,,,,,,,,,,,,,,,,,,,,,,,,,,,,,,,,,,,,,,,,,,,,
130.0,O,1.0,10.0,M,11.0,Pass,Scramble,Wyoming brown,,R,,,,3.0,7.0,Season_Total,7.0,O,,,,,,,,,,,,,,,,,,,,,,,,,,,,,,,,,,,,,,,,,,,,,,,,,,,,,,,,,,,,,,,,,,,,,,,,,,,,,,,,,,,
131.0,S,,,,,,,,,,,,,3.0,,Season_Total,0.0,S,,,,,,,,,,,,,,,,,,,,,,,,,,,,,,,,,,,,,,,,,,,,,,,,,,,,,,,,,,,,,,,,,,,,,,,,,,,,,,,,,,,
132.0,O,2.0,3.0,R,4.0,Run,Penalty,,,L,,,,3.0,2.0,Season_Total,2.0,O,,,,,,,,,,,,,,,,,,,,,,,,,,,,,,,,,,,,,,,,,,,,,,,,,,,,,,,,,,,,,,,,,,,,,,,,,,,,,,,,,,,
133.0,O,2.0,1.0,M,2.0,Run,"Rush, TD",IOWA BLACK,,R,,,,3.0,2.0,Season_Total,2.0,O,,,,,,,,,,,,,,,,,,,,,,,,,,,,,,,,,,,,,,,,,,,,,,,,,,,,,,,,,,,,,,,,,,,,,,,,,,,,,,,,,,,
134.0,K,1.0,10.0,M,3.0,Extra Pt.,Penalty,,,,,,,3.0,-5.0,Season_Total,-5.0,K,,,,,,,,,,,,,,,,,,,,,,,,,,,,,,,,,,,,,,,,,,,,,,,,,,,,,,,,,,,,,,,,,,,,,,,,,,,,,,,,,,,
135.0,K,1.0,3.0,M,8.0,Extra Pt.,No Good,,,,,,,3.0,,Season_Total,0.0,K,,,,,,,,,,,,,,,,,,,,,,,,,,,,,,,,,,,,,,,,,,,,,,,,,,,,,,,,,,,,,,,,,,,,,,,,,,,,,,,,,,,
136.0,S,,,,,,,,,,,,,3.0,,Season_Total,0.0,S,,,,,,,,,,,,,,,,,,,,,,,,,,,,,,,,,,,,,,,,,,,,,,,,,,,,,,,,,,,,,,,,,,,,,,,,,,,,,,,,,,,
137.0,K,,,M,-40.0,KO,Return,,,,,,,3.0,,Season_Total,0.0,K,,,,,,,,,,,,,,,,,,,,,,,,,,,,,,,,,,,,,,,,,,,,,,,,,,,,,,,,,,,,,,,,,,,,,,,,,,,,,,,,,,,
138.0,S,,,,,,,,,,,,,3.0,,Season_Total,0.0,S,,,,,,,,,,,,,,,,,,,,,,,,,,,,,,,,,,,,,,,,,,,,,,,,,,,,,,,,,,,,,,,,,,,,,,,,,,,,,,,,,,,
139.0,S,,,,,,,,,,,,,3.0,,Season_Total,0.0,S,,,,,,,,,,,,,,,,,,,,,,,,,,,,,,,,,,,,,,,,,,,,,,,,,,,,,,,,,,,,,,,,,,,,,,,,,,,,,,,,,,,
140.0,D,1.0,10.0,L,-37.0,Run,Rush,Twins Split,,L,,,,3.0,5.0,Season_Total,5.0,D,,,,,,,,,,,,,,,,,,,,,,,,,,,,,,,,,,,,,,,,,,,,,,,,,,,,,,,,,,,,,,,,,,,,,,,,,,,,,,,,,,,
141.0,D,2.0,5.0,L,-42.0,Run,Rush,Twins Split,,L,,,,3.0,3.0,Season_Total,3.0,D,,,,,,,,,,,,,,,,,,,,,,,,,,,,,,,,,,,,,,,,,,,,,,,,,,,,,,,,,,,,,,,,,,,,,,,,,,,,,,,,,,,
142.0,D,3.0,2.0,L,-45.0,Run,Rush,Twins Split,,L,,,,3.0,1.0,Season_Total,1.0,D,,,,,,,,,,,,,,,,,,,,,,,,,,,,,,,,,,,,,,,,,,,,,,,,,,,,,,,,,,,,,,,,,,,,,,,,,,,,,,,,,,,
143.0,K,4.0,1.0,L,-46.0,Punt Rec,Downed,DBL TE,,,,,,4.0,,Season_Total,0.0,K,,,,,,,,,,,,,,,,,,,,,,,,,,,,,,,,,,,,,,,,,,,,,,,,,,,,,,,,,,,,,,,,,,,,,,,,,,,,,,,,,,,
144.0,O,1.0,10.0,R,-20.0,Run,Rush,Twins Split,,R,,,,4.0,5.0,Season_Total,5.0,O,,,,,,,,,,,,,,,,,,,,,,,,,,,,,,,,,,,,,,,,,,,,,,,,,,,,,,,,,,,,,,,,,,,,,,,,,,,,,,,,,,,
145.0,O,2.0,5.0,R,-25.0,Run,Rush,,,L,,,,4.0,4.0,Season_Total,4.0,O,,,,,,,,,,,,,,,,,,,,,,,,,,,,,,,,,,,,,,,,,,,,,,,,,,,,,,,,,,,,,,,,,,,,,,,,,,,,,,,,,,,
146.0,O,3.0,1.0,M,-29.0,Run,Rush,Wyoming brown,,R,,,,4.0,7.0,Season_Total,7.0,O,,,,,,,,,,,,,,,,,,,,,,,,,,,,,,,,,,,,,,,,,,,,,,,,,,,,,,,,,,,,,,,,,,,,,,,,,,,,,,,,,,,
147.0,O,1.0,10.0,R,-36.0,Run,Rush,,,R,,,,4.0,2.0,Season_Total,2.0,O,,,,,,,,,,,,,,,,,,,,,,,,,,,,,,,,,,,,,,,,,,,,,,,,,,,,,,,,,,,,,,,,,,,,,,,,,,,,,,,,,,,
148.0,O,2.0,8.0,R,-38.0,Run,Rush,,,R,,,,4.0,-1.0,Season_Total,-1.0,O,,,,,,,,,,,,,,,,,,,,,,,,,,,,,,,,,,,,,,,,,,,,,,,,,,,,,,,,,,,,,,,,,,,,,,,,,,,,,,,,,,,
149.0,O,3.0,9.0,R,-37.0,Pass,Incomplete,,,L,,,,4.0,0.0,Season_Total,0.0,O,,,,,,,,,,,,,,,,,,,,,,,,,,,,,,,,,,,,,,,,,,,,,,,,,,,,,,,,,,,,,,,,,,,,,,,,,,,,,,,,,,,
150.0,S,,,,,,,,,,,,,4.0,,Season_Total,0.0,S,,,,,,,,,,,,,,,,,,,,,,,,,,,,,,,,,,,,,,,,,,,,,,,,,,,,,,,,,,,,,,,,,,,,,,,,,,,,,,,,,,,
151.0,K,4.0,9.0,R,-37.0,Punt,Return,,,,,,,4.0,,Season_Total,0.0,K,,,,,,,,,,,,,,,,,,,,,,,,,,,,,,,,,,,,,,,,,,,,,,,,,,,,,,,,,,,,,,,,,,,,,,,,,,,,,,,,,,,
152.0,D,1.0,10.0,L,-37.0,Run,Rush,Wyoming brown,,R,,,,4.0,3.0,Season_Total,3.0,D,,,,,,,,,,,,,,,,,,,,,,,,,,,,,,,,,,,,,,,,,,,,,,,,,,,,,,,,,,,,,,,,,,,,,,,,,,,,,,,,,,,
153.0,D,2.0,7.0,M,-40.0,Pass,Penalty,Wyoming brown,,R,,,,4.0,-15.0,Season_Total,-15.0,D,,,,,,,,,,,,,,,,,,,,,,,,,,,,,,,,,,,,,,,,,,,,,,,,,,,,,,,,,,,,,,,,,,,,,,,,,,,,,,,,,,,
154.0,S,,,,,,,,,,,,,4.0,,Season_Total,0.0,S,,,,,,,,,,,,,,,,,,,,,,,,,,,,,,,,,,,,,,,,,,,,,,,,,,,,,,,,,,,,,,,,,,,,,,,,,,,,,,,,,,,
155.0,D,2.0,22.0,R,-25.0,Pass,Complete,,,L,,,,4.0,13.0,Season_Total,13.0,D,,,,,,,,,,,,,,,,,,,,,,,,,,,,,,,,,,,,,,,,,,,,,,,,,,,,,,,,,,,,,,,,,,,,,,,,,,,,,,,,,,,
156.0,D,3.0,9.0,M,-38.0,Pass,Incomplete,,,L,,,,4.0,0.0,Season_Total,0.0,D,,,,,,,,,,,,,,,,,,,,,,,,,,,,,,,,,,,,,,,,,,,,,,,,,,,,,,,,,,,,,,,,,,,,,,,,,,,,,,,,,,,
157.0,D,1.0,10.0,M,-38.0,Pass,Penalty,,,L,,,,4.0,30.0,Season_Total,30.0,D,,,,,,,,,,,,,,,,,,,,,,,,,,,,,,,,,,,,,,,,,,,,,,,,,,,,,,,,,,,,,,,,,,,,,,,,,,,,,,,,,,,
158.0,D,1.0,10.0,R,32.0,,Penalty,IOWA BLACK,,,,,,4.0,-5.0,Season_Total,-5.0,D,,,,,,,,,,,,,,,,,,,,,,,,,,,,,,,,,,,,,,,,,,,,,,,,,,,,,,,,,,,,,,,,,,,,,,,,,,,,,,,,,,,
159.0,D,2.0,15.0,R,37.0,Run,Rush,,,R,,,,4.0,9.0,Season_Total,9.0,D,,,,,,,,,,,,,,,,,,,,,,,,,,,,,,,,,,,,,,,,,,,,,,,,,,,,,,,,,,,,,,,,,,,,,,,,,,,,,,,,,,,
160.0,D,3.0,6.0,R,28.0,Run,Penalty,,,R,,,,4.0,-3.0,Season_Total,-3.0,D,,,,,,,,,,,,,,,,,,,,,,,,,,,,,,,,,,,,,,,,,,,,,,,,,,,,,,,,,,,,,,,,,,,,,,,,,,,,,,,,,,,
161.0,D,3.0,9.0,R,31.0,Pass,Incomplete,,,L,,,,4.0,0.0,Season_Total,0.0,D,,,,,,,,,,,,,,,,,,,,,,,,,,,,,,,,,,,,,,,,,,,,,,,,,,,,,,,,,,,,,,,,,,,,,,,,,,,,,,,,,,,
162.0,D,4.0,10.0,L,31.0,Pass,Complete,,,L,,,,4.0,45.0,Season_Total,45.0,D,,,,,,,,,,,,,,,,,,,,,,,,,,,,,,,,,,,,,,,,,,,,,,,,,,,,,,,,,,,,,,,,,,,,,,,,,,,,,,,,,,,
163.0,O,2.0,55.0,R,-24.0,Run,Rush,,,R,,,,4.0,6.0,Season_Total,6.0,O,,,,,,,,,,,,,,,,,,,,,,,,,,,,,,,,,,,,,,,,,,,,,,,,,,,,,,,,,,,,,,,,,,,,,,,,,,,,,,,,,,,
164.0,O,2.0,4.0,R,-30.0,Run,Rush,,,L,,,,4.0,4.0,Season_Total,4.0,O,,,,,,,,,,,,,,,,,,,,,,,,,,,,,,,,,,,,,,,,,,,,,,,,,,,,,,,,,,,,,,,,,,,,,,,,,,,,,,,,,,,
1.0,K,,,L,-25.0,KO Rec,Penalty,,,,,,,1.0,,Season_Total,0.0,K,,,,,,,,,,,,,,,,,,,,,,,,,,,,,,,,,,,,,,,,,,,,,,,,,,,,,,,,,,,,,,,,,,,,,,,,,,,,,,,,,,,
2.0,K,,,L,-20.0,KO Rec,Return,,,,,,,1.0,,Season_Total,0.0,K,,,,,,,,,,,,,,,,,,,,,,,,,,,,,,,,,,,,,,,,,,,,,,,,,,,,,,,,,,,,,,,,,,,,,,,,,,,,,,,,,,,
3.0,O,1.0,10.0,R,-46.0,Run,Fumble,IOWA BLACK,,R,,,,1.0,-6.0,Season_Total,-6.0,O,,,,,,,,,,,,,,,,,,,,,,,,,,,,,,,,,,,,,,,,,,,,,,,,,,,,,,,,,,,,,,,,,,,,,,,,,,,,,,,,,,,
4.0,D,1.0,10.0,L,40.0,Run,Rush,Twins Split,,R,,,,1.0,4.0,Season_Total,4.0,D,,,,,,,,,,,,,,,,,,,,,,,,,,,,,,,,,,,,,,,,,,,,,,,,,,,,,,,,,,,,,,,,,,,,,,,,,,,,,,,,,,,
5.0,D,2.0,6.0,L,36.0,Run,Rush,Wyoming brown,,R,,,,1.0,3.0,Season_Total,3.0,D,,,,,,,,,,,,,,,,,,,,,,,,,,,,,,,,,,,,,,,,,,,,,,,,,,,,,,,,,,,,,,,,,,,,,,,,,,,,,,,,,,,
6.0,D,3.0,3.0,R,33.0,Pass,"Complete, TD",,,R,,,,1.0,33.0,Season_Total,33.0,D,,,,,,,,,,,,,,,,,,,,,,,,,,,,,,,,,,,,,,,,,,,,,,,,,,,,,,,,,,,,,,,,,,,,,,,,,,,,,,,,,,,
7.0,K,,,M,3.0,Extra Pt. Block,Good,,,,,,,1.0,,Season_Total,0.0,K,,,,,,,,,,,,,,,,,,,,,,,,,,,,,,,,,,,,,,,,,,,,,,,,,,,,,,,,,,,,,,,,,,,,,,,,,,,,,,,,,,,
8.0,K,,,L,-40.0,KO Rec,Return,,,,,,,1.0,,Season_Total,0.0,K,,,,,,,,,,,,,,,,,,,,,,,,,,,,,,,,,,,,,,,,,,,,,,,,,,,,,,,,,,,,,,,,,,,,,,,,,,,,,,,,,,,
9.0,O,1.0,10.0,M,-28.0,Run,Rush,WISCONSIN RED,,R,,,,1.0,5.0,Season_Total,5.0,O,,,,,,,,,,,,,,,,,,,,,,,,,,,,,,,,,,,,,,,,,,,,,,,,,,,,,,,,,,,,,,,,,,,,,,,,,,,,,,,,,,,
10.0,O,2.0,5.0,M,-33.0,,Penalty,WISCONSIN RED,,,,,,1.0,5.0,Season_Total,5.0,O,,,,,,,,,,,,,,,,,,,,,,,,,,,,,,,,,,,,,,,,,,,,,,,,,,,,,,,,,,,,,,,,,,,,,,,,,,,,,,,,,,,
11.0,O,1.0,10.0,M,-38.0,Run,Rush,WISCONSIN RED,,L,,,,1.0,5.0,Season_Total,5.0,O,,,,,,,,,,,,,,,,,,,,,,,,,,,,,,,,,,,,,,,,,,,,,,,,,,,,,,,,,,,,,,,,,,,,,,,,,,,,,,,,,,,
12.0,O,2.0,5.0,L,-43.0,Run,Rush,WISCONSIN RED,,R,,,,1.0,2.0,Season_Total,2.0,O,,,,,,,,,,,,,,,,,,,,,,,,,,,,,,,,,,,,,,,,,,,,,,,,,,,,,,,,,,,,,,,,,,,,,,,,,,,,,,,,,,,
13.0,O,3.0,3.0,M,-45.0,Run,Rush,WISCONSIN RED,,R,,,,1.0,3.0,Season_Total,3.0,O,,,,,,,,,,,,,,,,,,,,,,,,,,,,,,,,,,,,,,,,,,,,,,,,,,,,,,,,,,,,,,,,,,,,,,,,,,,,,,,,,,,
14.0,O,1.0,10.0,R,-48.0,,Penalty,WISCONSIN RED,,,,,,1.0,-5.0,Season_Total,-5.0,O,,,,,,,,,,,,,,,,,,,,,,,,,,,,,,,,,,,,,,,,,,,,,,,,,,,,,,,,,,,,,,,,,,,,,,,,,,,,,,,,,,,
15.0,O,1.0,15.0,R,-43.0,Pass,Complete,WISCONSIN RED,,R,,,,1.0,16.0,Season_Total,16.0,O,,,,,,,,,,,,,,,,,,,,,,,,,,,,,,,,,,,,,,,,,,,,,,,,,,,,,,,,,,,,,,,,,,,,,,,,,,,,,,,,,,,
16.0,O,1.0,10.0,R,41.0,Run,Rush,,,L,,,,1.0,3.0,Season_Total,3.0,O,,,,,,,,,,,,,,,,,,,,,,,,,,,,,,,,,,,,,,,,,,,,,,,,,,,,,,,,,,,,,,,,,,,,,,,,,,,,,,,,,,,
17.0,O,2.0,7.0,R,38.0,Run,Rush,WISCONSIN RED,,R,,,,1.0,1.0,Season_Total,1.0,O,,,,,,,,,,,,,,,,,,,,,,,,,,,,,,,,,,,,,,,,,,,,,,,,,,,,,,,,,,,,,,,,,,,,,,,,,,,,,,,,,,,
18.0,O,3.0,6.0,R,37.0,Pass,Incomplete,IOWA BLACK,,R,,,,1.0,0.0,Season_Total,0.0,O,,,,,,,,,,,,,,,,,,,,,,,,,,,,,,,,,,,,,,,,,,,,,,,,,,,,,,,,,,,,,,,,,,,,,,,,,,,,,,,,,,,
19.0,O,4.0,6.0,R,37.0,Pass,Complete,FLA. BLUE,,R,,,,1.0,23.0,Season_Total,23.0,O,,,,,,,,,,,,,,,,,,,,,,,,,,,,,,,,,,,,,,,,,,,,,,,,,,,,,,,,,,,,,,,,,,,,,,,,,,,,,,,,,,,
20.0,O,1.0,10.0,R,14.0,Run,Rush,WISCONSIN RED,,L,,,,1.0,7.0,Season_Total,7.0,O,,,,,,,,,,,,,,,,,,,,,,,,,,,,,,,,,,,,,,,,,,,,,,,,,,,,,,,,,,,,,,,,,,,,,,,,,,,,,,,,,,,
21.0,O,2.0,3.0,M,7.0,Run,Rush,WISCONSIN RED,,L,,,,1.0,3.0,Season_Total,3.0,O,,,,,,,,,,,,,,,,,,,,,,,,,,,,,,,,,,,,,,,,,,,,,,,,,,,,,,,,,,,,,,,,,,,,,,,,,,,,,,,,,,,
22.0,O,1.0,4.0,L,4.0,Run,Rush,IOWA BLACK,,R,,,,1.0,3.0,Season_Total,3.0,O,,,,,,,,,,,,,,,,,,,,,,,,,,,,,,,,,,,,,,,,,,,,,,,,,,,,,,,,,,,,,,,,,,,,,,,,,,,,,,,,,,,
23.0,O,2.0,1.0,L,1.0,Run,Fumble,WISCONSIN RED,,R,,,,1.0,-4.0,Season_Total,-4.0,O,,,,,,,,,,,,,,,,,,,,,,,,,,,,,,,,,,,,,,,,,,,,,,,,,,,,,,,,,,,,,,,,,,,,,,,,,,,,,,,,,,,
24.0,D,1.0,10.0,M,-5.0,Pass,Incomplete,Twins Split,,R,,,,1.0,0.0,Season_Total,0.0,D,,,,,,,,,,,,,,,,,,,,,,,,,,,,,,,,,,,,,,,,,,,,,,,,,,,,,,,,,,,,,,,,,,,,,,,,,,,,,,,,,,,
25.0,D,2.0,10.0,M,-5.0,Run,Rush,Twins Split,,R,,,,1.0,10.0,Season_Total,10.0,D,,,,,,,,,,,,,,,,,,,,,,,,,,,,,,,,,,,,,,,,,,,,,,,,,,,,,,,,,,,,,,,,,,,,,,,,,,,,,,,,,,,
26.0,D,1.0,10.0,R,-15.0,Run,Penalty,FLA. BLUE,,L,,,,1.0,10.0,Season_Total,10.0,D,,,,,,,,,,,,,,,,,,,,,,,,,,,,,,,,,,,,,,,,,,,,,,,,,,,,,,,,,,,,,,,,,,,,,,,,,,,,,,,,,,,
27.0,D,1.0,10.0,R,-25.0,Pass,Incomplete,FLA. BLUE,,R,,,,1.0,0.0,Season_Total,0.0,D,,,,,,,,,,,,,,,,,,,,,,,,,,,,,,,,,,,,,,,,,,,,,,,,,,,,,,,,,,,,,,,,,,,,,,,,,,,,,,,,,,,
28.0,D,2.0,10.0,R,-25.0,Run,Rush,Wyoming brown,,L,,,,1.0,0.0,Season_Total,0.0,D,,,,,,,,,,,,,,,,,,,,,,,,,,,,,,,,,,,,,,,,,,,,,,,,,,,,,,,,,,,,,,,,,,,,,,,,,,,,,,,,,,,
29.0,D,3.0,10.0,L,-25.0,,Timeout,,,,,,,1.0,0.0,Season_Total,0.0,D,,,,,,,,,,,,,,,,,,,,,,,,,,,,,,,,,,,,,,,,,,,,,,,,,,,,,,,,,,,,,,,,,,,,,,,,,,,,,,,,,,,
30.0,S,,,,,,,IOWA BLACK,,,,,,1.0,,Season_Total,0.0,S,,,,,,,,,,,,,,,,,,,,,,,,,,,,,,,,,,,,,,,,,,,,,,,,,,,,,,,,,,,,,,,,,,,,,,,,,,,,,,,,,,,
31.0,D,3.0,10.0,L,-25.0,Pass,Incomplete,FLA. BLUE,,R,,,,1.0,0.0,Season_Total,0.0,D,,,,,,,,,,,,,,,,,,,,,,,,,,,,,,,,,,,,,,,,,,,,,,,,,,,,,,,,,,,,,,,,,,,,,,,,,,,,,,,,,,,
32.0,K,4.0,10.0,L,-25.0,Punt Rec,Fair Catch,,,,,,,1.0,,Season_Total,0.0,K,,,,,,,,,,,,,,,,,,,,,,,,,,,,,,,,,,,,,,,,,,,,,,,,,,,,,,,,,,,,,,,,,,,,,,,,,,,,,,,,,,,
33.0,O,1.0,10.0,R,50.0,Run,Rush,WISCONSIN RED,,R,,,,1.0,2.0,Season_Total,2.0,O,,,,,,,,,,,,,,,,,,,,,,,,,,,,,,,,,,,,,,,,,,,,,,,,,,,,,,,,,,,,,,,,,,,,,,,,,,,,,,,,,,,
34.0,O,2.0,8.0,R,48.0,Run,Rush,WISCONSIN RED,,R,,,,1.0,2.0,Season_Total,2.0,O,,,,,,,,,,,,,,,,,,,,,,,,,,,,,,,,,,,,,,,,,,,,,,,,,,,,,,,,,,,,,,,,,,,,,,,,,,,,,,,,,,,
35.0,O,3.0,6.0,R,46.0,Pass,Interception,IOWA BLACK,,L,,,,1.0,0.0,Season_Total,0.0,O,,,,,,,,,,,,,,,,,,,,,,,,,,,,,,,,,,,,,,,,,,,,,,,,,,,,,,,,,,,,,,,,,,,,,,,,,,,,,,,,,,,
36.0,D,1.0,10.0,L,-37.0,Pass,Complete,FLA. BLUE,,R,,,,1.0,3.0,Season_Total,3.0,D,,,,,,,,,,,,,,,,,,,,,,,,,,,,,,,,,,,,,,,,,,,,,,,,,,,,,,,,,,,,,,,,,,,,,,,,,,,,,,,,,,,
37.0,D,2.0,3.0,L,-40.0,Pass,Complete,FLA. BLUE,,R,,,,1.0,20.0,Season_Total,20.0,D,,,,,,,,,,,,,,,,,,,,,,,,,,,,,,,,,,,,,,,,,,,,,,,,,,,,,,,,,,,,,,,,,,,,,,,,,,,,,,,,,,,
38.0,D,1.0,10.0,R,40.0,Run,Penalty,Twins Split,,R,,,,1.0,-8.0,Season_Total,-8.0,D,,,,,,,,,,,,,,,,,,,,,,,,,,,,,,,,,,,,,,,,,,,,,,,,,,,,,,,,,,,,,,,,,,,,,,,,,,,,,,,,,,,
39.0,D,1.0,18.0,R,48.0,,Timeout,WISCONSIN RED,,,,,,2.0,0.0,Season_Total,0.0,D,,,,,,,,,,,,,,,,,,,,,,,,,,,,,,,,,,,,,,,,,,,,,,,,,,,,,,,,,,,,,,,,,,,,,,,,,,,,,,,,,,,
40.0,D,1.0,18.0,R,48.0,Run,Rush,WISCONSIN RED,,L,,,,2.0,-5.0,Season_Total,-5.0,D,,,,,,,,,,,,,,,,,,,,,,,,,,,,,,,,,,,,,,,,,,,,,,,,,,,,,,,,,,,,,,,,,,,,,,,,,,,,,,,,,,,
41.0,D,2.0,23.0,M,-47.0,Pass,Complete,IOWA BLACK,,R,,,,2.0,12.0,Season_Total,12.0,D,,,,,,,,,,,,,,,,,,,,,,,,,,,,,,,,,,,,,,,,,,,,,,,,,,,,,,,,,,,,,,,,,,,,,,,,,,,,,,,,,,,
42.0,D,3.0,11.0,R,41.0,,Penalty,,,,,,,2.0,-5.0,Season_Total,-5.0,D,,,,,,,,,,,,,,,,,,,,,,,,,,,,,,,,,,,,,,,,,,,,,,,,,,,,,,,,,,,,,,,,,,,,,,,,,,,,,,,,,,,
43.0,D,3.0,16.0,R,46.0,Pass,Complete,,,L,,,,2.0,0.0,Season_Total,0.0,D,,,,,,,,,,,,,,,,,,,,,,,,,,,,,,,,,,,,,,,,,,,,,,,,,,,,,,,,,,,,,,,,,,,,,,,,,,,,,,,,,,,
44.0,D,4.0,16.0,L,46.0,Run,"Rush, TD",DBL TE,,R,,,,2.0,46.0,Season_Total,46.0,D,,,,,,,,,,,,,,,,,,,,,,,,,,,,,,,,,,,,,,,,,,,,,,,,,,,,,,,,,,,,,,,,,,,,,,,,,,,,,,,,,,,
45.0,K,,,M,3.0,Extra Pt. Block,No Good,,,,,,,2.0,,Season_Total,0.0,K,,,,,,,,,,,,,,,,,,,,,,,,,,,,,,,,,,,,,,,,,,,,,,,,,,,,,,,,,,,,,,,,,,,,,,,,,,,,,,,,,,,
46.0,K,,,M,-40.0,KO Rec,Return,,,,,,,2.0,,Season_Total,0.0,K,,,,,,,,,,,,,,,,,,,,,,,,,,,,,,,,,,,,,,,,,,,,,,,,,,,,,,,,,,,,,,,,,,,,,,,,,,,,,,,,,,,
47.0,O,1.0,10.0,R,-36.0,Run,Rush,Wyoming brown,,L,,,,2.0,2.0,Season_Total,2.0,O,,,,,,,,,,,,,,,,,,,,,,,,,,,,,,,,,,,,,,,,,,,,,,,,,,,,,,,,,,,,,,,,,,,,,,,,,,,,,,,,,,,
48.0,O,2.0,8.0,M,-38.0,Run,Rush,Wyoming brown,,R,,,,2.0,5.0,Season_Total,5.0,O,,,,,,,,,,,,,,,,,,,,,,,,,,,,,,,,,,,,,,,,,,,,,,,,,,,,,,,,,,,,,,,,,,,,,,,,,,,,,,,,,,,
49.0,O,3.0,3.0,M,-43.0,Run,Rush,Wyoming brown,,R,,,,2.0,4.0,Season_Total,4.0,O,,,,,,,,,,,,,,,,,,,,,,,,,,,,,,,,,,,,,,,,,,,,,,,,,,,,,,,,,,,,,,,,,,,,,,,,,,,,,,,,,,,
50.0,O,1.0,10.0,R,-47.0,Run,Rush,Wyoming brown,,L,,,,2.0,10.0,Season_Total,10.0,O,,,,,,,,,,,,,,,,,,,,,,,,,,,,,,,,,,,,,,,,,,,,,,,,,,,,,,,,,,,,,,,,,,,,,,,,,,,,,,,,,,,
51.0,O,1.0,10.0,L,43.0,Run,Rush,Wyoming brown,,L,,,,2.0,0.0,Season_Total,0.0,O,,,,,,,,,,,,,,,,,,,,,,,,,,,,,,,,,,,,,,,,,,,,,,,,,,,,,,,,,,,,,,,,,,,,,,,,,,,,,,,,,,,
52.0,O,2.0,10.0,L,43.0,Run,Rush,WISCONSIN RED,,L,,,,2.0,16.0,Season_Total,16.0,O,,,,,,,,,,,,,,,,,,,,,,,,,,,,,,,,,,,,,,,,,,,,,,,,,,,,,,,,,,,,,,,,,,,,,,,,,,,,,,,,,,,
53.0,O,1.0,10.0,L,27.0,Run,Rush,WISCONSIN RED,,R,,,,2.0,5.0,Season_Total,5.0,O,,,,,,,,,,,,,,,,,,,,,,,,,,,,,,,,,,,,,,,,,,,,,,,,,,,,,,,,,,,,,,,,,,,,,,,,,,,,,,,,,,,
54.0,O,2.0,5.0,L,22.0,Run,Rush,WISCONSIN RED,,R,,,,2.0,-2.0,Season_Total,-2.0,O,,,,,,,,,,,,,,,,,,,,,,,,,,,,,,,,,,,,,,,,,,,,,,,,,,,,,,,,,,,,,,,,,,,,,,,,,,,,,,,,,,,
55.0,O,3.0,7.0,M,24.0,Pass,Incomplete,WISCONSIN RED,,L,,,,2.0,0.0,Season_Total,0.0,O,,,,,,,,,,,,,,,,,,,,,,,,,,,,,,,,,,,,,,,,,,,,,,,,,,,,,,,,,,,,,,,,,,,,,,,,,,,,,,,,,,,
56.0,O,4.0,7.0,M,24.0,,Timeout,FLA. BLUE,,,,,,2.0,0.0,Season_Total,0.0,O,,,,,,,,,,,,,,,,,,,,,,,,,,,,,,,,,,,,,,,,,,,,,,,,,,,,,,,,,,,,,,,,,,,,,,,,,,,,,,,,,,,
57.0,O,4.0,7.0,M,24.0,Pass,Sack,FLA. BLUE,,L,,,,2.0,2.0,Season_Total,2.0,O,,,,,,,,,,,,,,,,,,,,,,,,,,,,,,,,,,,,,,,,,,,,,,,,,,,,,,,,,,,,,,,,,,,,,,,,,,,,,,,,,,,
58.0,D,1.0,10.0,M,-32.0,,Penalty,WISCONSIN RED,,,,,,2.0,-5.0,Season_Total,-5.0,D,,,,,,,,,,,,,,,,,,,,,,,,,,,,,,,,,,,,,,,,,,,,,,,,,,,,,,,,,,,,,,,,,,,,,,,,,,,,,,,,,,,
59.0,D,1.0,15.0,M,-27.0,Run,Rush,WISCONSIN RED,,R,,,,2.0,-4.0,Season_Total,-4.0,D,,,,,,,,,,,,,,,,,,,,,,,,,,,,,,,,,,,,,,,,,,,,,,,,,,,,,,,,,,,,,,,,,,,,,,,,,,,,,,,,,,,
60.0,D,2.0,19.0,M,-23.0,Run,Rush,WISCONSIN RED,,R,,,,2.0,0.0,Season_Total,0.0,D,,,,,,,,,,,,,,,,,,,,,,,,,,,,,,,,,,,,,,,,,,,,,,,,,,,,,,,,,,,,,,,,,,,,,,,,,,,,,,,,,,,
61.0,S,,,,,,,,,,,,,2.0,,Season_Total,0.0,S,,,,,,,,,,,,,,,,,,,,,,,,,,,,,,,,,,,,,,,,,,,,,,,,,,,,,,,,,,,,,,,,,,,,,,,,,,,,,,,,,,,
62.0,D,3.0,19.0,R,-23.0,Run,Penalty,Twins Split,,L,,,,2.0,-10.0,Season_Total,-10.0,D,,,,,,,,,,,,,,,,,,,,,,,,,,,,,,,,,,,,,,,,,,,,,,,,,,,,,,,,,,,,,,,,,,,,,,,,,,,,,,,,,,,
63.0,D,3.0,29.0,M,-13.0,Pass,Incomplete,IOWA BLACK,,L,,,,2.0,0.0,Season_Total,0.0,D,,,,,,,,,,,,,,,,,,,,,,,,,,,,,,,,,,,,,,,,,,,,,,,,,,,,,,,,,,,,,,,,,,,,,,,,,,,,,,,,,,,
64.0,K,4.0,29.0,M,-13.0,Punt Rec,Penalty,,,,,,,2.0,,Season_Total,0.0,K,,,,,,,,,,,,,,,,,,,,,,,,,,,,,,,,,,,,,,,,,,,,,,,,,,,,,,,,,,,,,,,,,,,,,,,,,,,,,,,,,,,
65.0,K,4.0,,M,8.0,KO,Return,,,,,,,2.0,,Season_Total,0.0,K,,,,,,,,,,,,,,,,,,,,,,,,,,,,,,,,,,,,,,,,,,,,,,,,,,,,,,,,,,,,,,,,,,,,,,,,,,,,,,,,,,,
66.0,O,1.0,10.0,L,35.0,Run,Penalty,Wyoming brown,,R,,,,2.0,10.0,Season_Total,10.0,O,,,,,,,,,,,,,,,,,,,,,,,,,,,,,,,,,,,,,,,,,,,,,,,,,,,,,,,,,,,,,,,,,,,,,,,,,,,,,,,,,,,
67.0,O,1.0,10.0,L,25.0,Pass,Incomplete,FLA. BLUE,,L,,,,2.0,0.0,Season_Total,0.0,O,,,,,,,,,,,,,,,,,,,,,,,,,,,,,,,,,,,,,,,,,,,,,,,,,,,,,,,,,,,,,,,,,,,,,,,,,,,,,,,,,,,
68.0,O,2.0,10.0,L,25.0,Run,Rush,Twins Split,,R,,,,2.0,2.0,Season_Total,2.0,O,,,,,,,,,,,,,,,,,,,,,,,,,,,,,,,,,,,,,,,,,,,,,,,,,,,,,,,,,,,,,,,,,,,,,,,,,,,,,,,,,,,
69.0,O,3.0,8.0,R,23.0,Pass,Scramble,WISCONSIN RED,,R,,,,2.0,3.0,Season_Total,3.0,O,,,,,,,,,,,,,,,,,,,,,,,,,,,,,,,,,,,,,,,,,,,,,,,,,,,,,,,,,,,,,,,,,,,,,,,,,,,,,,,,,,,
70.0,O,4.0,5.0,R,20.0,Run,Rush,WISCONSIN RED,,R,,,,2.0,-1.0,Season_Total,-1.0,O,,,,,,,,,,,,,,,,,,,,,,,,,,,,,,,,,,,,,,,,,,,,,,,,,,,,,,,,,,,,,,,,,,,,,,,,,,,,,,,,,,,
71.0,D,1.0,10.0,L,-21.0,Run,Rush,Twins Split,,L,,,,2.0,1.0,Season_Total,1.0,D,,,,,,,,,,,,,,,,,,,,,,,,,,,,,,,,,,,,,,,,,,,,,,,,,,,,,,,,,,,,,,,,,,,,,,,,,,,,,,,,,,,
72.0,D,2.0,9.0,L,-22.0,Run,Rush,Twins Split,,L,,,,2.0,3.0,Season_Total,3.0,D,,,,,,,,,,,,,,,,,,,,,,,,,,,,,,,,,,,,,,,,,,,,,,,,,,,,,,,,,,,,,,,,,,,,,,,,,,,,,,,,,,,
73.0,D,3.0,6.0,L,-25.0,Pass,Complete,TEXAS BROWN,,R,,,,2.0,15.0,Season_Total,15.0,D,,,,,,,,,,,,,,,,,,,,,,,,,,,,,,,,,,,,,,,,,,,,,,,,,,,,,,,,,,,,,,,,,,,,,,,,,,,,,,,,,,,
74.0,D,1.0,10.0,M,-40.0,,Timeout,IOWA BLACK,,,,,,2.0,0.0,Season_Total,0.0,D,,,,,,,,,,,,,,,,,,,,,,,,,,,,,,,,,,,,,,,,,,,,,,,,,,,,,,,,,,,,,,,,,,,,,,,,,,,,,,,,,,,
75.0,D,1.0,10.0,M,-40.0,Pass,Incomplete,FLA. BLUE,,L,,,,2.0,0.0,Season_Total,0.0,D,,,,,,,,,,,,,,,,,,,,,,,,,,,,,,,,,,,,,,,,,,,,,,,,,,,,,,,,,,,,,,,,,,,,,,,,,,,,,,,,,,,
76.0,D,2.0,10.0,M,-40.0,Pass,Incomplete,FLA. BLUE,,R,,,,2.0,0.0,Season_Total,0.0,D,,,,,,,,,,,,,,,,,,,,,,,,,,,,,,,,,,,,,,,,,,,,,,,,,,,,,,,,,,,,,,,,,,,,,,,,,,,,,,,,,,,
77.0,D,3.0,10.0,M,-40.0,Run,Rush,WISCONSIN RED,,L,,,,2.0,3.0,Season_Total,3.0,D,,,,,,,,,,,,,,,,,,,,,,,,,,,,,,,,,,,,,,,,,,,,,,,,,,,,,,,,,,,,,,,,,,,,,,,,,,,,,,,,,,,
78.0,D,4.0,7.0,M,-43.0,,Penalty,DBL TE,,,,,,2.0,-5.0,Season_Total,-5.0,D,,,,,,,,,,,,,,,,,,,,,,,,,,,,,,,,,,,,,,,,,,,,,,,,,,,,,,,,,,,,,,,,,,,,,,,,,,,,,,,,,,,
79.0,K,4.0,10.0,M,-38.0,Punt Rec,Downed,DBL TE,,,,,,2.0,,Season_Total,0.0,K,,,,,,,,,,,,,,,,,,,,,,,,,,,,,,,,,,,,,,,,,,,,,,,,,,,,,,,,,,,,,,,,,,,,,,,,,,,,,,,,,,,
80.0,K,,,M,-40.0,KO,Return,,,,,,,3.0,,Season_Total,0.0,K,,,,,,,,,,,,,,,,,,,,,,,,,,,,,,,,,,,,,,,,,,,,,,,,,,,,,,,,,,,,,,,,,,,,,,,,,,,,,,,,,,,
81.0,D,1.0,10.0,L,-16.0,Run,Rush,Twins Split,,L,,,,3.0,22.0,Season_Total,22.0,D,,,,,,,,,,,,,,,,,,,,,,,,,,,,,,,,,,,,,,,,,,,,,,,,,,,,,,,,,,,,,,,,,,,,,,,,,,,,,,,,,,,
82.0,D,1.0,10.0,L,-38.0,Run,Rush,Twins Split,,L,,,,3.0,1.0,Season_Total,1.0,D,,,,,,,,,,,,,,,,,,,,,,,,,,,,,,,,,,,,,,,,,,,,,,,,,,,,,,,,,,,,,,,,,,,,,,,,,,,,,,,,,,,
83.0,D,2.0,9.0,L,-39.0,Run,Rush,Wyoming brown,,R,,,,3.0,12.0,Season_Total,12.0,D,,,,,,,,,,,,,,,,,,,,,,,,,,,,,,,,,,,,,,,,,,,,,,,,,,,,,,,,,,,,,,,,,,,,,,,,,,,,,,,,,,,
84.0,D,1.0,10.0,M,49.0,Run,Rush,Wyoming brown,,L,,,,3.0,0.0,Season_Total,0.0,D,,,,,,,,,,,,,,,,,,,,,,,,,,,,,,,,,,,,,,,,,,,,,,,,,,,,,,,,,,,,,,,,,,,,,,,,,,,,,,,,,,,
85.0,D,2.0,10.0,L,49.0,Run,Fumble,Wyoming brown,,R,,,,3.0,11.0,Season_Total,11.0,D,,,,,,,,,,,,,,,,,,,,,,,,,,,,,,,,,,,,,,,,,,,,,,,,,,,,,,,,,,,,,,,,,,,,,,,,,,,,,,,,,,,
86.0,O,1.0,10.0,R,-38.0,Pass,Incomplete,WISCONSIN RED,,R,,,,3.0,0.0,Season_Total,0.0,O,,,,,,,,,,,,,,,,,,,,,,,,,,,,,,,,,,,,,,,,,,,,,,,,,,,,,,,,,,,,,,,,,,,,,,,,,,,,,,,,,,,
87.0,O,2.0,10.0,R,-38.0,Run,Rush,Twins Split,,R,,,,3.0,7.0,Season_Total,7.0,O,,,,,,,,,,,,,,,,,,,,,,,,,,,,,,,,,,,,,,,,,,,,,,,,,,,,,,,,,,,,,,,,,,,,,,,,,,,,,,,,,,,
88.0,O,3.0,3.0,R,-45.0,Run,Rush,Wyoming brown,,L,,,,3.0,5.0,Season_Total,5.0,O,,,,,,,,,,,,,,,,,,,,,,,,,,,,,,,,,,,,,,,,,,,,,,,,,,,,,,,,,,,,,,,,,,,,,,,,,,,,,,,,,,,
89.0,O,1.0,10.0,M,50.0,Pass,Interception,Wyoming brown,,L,,,,3.0,,Season_Total,0.0,O,,,,,,,,,,,,,,,,,,,,,,,,,,,,,,,,,,,,,,,,,,,,,,,,,,,,,,,,,,,,,,,,,,,,,,,,,,,,,,,,,,,
90.0,D,1.0,10.0,R,-46.0,Run,Rush,Twins Split,,L,,,,3.0,4.0,Season_Total,4.0,D,,,,,,,,,,,,,,,,,,,,,,,,,,,,,,,,,,,,,,,,,,,,,,,,,,,,,,,,,,,,,,,,,,,,,,,,,,,,,,,,,,,
91.0,D,2.0,6.0,M,50.0,Run,Rush,WISCONSIN RED,,R,,,,3.0,2.0,Season_Total,2.0,D,,,,,,,,,,,,,,,,,,,,,,,,,,,,,,,,,,,,,,,,,,,,,,,,,,,,,,,,,,,,,,,,,,,,,,,,,,,,,,,,,,,
92.0,D,3.0,4.0,M,48.0,Run,Rush,Wyoming brown,,R,,,,3.0,-1.0,Season_Total,-1.0,D,,,,,,,,,,,,,,,,,,,,,,,,,,,,,,,,,,,,,,,,,,,,,,,,,,,,,,,,,,,,,,,,,,,,,,,,,,,,,,,,,,,
93.0,D,4.0,5.0,M,49.0,,Timeout,,,,,,,3.0,0.0,Season_Total,0.0,D,,,,,,,,,,,,,,,,,,,,,,,,,,,,,,,,,,,,,,,,,,,,,,,,,,,,,,,,,,,,,,,,,,,,,,,,,,,,,,,,,,,
94.0,K,4.0,5.0,M,49.0,Punt Rec,Return,,,,,,,3.0,,Season_Total,0.0,K,,,,,,,,,,,,,,,,,,,,,,,,,,,,,,,,,,,,,,,,,,,,,,,,,,,,,,,,,,,,,,,,,,,,,,,,,,,,,,,,,,,
95.0,O,1.0,10.0,R,-17.0,Run,Rush,WISCONSIN RED,,R,,,,3.0,3.0,Season_Total,3.0,O,,,,,,,,,,,,,,,,,,,,,,,,,,,,,,,,,,,,,,,,,,,,,,,,,,,,,,,,,,,,,,,,,,,,,,,,,,,,,,,,,,,
96.0,O,2.0,7.0,R,-20.0,Run,Rush,Wyoming brown,,L,,,,3.0,7.0,Season_Total,7.0,O,,,,,,,,,,,,,,,,,,,,,,,,,,,,,,,,,,,,,,,,,,,,,,,,,,,,,,,,,,,,,,,,,,,,,,,,,,,,,,,,,,,
97.0,O,1.0,10.0,M,-27.0,Run,Rush,Wyoming brown,,L,,,,3.0,0.0,Season_Total,0.0,O,,,,,,,,,,,,,,,,,,,,,,,,,,,,,,,,,,,,,,,,,,,,,,,,,,,,,,,,,,,,,,,,,,,,,,,,,,,,,,,,,,,
98.0,O,2.0,10.0,L,-27.0,,Penalty,,,,,,,3.0,5.0,Season_Total,5.0,O,,,,,,,,,,,,,,,,,,,,,,,,,,,,,,,,,,,,,,,,,,,,,,,,,,,,,,,,,,,,,,,,,,,,,,,,,,,,,,,,,,,
99.0,O,2.0,5.0,L,-32.0,Run,Rush,Wyoming brown,,R,,,,3.0,13.0,Season_Total,13.0,O,,,,,,,,,,,,,,,,,,,,,,,,,,,,,,,,,,,,,,,,,,,,,,,,,,,,,,,,,,,,,,,,,,,,,,,,,,,,,,,,,,,
100.0,O,1.0,10.0,M,-45.0,Run,Rush,Wyoming brown,,R,,,,3.0,-3.0,Season_Total,-3.0,O,,,,,,,,,,,,,,,,,,,,,,,,,,,,,,,,,,,,,,,,,,,,,,,,,,,,,,,,,,,,,,,,,,,,,,,,,,,,,,,,,,,
101.0,O,2.0,13.0,M,-42.0,,Timeout,,,,,,,3.0,0.0,Season_Total,0.0,O,,,,,,,,,,,,,,,,,,,,,,,,,,,,,,,,,,,,,,,,,,,,,,,,,,,,,,,,,,,,,,,,,,,,,,,,,,,,,,,,,,,
102.0,O,2.0,13.0,M,-42.0,Run,Rush,,,L,,,,3.0,31.0,Season_Total,31.0,O,,,,,,,,,,,,,,,,,,,,,,,,,,,,,,,,,,,,,,,,,,,,,,,,,,,,,,,,,,,,,,,,,,,,,,,,,,,,,,,,,,,
103.0,O,1.0,10.0,L,27.0,,Penalty,,,,,,,3.0,5.0,Season_Total,5.0,O,,,,,,,,,,,,,,,,,,,,,,,,,,,,,,,,,,,,,,,,,,,,,,,,,,,,,,,,,,,,,,,,,,,,,,,,,,,,,,,,,,,
104.0,O,1.0,5.0,L,22.0,Run,Rush,Wyoming brown,,L,,,,3.0,4.0,Season_Total,4.0,O,,,,,,,,,,,,,,,,,,,,,,,,,,,,,,,,,,,,,,,,,,,,,,,,,,,,,,,,,,,,,,,,,,,,,,,,,,,,,,,,,,,
105.0,O,2.0,1.0,L,18.0,Pass,Incomplete,Wyoming brown,,R,,,,3.0,0.0,Season_Total,0.0,O,,,,,,,,,,,,,,,,,,,,,,,,,,,,,,,,,,,,,,,,,,,,,,,,,,,,,,,,,,,,,,,,,,,,,,,,,,,,,,,,,,,
106.0,O,3.0,1.0,L,18.0,Run,Rush,Wyoming brown,,L,,,,3.0,11.0,Season_Total,11.0,O,,,,,,,,,,,,,,,,,,,,,,,,,,,,,,,,,,,,,,,,,,,,,,,,,,,,,,,,,,,,,,,,,,,,,,,,,,,,,,,,,,,
107.0,O,1.0,7.0,L,7.0,Run,Rush,Wyoming brown,,L,,,,3.0,-4.0,Season_Total,-4.0,O,,,,,,,,,,,,,,,,,,,,,,,,,,,,,,,,,,,,,,,,,,,,,,,,,,,,,,,,,,,,,,,,,,,,,,,,,,,,,,,,,,,
108.0,O,2.0,11.0,M,11.0,Pass,Scramble,Twins Split,,R,,,,3.0,7.0,Season_Total,7.0,O,,,,,,,,,,,,,,,,,,,,,,,,,,,,,,,,,,,,,,,,,,,,,,,,,,,,,,,,,,,,,,,,,,,,,,,,,,,,,,,,,,,
109.0,O,3.0,4.0,R,4.0,Run,Rush,Wyoming brown,,L,,,,3.0,3.0,Season_Total,3.0,O,,,,,,,,,,,,,,,,,,,,,,,,,,,,,,,,,,,,,,,,,,,,,,,,,,,,,,,,,,,,,,,,,,,,,,,,,,,,,,,,,,,
110.0,O,4.0,1.0,M,1.0,Run,"Rush, TD",IOWA BLACK,,R,,,,3.0,1.0,Season_Total,1.0,O,,,,,,,,,,,,,,,,,,,,,,,,,,,,,,,,,,,,,,,,,,,,,,,,,,,,,,,,,,,,,,,,,,,,,,,,,,,,,,,,,,,
111.0,K,,,M,3.0,Extra Pt.,No Good,,,,,,,3.0,,Season_Total,0.0,K,,,,,,,,,,,,,,,,,,,,,,,,,,,,,,,,,,,,,,,,,,,,,,,,,,,,,,,,,,,,,,,,,,,,,,,,,,,,,,,,,,,
112.0,K,,,M,-40.0,KO,Return,TEXAS BROWN,,,,,,3.0,,Season_Total,0.0,K,,,,,,,,,,,,,,,,,,,,,,,,,,,,,,,,,,,,,,,,,,,,,,,,,,,,,,,,,,,,,,,,,,,,,,,,,,,,,,,,,,,
113.0,D,2.0,10.0,L,-42.0,Run,Rush,Twins Split,,L,,,,3.0,3.0,Season_Total,3.0,D,,,,,,,,,,,,,,,,,,,,,,,,,,,,,,,,,,,,,,,,,,,,,,,,,,,,,,,,,,,,,,,,,,,,,,,,,,,,,,,,,,,
114.0,D,3.0,7.0,L,-45.0,Run,Rush,Twins Split,,L,,,,3.0,1.0,Season_Total,1.0,D,,,,,,,,,,,,,,,,,,,,,,,,,,,,,,,,,,,,,,,,,,,,,,,,,,,,,,,,,,,,,,,,,,,,,,,,,,,,,,,,,,,
115.0,K,4.0,6.0,L,-46.0,Punt Rec,Downed,,,,,,,4.0,,Season_Total,0.0,K,,,,,,,,,,,,,,,,,,,,,,,,,,,,,,,,,,,,,,,,,,,,,,,,,,,,,,,,,,,,,,,,,,,,,,,,,,,,,,,,,,,
116.0,O,1.0,10.0,R,-20.0,Run,Rush,WISCONSIN RED,,R,,,,4.0,6.0,Season_Total,6.0,O,,,,,,,,,,,,,,,,,,,,,,,,,,,,,,,,,,,,,,,,,,,,,,,,,,,,,,,,,,,,,,,,,,,,,,,,,,,,,,,,,,,
117.0,O,2.0,4.0,R,-26.0,Run,Rush,Wyoming brown,,L,,,,4.0,3.0,Season_Total,3.0,O,,,,,,,,,,,,,,,,,,,,,,,,,,,,,,,,,,,,,,,,,,,,,,,,,,,,,,,,,,,,,,,,,,,,,,,,,,,,,,,,,,,
118.0,O,3.0,1.0,M,-29.0,Run,Rush,Wyoming brown,,R,,,,4.0,7.0,Season_Total,7.0,O,,,,,,,,,,,,,,,,,,,,,,,,,,,,,,,,,,,,,,,,,,,,,,,,,,,,,,,,,,,,,,,,,,,,,,,,,,,,,,,,,,,
119.0,O,1.0,10.0,R,-36.0,Run,Rush,Twins Split,,R,,,,4.0,2.0,Season_Total,2.0,O,,,,,,,,,,,,,,,,,,,,,,,,,,,,,,,,,,,,,,,,,,,,,,,,,,,,,,,,,,,,,,,,,,,,,,,,,,,,,,,,,,,
120.0,O,2.0,8.0,R,-38.0,Run,Rush,Twins Split,,R,,,,4.0,-1.0,Season_Total,-1.0,O,,,,,,,,,,,,,,,,,,,,,,,,,,,,,,,,,,,,,,,,,,,,,,,,,,,,,,,,,,,,,,,,,,,,,,,,,,,,,,,,,,,
121.0,O,3.0,9.0,R,-37.0,Pass,Incomplete,FLA. BLUE,,L,,,,4.0,0.0,Season_Total,0.0,O,,,,,,,,,,,,,,,,,,,,,,,,,,,,,,,,,,,,,,,,,,,,,,,,,,,,,,,,,,,,,,,,,,,,,,,,,,,,,,,,,,,
122.0,K,4.0,9.0,R,-37.0,Punt,Return,,,,,,,4.0,,Season_Total,0.0,K,,,,,,,,,,,,,,,,,,,,,,,,,,,,,,,,,,,,,,,,,,,,,,,,,,,,,,,,,,,,,,,,,,,,,,,,,,,,,,,,,,,
123.0,D,1.0,10.0,L,-38.0,Run,Rush,Twins Split,,R,,,,4.0,2.0,Season_Total,2.0,D,,,,,,,,,,,,,,,,,,,,,,,,,,,,,,,,,,,,,,,,,,,,,,,,,,,,,,,,,,,,,,,,,,,,,,,,,,,,,,,,,,,
124.0,D,2.0,8.0,M,-40.0,Pass,Complete,Wyoming brown,,R,,,,4.0,-15.0,Season_Total,-15.0,D,,,,,,,,,,,,,,,,,,,,,,,,,,,,,,,,,,,,,,,,,,,,,,,,,,,,,,,,,,,,,,,,,,,,,,,,,,,,,,,,,,,
125.0,D,2.0,23.0,R,-25.0,Pass,Complete,FLA. BLUE,,L,,,,4.0,13.0,Season_Total,13.0,D,,,,,,,,,,,,,,,,,,,,,,,,,,,,,,,,,,,,,,,,,,,,,,,,,,,,,,,,,,,,,,,,,,,,,,,,,,,,,,,,,,,
126.0,D,3.0,10.0,M,-38.0,Pass,Penalty,FLA. BLUE,,R,,,,4.0,15.0,Season_Total,15.0,D,,,,,,,,,,,,,,,,,,,,,,,,,,,,,,,,,,,,,,,,,,,,,,,,,,,,,,,,,,,,,,,,,,,,,,,,,,,,,,,,,,,
127.0,D,1.0,10.0,M,47.0,Pass,Penalty,FLA. BLUE,,R,,,,4.0,15.0,Season_Total,15.0,D,,,,,,,,,,,,,,,,,,,,,,,,,,,,,,,,,,,,,,,,,,,,,,,,,,,,,,,,,,,,,,,,,,,,,,,,,,,,,,,,,,,
128.0,D,1.0,10.0,R,32.0,,Penalty,IOWA BLACK,,,,,,4.0,-5.0,Season_Total,-5.0,D,,,,,,,,,,,,,,,,,,,,,,,,,,,,,,,,,,,,,,,,,,,,,,,,,,,,,,,,,,,,,,,,,,,,,,,,,,,,,,,,,,,
129.0,D,1.0,15.0,R,37.0,Run,Rush,Twins Split,,R,,,,4.0,9.0,Season_Total,9.0,D,,,,,,,,,,,,,,,,,,,,,,,,,,,,,,,,,,,,,,,,,,,,,,,,,,,,,,,,,,,,,,,,,,,,,,,,,,,,,,,,,,,
130.0,D,2.0,6.0,R,28.0,Run,Rush,Twins Split,,R,,,,4.0,-3.0,Season_Total,-3.0,D,,,,,,,,,,,,,,,,,,,,,,,,,,,,,,,,,,,,,,,,,,,,,,,,,,,,,,,,,,,,,,,,,,,,,,,,,,,,,,,,,,,
131.0,D,3.0,9.0,R,31.0,Pass,Incomplete,Twins Split,,L,,,,4.0,0.0,Season_Total,0.0,D,,,,,,,,,,,,,,,,,,,,,,,,,,,,,,,,,,,,,,,,,,,,,,,,,,,,,,,,,,,,,,,,,,,,,,,,,,,,,,,,,,,
132.0,D,4.0,9.0,R,31.0,Pass,Interception,TEXAS BROWN,,L,,,,4.0,,Season_Total,0.0,D,,,,,,,,,,,,,,,,,,,,,,,,,,,,,,,,,,,,,,,,,,,,,,,,,,,,,,,,,,,,,,,,,,,,,,,,,,,,,,,,,,,
133.0,O,1.0,10.0,R,-24.0,Pass,Penalty,Wyoming brown,,R,,,,4.0,5.0,Season_Total,5.0,O,,,,,,,,,,,,,,,,,,,,,,,,,,,,,,,,,,,,,,,,,,,,,,,,,,,,,,,,,,,,,,,,,,,,,,,,,,,,,,,,,,,
134.0,O,1.0,5.0,R,-29.0,Run,Rush,Twins Split,,L,,,,4.0,6.0,Season_Total,6.0,O,,,,,,,,,,,,,,,,,,,,,,,,,,,,,,,,,,,,,,,,,,,,,,,,,,,,,,,,,,,,,,,,,,,,,,,,,,,,,,,,,,,
135.0,O,1.0,10.0,R,-35.0,Run,Rush,Wyoming brown,,L,,,,4.0,6.0,Season_Total,6.0,O,,,,,,,,,,,,,,,,,,,,,,,,,,,,,,,,,,,,,,,,,,,,,,,,,,,,,,,,,,,,,,,,,,,,,,,,,,,,,,,,,,,
136.0,O,2.0,4.0,M,-41.0,Run,Rush,Twins Split,,R,,,,4.0,24.0,Season_Total,24.0,O,,,,,,,,,,,,,,,,,,,,,,,,,,,,,,,,,,,,,,,,,,,,,,,,,,,,,,,,,,,,,,,,,,,,,,,,,,,,,,,,,,,
137.0,O,1.0,10.0,R,35.0,Run,Rush,Wyoming brown,,R,,,,4.0,4.0,Season_Total,4.0,O,,,,,,,,,,,,,,,,,,,,,,,,,,,,,,,,,,,,,,,,,,,,,,,,,,,,,,,,,,,,,,,,,,,,,,,,,,,,,,,,,,,
138.0,O,2.0,6.0,R,31.0,,Penalty,,,,,,,4.0,5.0,Season_Total,5.0,O,,,,,,,,,,,,,,,,,,,,,,,,,,,,,,,,,,,,,,,,,,,,,,,,,,,,,,,,,,,,,,,,,,,,,,,,,,,,,,,,,,,
139.0,O,2.0,1.0,R,26.0,Run,Rush,Wyoming brown,,L,,,,4.0,8.0,Season_Total,8.0,O,,,,,,,,,,,,,,,,,,,,,,,,,,,,,,,,,,,,,,,,,,,,,,,,,,,,,,,,,,,,,,,,,,,,,,,,,,,,,,,,,,,
140.0,O,1.0,10.0,M,18.0,,Timeout,,,,,,,4.0,0.0,Season_Total,0.0,O,,,,,,,,,,,,,,,,,,,,,,,,,,,,,,,,,,,,,,,,,,,,,,,,,,,,,,,,,,,,,,,,,,,,,,,,,,,,,,,,,,,
141.0,O,1.0,10.0,M,18.0,Run,"Rush, TD",Wyoming brown,,R,,,,4.0,18.0,Season_Total,18.0,O,,,,,,,,,,,,,,,,,,,,,,,,,,,,,,,,,,,,,,,,,,,,,,,,,,,,,,,,,,,,,,,,,,,,,,,,,,,,,,,,,,,
142.0,K,,,M,3.0,2 Pt.,Penalty,,,,,,,4.0,,Season_Total,0.0,K,,,,,,,,,,,,,,,,,,,,,,,,,,,,,,,,,,,,,,,,,,,,,,,,,,,,,,,,,,,,,,,,,,,,,,,,,,,,,,,,,,,
143.0,K,,,M,1.0,2 Pt.,Good,Twins Split,,R,,,,4.0,,Season_Total,0.0,K,,,,,,,,,,,,,,,,,,,,,,,,,,,,,,,,,,,,,,,,,,,,,,,,,,,,,,,,,,,,,,,,,,,,,,,,,,,,,,,,,,,
144.0,K,,,M,-40.0,Onside Kick,Return,,,,,,,4.0,,Season_Total,0.0,K,,,,,,,,,,,,,,,,,,,,,,,,,,,,,,,,,,,,,,,,,,,,,,,,,,,,,,,,,,,,,,,,,,,,,,,,,,,,,,,,,,,
145.0,D,1.0,10.0,L,-42.0,Pass,Incomplete,TEXAS BROWN,,R,,,,4.0,0.0,Season_Total,0.0,D,,,,,,,,,,,,,,,,,,,,,,,,,,,,,,,,,,,,,,,,,,,,,,,,,,,,,,,,,,,,,,,,,,,,,,,,,,,,,,,,,,,
146.0,D,2.0,10.0,L,-42.0,Pass,Complete,FLA. BLUE,,L,,,,4.0,11.0,Season_Total,11.0,D,,,,,,,,,,,,,,,,,,,,,,,,,,,,,,,,,,,,,,,,,,,,,,,,,,,,,,,,,,,,,,,,,,,,,,,,,,,,,,,,,,,
147.0,D,1.0,10.0,L,47.0,Pass,Incomplete,TEXAS BROWN,,R,,,,4.0,0.0,Season_Total,0.0,D,,,,,,,,,,,,,,,,,,,,,,,,,,,,,,,,,,,,,,,,,,,,,,,,,,,,,,,,,,,,,,,,,,,,,,,,,,,,,,,,,,,
148.0,D,2.0,10.0,L,47.0,Pass,Complete,IOWA BLACK,,R,,,,4.0,12.0,Season_Total,12.0,D,,,,,,,,,,,,,,,,,,,,,,,,,,,,,,,,,,,,,,,,,,,,,,,,,,,,,,,,,,,,,,,,,,,,,,,,,,,,,,,,,,,
149.0,D,1.0,10.0,M,35.0,Pass,Complete,IOWA BLACK,,L,,,,4.0,27.0,Season_Total,27.0,D,,,,,,,,,,,,,,,,,,,,,,,,,,,,,,,,,,,,,,,,,,,,,,,,,,,,,,,,,,,,,,,,,,,,,,,,,,,,,,,,,,,
150.0,D,1.0,8.0,L,8.0,Pass,"Complete, TD",FLA. BLUE,,R,,,,4.0,8.0,Season_Total,8.0,D,,,,,,,,,,,,,,,,,,,,,,,,,,,,,,,,,,,,,,,,,,,,,,,,,,,,,,,,,,,,,,,,,,,,,,,,,,,,,,,,,,,
151.0,K,,,M,3.0,Extra Pt. Block,Penalty,,,,,,,4.0,,Season_Total,0.0,K,,,,,,,,,,,,,,,,,,,,,,,,,,,,,,,,,,,,,,,,,,,,,,,,,,,,,,,,,,,,,,,,,,,,,,,,,,,,,,,,,,,
152.0,K,,,M,1.0,Extra Pt. Block,No Good,,,,,,,4.0,,Season_Total,0.0,K,,,,,,,,,,,,,,,,,,,,,,,,,,,,,,,,,,,,,,,,,,,,,,,,,,,,,,,,,,,,,,,,,,,,,,,,,,,,,,,,,,,
153.0,S,,,,,,,,,,,,,4.0,,Season_Total,0.0,S,,,,,,,,,,,,,,,,,,,,,,,,,,,,,,,,,,,,,,,,,,,,,,,,,,,,,,,,,,,,,,,,,,,,,,,,,,,,,,,,,,,
154.0,K,,,L,-40.0,KO Rec,Out of Bounds,TEXAS BROWN,,,,,,4.0,,Season_Total,0.0,K,,,,,,,,,,,,,,,,,,,,,,,,,,,,,,,,,,,,,,,,,,,,,,,,,,,,,,,,,,,,,,,,,,,,,,,,,,,,,,,,,,,
155.0,O,1.0,10.0,R,-35.0,Run,Rush,IOWA BLACK STACK,,R,,,,4.0,2.0,Season_Total,2.0,O,,,,,,,,,,,,,,,,,,,,,,,,,,,,,,,,,,,,,,,,,,,,,,,,,,,,,,,,,,,,,,,,,,,,,,,,,,,,,,,,,,,
156.0,O,2.0,8.0,R,-37.0,Run,Rush,FLA. BLUE,,L,,,,4.0,0.0,Season_Total,0.0,O,,,,,,,,,,,,,,,,,,,,,,,,,,,,,,,,,,,,,,,,,,,,,,,,,,,,,,,,,,,,,,,,,,,,,,,,,,,,,,,,,,,
157.0,O,3.0,8.0,L,-37.0,Pass,Complete,IOWA BLACK,,R,,,,4.0,8.0,Season_Total,8.0,O,,,,,,,,,,,,,,,,,,,,,,,,,,,,,,,,,,,,,,,,,,,,,,,,,,,,,,,,,,,,,,,,,,,,,,,,,,,,,,,,,,,
158.0,O,1.0,10.0,R,-45.0,Pass,Complete,IOWA BLACK,,R,,,,4.0,18.0,Season_Total,18.0,O,,,,,,,,,,,,,,,,,,,,,,,,,,,,,,,,,,,,,,,,,,,,,,,,,,,,,,,,,,,,,,,,,,,,,,,,,,,,,,,,,,,
159.0,O,1.0,10.0,R,37.0,Pass,Incomplete,IOWA BLACK,,,,,,4.0,0.0,Season_Total,0.0,O,,,,,,,,,,,,,,,,,,,,,,,,,,,,,,,,,,,,,,,,,,,,,,,,,,,,,,,,,,,,,,,,,,,,,,,,,,,,,,,,,,,
160.0,O,2.0,10.0,R,37.0,Pass,Incomplete,IOWA BLACK,,R,,,,4.0,0.0,Season_Total,0.0,O,,,,,,,,,,,,,,,,,,,,,,,,,,,,,,,,,,,,,,,,,,,,,,,,,,,,,,,,,,,,,,,,,,,,,,,,,,,,,,,,,,,
161.0,O,3.0,10.0,R,37.0,Pass,Scramble,Wyoming brown,,R,,,,4.0,14.0,Season_Total,14.0,O,,,,,,,,,,,,,,,,,,,,,,,,,,,,,,,,,,,,,,,,,,,,,,,,,,,,,,,,,,,,,,,,,,,,,,,,,,,,,,,,,,,
162.0,O,1.0,10.0,R,23.0,Pass,Incomplete,IOWA BLACK,,R,,,,4.0,0.0,Season_Total,0.0,O,,,,,,,,,,,,,,,,,,,,,,,,,,,,,,,,,,,,,,,,,,,,,,,,,,,,,,,,,,,,,,,,,,,,,,,,,,,,,,,,,,,
163.0,O,2.0,10.0,R,23.0,Pass,"Complete, TD",IOWA BLACK,61 H OVER,L,,,,4.0,23.0,Season_Total,23.0,O,,,,,,,,,,,,,,,,,,,,,,,,,,,,,,,,,,,,,,,,,,,,,,,,,,,,,,,,,,,,,,,,,,,,,,,,,,,,,,,,,,,
164.0,K,,,M,3.0,Extra Pt.,Good,,,,,,,4.0,,Season_Total,0.0,K,,,,,,,,,,,,,,,,,,,,,,,,,,,,,,,,,,,,,,,,,,,,,,,,,,,,,,,,,,,,,,,,,,,,,,,,,,,,,,,,,,,
165.0,K,,,M,-40.0,Onside Kick,Return,,,,,,,4.0,,Season_Total,0.0,K,,,,,,,,,,,,,,,,,,,,,,,,,,,,,,,,,,,,,,,,,,,,,,,,,,,,,,,,,,,,,,,,,,,,,,,,,,,,,,,,,,,
166.0,D,1.0,10.0,R,-35.0,Pass,Interception,IOWA BLACK,,L,,,,4.0,,Season_Total,0.0,D,,,,,,,,,,,,,,,,,,,,,,,,,,,,,,,,,,,,,,,,,,,,,,,,,,,,,,,,,,,,,,,,,,,,,,,,,,,,,,,,,,,
1.0,,,,,,,,,,,,,,,,Season_Total,0.0,,,,,,,,,,,,,,,,,,,,,,,,,,,,,,,,,,,,,,,,,,,,,,,,,,,,,,,,,,,,,,,,,,,,,,,,,,,,,,,,,,,,
2.0,,,,,,,,,,,,,,,,Season_Total,0.0,,,,,,,,,,,,,,,,,,,,,,,,,,,,,,,,,,,,,,,,,,,,,,,,,,,,,,,,,,,,,,,,,,,,,,,,,,,,,,,,,,,,
3.0,,,,,,,,,,,,,,,,Season_Total,0.0,,,,,,,,,,,,,,,,,,,,,,,,,,,,,,,,,,,,,,,,,,,,,,,,,,,,,,,,,,,,,,,,,,,,,,,,,,,,,,,,,,,,
4.0,,,,,,,,,,,,,,,,Season_Total,0.0,,,,,,,,,,,,,,,,,,,,,,,,,,,,,,,,,,,,,,,,,,,,,,,,,,,,,,,,,,,,,,,,,,,,,,,,,,,,,,,,,,,,
5.0,,,,,,,,,,,,,,,,Season_Total,0.0,,,,,,,,,,,,,,,,,,,,,,,,,,,,,,,,,,,,,,,,,,,,,,,,,,,,,,,,,,,,,,,,,,,,,,,,,,,,,,,,,,,,
6.0,,,,,,,,,,,,,,,,Season_Total,0.0,,,,,,,,,,,,,,,,,,,,,,,,,,,,,,,,,,,,,,,,,,,,,,,,,,,,,,,,,,,,,,,,,,,,,,,,,,,,,,,,,,,,
7.0,,,,,,,,,,,,,,,,Season_Total,0.0,,,,,,,,,,,,,,,,,,,,,,,,,,,,,,,,,,,,,,,,,,,,,,,,,,,,,,,,,,,,,,,,,,,,,,,,,,,,,,,,,,,,
8.0,,,,,,,,,,,,,,,,Season_Total,0.0,,,,,,,,,,,,,,,,,,,,,,,,,,,,,,,,,,,,,,,,,,,,,,,,,,,,,,,,,,,,,,,,,,,,,,,,,,,,,,,,,,,,
9.0,,,,,,,,,,,,,,,,Season_Total,0.0,,,,,,,,,,,,,,,,,,,,,,,,,,,,,,,,,,,,,,,,,,,,,,,,,,,,,,,,,,,,,,,,,,,,,,,,,,,,,,,,,,,,
10.0,,,,,,,,,,,,,,,,Season_Total,0.0,,,,,,,,,,,,,,,,,,,,,,,,,,,,,,,,,,,,,,,,,,,,,,,,,,,,,,,,,,,,,,,,,,,,,,,,,,,,,,,,,,,,
11.0,,,,,,,,,,,,,,,,Season_Total,0.0,,,,,,,,,,,,,,,,,,,,,,,,,,,,,,,,,,,,,,,,,,,,,,,,,,,,,,,,,,,,,,,,,,,,,,,,,,,,,,,,,,,,
12.0,,,,,,,,,,,,,,,,Season_Total,0.0,,,,,,,,,,,,,,,,,,,,,,,,,,,,,,,,,,,,,,,,,,,,,,,,,,,,,,,,,,,,,,,,,,,,,,,,,,,,,,,,,,,,
13.0,,,,,,,,,,,,,,,,Season_Total,0.0,,,,,,,,,,,,,,,,,,,,,,,,,,,,,,,,,,,,,,,,,,,,,,,,,,,,,,,,,,,,,,,,,,,,,,,,,,,,,,,,,,,,
14.0,,,,,,,,,,,,,,,,Season_Total,0.0,,,,,,,,,,,,,,,,,,,,,,,,,,,,,,,,,,,,,,,,,,,,,,,,,,,,,,,,,,,,,,,,,,,,,,,,,,,,,,,,,,,,
15.0,,,,,,,,,,,,,,,,Season_Total,0.0,,,,,,,,,,,,,,,,,,,,,,,,,,,,,,,,,,,,,,,,,,,,,,,,,,,,,,,,,,,,,,,,,,,,,,,,,,,,,,,,,,,,
16.0,,,,,,,,,,,,,,,,Season_Total,0.0,,,,,,,,,,,,,,,,,,,,,,,,,,,,,,,,,,,,,,,,,,,,,,,,,,,,,,,,,,,,,,,,,,,,,,,,,,,,,,,,,,,,
17.0,,,,,,,,,,,,,,,,Season_Total,0.0,,,,,,,,,,,,,,,,,,,,,,,,,,,,,,,,,,,,,,,,,,,,,,,,,,,,,,,,,,,,,,,,,,,,,,,,,,,,,,,,,,,,
18.0,,,,,,,,,,,,,,,,Season_Total,0.0,,,,,,,,,,,,,,,,,,,,,,,,,,,,,,,,,,,,,,,,,,,,,,,,,,,,,,,,,,,,,,,,,,,,,,,,,,,,,,,,,,,,
19.0,,,,,,,,,,,,,,,,Season_Total,0.0,,,,,,,,,,,,,,,,,,,,,,,,,,,,,,,,,,,,,,,,,,,,,,,,,,,,,,,,,,,,,,,,,,,,,,,,,,,,,,,,,,,,
20.0,,,,,,,,,,,,,,,,Season_Total,0.0,,,,,,,,,,,,,,,,,,,,,,,,,,,,,,,,,,,,,,,,,,,,,,,,,,,,,,,,,,,,,,,,,,,,,,,,,,,,,,,,,,,,
21.0,,,,,,,,,,,,,,,,Season_Total,0.0,,,,,,,,,,,,,,,,,,,,,,,,,,,,,,,,,,,,,,,,,,,,,,,,,,,,,,,,,,,,,,,,,,,,,,,,,,,,,,,,,,,,
22.0,,,,,,,,,,,,,,,,Season_Total,0.0,,,,,,,,,,,,,,,,,,,,,,,,,,,,,,,,,,,,,,,,,,,,,,,,,,,,,,,,,,,,,,,,,,,,,,,,,,,,,,,,,,,,
23.0,,,,,,,,,,,,,,,,Season_Total,0.0,,,,,,,,,,,,,,,,,,,,,,,,,,,,,,,,,,,,,,,,,,,,,,,,,,,,,,,,,,,,,,,,,,,,,,,,,,,,,,,,,,,,
24.0,,,,,,,,,,,,,,,,Season_Total,0.0,,,,,,,,,,,,,,,,,,,,,,,,,,,,,,,,,,,,,,,,,,,,,,,,,,,,,,,,,,,,,,,,,,,,,,,,,,,,,,,,,,,,
25.0,,,,,,,,,,,,,,,,Season_Total,0.0,,,,,,,,,,,,,,,,,,,,,,,,,,,,,,,,,,,,,,,,,,,,,,,,,,,,,,,,,,,,,,,,,,,,,,,,,,,,,,,,,,,,
26.0,,,,,,,,,,,,,,,,Season_Total,0.0,,,,,,,,,,,,,,,,,,,,,,,,,,,,,,,,,,,,,,,,,,,,,,,,,,,,,,,,,,,,,,,,,,,,,,,,,,,,,,,,,,,,
27.0,,,,,,,,,,,,,,,,Season_Total,0.0,,,,,,,,,,,,,,,,,,,,,,,,,,,,,,,,,,,,,,,,,,,,,,,,,,,,,,,,,,,,,,,,,,,,,,,,,,,,,,,,,,,,
28.0,,,,,,,,,,,,,,,,Season_Total,0.0,,,,,,,,,,,,,,,,,,,,,,,,,,,,,,,,,,,,,,,,,,,,,,,,,,,,,,,,,,,,,,,,,,,,,,,,,,,,,,,,,,,,
29.0,,,,,,,,,,,,,,,,Season_Total,0.0,,,,,,,,,,,,,,,,,,,,,,,,,,,,,,,,,,,,,,,,,,,,,,,,,,,,,,,,,,,,,,,,,,,,,,,,,,,,,,,,,,,,
30.0,,,,,,,,,,,,,,,,Season_Total,0.0,,,,,,,,,,,,,,,,,,,,,,,,,,,,,,,,,,,,,,,,,,,,,,,,,,,,,,,,,,,,,,,,,,,,,,,,,,,,,,,,,,,,
31.0,,,,,,,,,,,,,,,,Season_Total,0.0,,,,,,,,,,,,,,,,,,,,,,,,,,,,,,,,,,,,,,,,,,,,,,,,,,,,,,,,,,,,,,,,,,,,,,,,,,,,,,,,,,,,
32.0,,,,,,,,,,,,,,,,Season_Total,0.0,,,,,,,,,,,,,,,,,,,,,,,,,,,,,,,,,,,,,,,,,,,,,,,,,,,,,,,,,,,,,,,,,,,,,,,,,,,,,,,,,,,,
33.0,,,,,,,,,,,,,,,,Season_Total,0.0,,,,,,,,,,,,,,,,,,,,,,,,,,,,,,,,,,,,,,,,,,,,,,,,,,,,,,,,,,,,,,,,,,,,,,,,,,,,,,,,,,,,
34.0,,,,,,,,,,,,,,,,Season_Total,0.0,,,,,,,,,,,,,,,,,,,,,,,,,,,,,,,,,,,,,,,,,,,,,,,,,,,,,,,,,,,,,,,,,,,,,,,,,,,,,,,,,,,,
35.0,,,,,,,,,,,,,,,,Season_Total,0.0,,,,,,,,,,,,,,,,,,,,,,,,,,,,,,,,,,,,,,,,,,,,,,,,,,,,,,,,,,,,,,,,,,,,,,,,,,,,,,,,,,,,
36.0,,,,,,,,,,,,,,,,Season_Total,0.0,,,,,,,,,,,,,,,,,,,,,,,,,,,,,,,,,,,,,,,,,,,,,,,,,,,,,,,,,,,,,,,,,,,,,,,,,,,,,,,,,,,,
37.0,,,,,,,,,,,,,,,,Season_Total,0.0,,,,,,,,,,,,,,,,,,,,,,,,,,,,,,,,,,,,,,,,,,,,,,,,,,,,,,,,,,,,,,,,,,,,,,,,,,,,,,,,,,,,
38.0,,,,,,,,,,,,,,,,Season_Total,0.0,,,,,,,,,,,,,,,,,,,,,,,,,,,,,,,,,,,,,,,,,,,,,,,,,,,,,,,,,,,,,,,,,,,,,,,,,,,,,,,,,,,,
39.0,,,,,,,,,,,,,,,,Season_Total,0.0,,,,,,,,,,,,,,,,,,,,,,,,,,,,,,,,,,,,,,,,,,,,,,,,,,,,,,,,,,,,,,,,,,,,,,,,,,,,,,,,,,,,
40.0,,,,,,,,,,,,,,,,Season_Total,0.0,,,,,,,,,,,,,,,,,,,,,,,,,,,,,,,,,,,,,,,,,,,,,,,,,,,,,,,,,,,,,,,,,,,,,,,,,,,,,,,,,,,,
41.0,,,,,,,,,,,,,,,,Season_Total,0.0,,,,,,,,,,,,,,,,,,,,,,,,,,,,,,,,,,,,,,,,,,,,,,,,,,,,,,,,,,,,,,,,,,,,,,,,,,,,,,,,,,,,
42.0,,,,,,,,,,,,,,,,Season_Total,0.0,,,,,,,,,,,,,,,,,,,,,,,,,,,,,,,,,,,,,,,,,,,,,,,,,,,,,,,,,,,,,,,,,,,,,,,,,,,,,,,,,,,,
43.0,,,,,,,,,,,,,,,,Season_Total,0.0,,,,,,,,,,,,,,,,,,,,,,,,,,,,,,,,,,,,,,,,,,,,,,,,,,,,,,,,,,,,,,,,,,,,,,,,,,,,,,,,,,,,
44.0,,,,,,,,,,,,,,,,Season_Total,0.0,,,,,,,,,,,,,,,,,,,,,,,,,,,,,,,,,,,,,,,,,,,,,,,,,,,,,,,,,,,,,,,,,,,,,,,,,,,,,,,,,,,,
45.0,,,,,,,,,,,,,,,,Season_Total,0.0,,,,,,,,,,,,,,,,,,,,,,,,,,,,,,,,,,,,,,,,,,,,,,,,,,,,,,,,,,,,,,,,,,,,,,,,,,,,,,,,,,,,
46.0,,,,,,,,,,,,,,,,Season_Total,0.0,,,,,,,,,,,,,,,,,,,,,,,,,,,,,,,,,,,,,,,,,,,,,,,,,,,,,,,,,,,,,,,,,,,,,,,,,,,,,,,,,,,,
47.0,,,,,,,,,,,,,,,,Season_Total,0.0,,,,,,,,,,,,,,,,,,,,,,,,,,,,,,,,,,,,,,,,,,,,,,,,,,,,,,,,,,,,,,,,,,,,,,,,,,,,,,,,,,,,
48.0,,,,,,,,,,,,,,,,Season_Total,0.0,,,,,,,,,,,,,,,,,,,,,,,,,,,,,,,,,,,,,,,,,,,,,,,,,,,,,,,,,,,,,,,,,,,,,,,,,,,,,,,,,,,,
49.0,,,,,,,,,,,,,,,,Season_Total,0.0,,,,,,,,,,,,,,,,,,,,,,,,,,,,,,,,,,,,,,,,,,,,,,,,,,,,,,,,,,,,,,,,,,,,,,,,,,,,,,,,,,,,
50.0,,,,,,,,,,,,,,,,Season_Total,0.0,,,,,,,,,,,,,,,,,,,,,,,,,,,,,,,,,,,,,,,,,,,,,,,,,,,,,,,,,,,,,,,,,,,,,,,,,,,,,,,,,,,,
51.0,,,,,,,,,,,,,,,,Season_Total,0.0,,,,,,,,,,,,,,,,,,,,,,,,,,,,,,,,,,,,,,,,,,,,,,,,,,,,,,,,,,,,,,,,,,,,,,,,,,,,,,,,,,,,
52.0,,,,,,,,,,,,,,,,Season_Total,0.0,,,,,,,,,,,,,,,,,,,,,,,,,,,,,,,,,,,,,,,,,,,,,,,,,,,,,,,,,,,,,,,,,,,,,,,,,,,,,,,,,,,,
53.0,,,,,,,,,,,,,,,,Season_Total,0.0,,,,,,,,,,,,,,,,,,,,,,,,,,,,,,,,,,,,,,,,,,,,,,,,,,,,,,,,,,,,,,,,,,,,,,,,,,,,,,,,,,,,
54.0,,,,,,,,,,,,,,,,Season_Total,0.0,,,,,,,,,,,,,,,,,,,,,,,,,,,,,,,,,,,,,,,,,,,,,,,,,,,,,,,,,,,,,,,,,,,,,,,,,,,,,,,,,,,,
55.0,,,,,,,,,,,,,,,,Season_Total,0.0,,,,,,,,,,,,,,,,,,,,,,,,,,,,,,,,,,,,,,,,,,,,,,,,,,,,,,,,,,,,,,,,,,,,,,,,,,,,,,,,,,,,
56.0,,,,,,,,IOWA BLACK T RIGHT,51 HONDA,,,,,,,Season_Total,0.0,,,,,,,,,,,,,,,,,,,,,,,,,,,,,,,,,,,,,,,,,,,,,,,,,,,,,,,,,,,,,,,,,,,,,,,,,,,,,,,,,,,,
57.0,,,,,,,,FLA ORANGE T RT,60 H OVER,,,,,,,Season_Total,0.0,,,,,,,,,,,,,,,,,,,,,,,,,,,,,,,,,,,,,,,,,,,,,,,,,,,,,,,,,,,,,,,,,,,,,,,,,,,,,,,,,,,,
58.0,,,,,,,,FLA BLUE T LEFT,61 FLAT,,,,,,,Season_Total,0.0,,,,,,,,,,,,,,,,,,,,,,,,,,,,,,,,,,,,,,,,,,,,,,,,,,,,,,,,,,,,,,,,,,,,,,,,,,,,,,,,,,,,
59.0,,,,,,,,IOWA BLACK T LEFT,61 H SAIL,,,,,,,Season_Total,0.0,,,,,,,,,,,,,,,,,,,,,,,,,,,,,,,,,,,,,,,,,,,,,,,,,,,,,,,,,,,,,,,,,,,,,,,,,,,,,,,,,,,,
60.0,,,,,,,,FLA BLUE T LEFT,61 FLAT,,,,,,,Season_Total,0.0,,,,,,,,,,,,,,,,,,,,,,,,,,,,,,,,,,,,,,,,,,,,,,,,,,,,,,,,,,,,,,,,,,,,,,,,,,,,,,,,,,,,
61.0,,,,,,,,FLA ORANGE T LT,61 CLEAR,,,,,,,Season_Total,0.0,,,,,,,,,,,,,,,,,,,,,,,,,,,,,,,,,,,,,,,,,,,,,,,,,,,,,,,,,,,,,,,,,,,,,,,,,,,,,,,,,,,,
62.0,,,,,,,,FLA BLUE T RIGHT,60 FLOOD SWITCH,,,,,,,Season_Total,0.0,,,,,,,,,,,,,,,,,,,,,,,,,,,,,,,,,,,,,,,,,,,,,,,,,,,,,,,,,,,,,,,,,,,,,,,,,,,,,,,,,,,,
63.0,,,,,,,,FLA ORANGE T RT,60 FLAT,,,,,,,Season_Total,0.0,,,,,,,,,,,,,,,,,,,,,,,,,,,,,,,,,,,,,,,,,,,,,,,,,,,,,,,,,,,,,,,,,,,,,,,,,,,,,,,,,,,,
64.0,,,,,,,,IOWA BLACK T RIGHT,51 DODGE,,,,,,,Season_Total,0.0,,,,,,,,,,,,,,,,,,,,,,,,,,,,,,,,,,,,,,,,,,,,,,,,,,,,,,,,,,,,,,,,,,,,,,,,,,,,,,,,,,,,
65.0,,,,,,,,IOWA BLACK T RIGHT,60 Y OVER,,,,,,,Season_Total,0.0,,,,,,,,,,,,,,,,,,,,,,,,,,,,,,,,,,,,,,,,,,,,,,,,,,,,,,,,,,,,,,,,,,,,,,,,,,,,,,,,,,,,
66.0,,,,,,,,FLA ORANGE T RT,60 FLAT,,,,,,,Season_Total,0.0,,,,,,,,,,,,,,,,,,,,,,,,,,,,,,,,,,,,,,,,,,,,,,,,,,,,,,,,,,,,,,,,,,,,,,,,,,,,,,,,,,,,
67.0,,,,,,,,FLA ORANGE T RT,60 Y OVER,,,,,,,Season_Total,0.0,,,,,,,,,,,,,,,,,,,,,,,,,,,,,,,,,,,,,,,,,,,,,,,,,,,,,,,,,,,,,,,,,,,,,,,,,,,,,,,,,,,,
68.0,,,,,,,,IOWA BLACK T RIGHT,60 BENCH,,,,,,,Season_Total,0.0,,,,,,,,,,,,,,,,,,,,,,,,,,,,,,,,,,,,,,,,,,,,,,,,,,,,,,,,,,,,,,,,,,,,,,,,,,,,,,,,,,,,
69.0,,,,,,,,FLA BLUE T RIGHT,60 CLEAR,,,,,,,Season_Total,0.0,,,,,,,,,,,,,,,,,,,,,,,,,,,,,,,,,,,,,,,,,,,,,,,,,,,,,,,,,,,,,,,,,,,,,,,,,,,,,,,,,,,,
70.0,,,,,,,,FLA ORANGE T RT,60 H OVER,,,,,,,Season_Total,0.0,,,,,,,,,,,,,,,,,,,,,,,,,,,,,,,,,,,,,,,,,,,,,,,,,,,,,,,,,,,,,,,,,,,,,,,,,,,,,,,,,,,,
71.0,,,,,,,,FLA BLUE T RIGHT,51 CADILLAC,,,,,,,Season_Total,0.0,,,,,,,,,,,,,,,,,,,,,,,,,,,,,,,,,,,,,,,,,,,,,,,,,,,,,,,,,,,,,,,,,,,,,,,,,,,,,,,,,,,,
72.0,,,,,,,,,,,,,,,,Season_Total,0.0,,,,,,,,,,,,,,,,,,,,,,,,,,,,,,,,,,,,,,,,,,,,,,,,,,,,,,,,,,,,,,,,,,,,,,,,,,,,,,,,,,,,
73.0,,,,,,,,,,,,,,,,Season_Total,0.0,,,,,,,,,,,,,,,,,,,,,,,,,,,,,,,,,,,,,,,,,,,,,,,,,,,,,,,,,,,,,,,,,,,,,,,,,,,,,,,,,,,,
74.0,,,,,,,,,,,,,,,,Season_Total,0.0,,,,,,,,,,,,,,,,,,,,,,,,,,,,,,,,,,,,,,,,,,,,,,,,,,,,,,,,,,,,,,,,,,,,,,,,,,,,,,,,,,,,
75.0,,,,,,,,,,,,,,,,Season_Total,0.0,,,,,,,,,,,,,,,,,,,,,,,,,,,,,,,,,,,,,,,,,,,,,,,,,,,,,,,,,,,,,,,,,,,,,,,,,,,,,,,,,,,,
76.0,,,,,,,,,,,,,,,,Season_Total,0.0,,,,,,,,,,,,,,,,,,,,,,,,,,,,,,,,,,,,,,,,,,,,,,,,,,,,,,,,,,,,,,,,,,,,,,,,,,,,,,,,,,,,
77.0,,,,,,,,,,,,,,,,Season_Total,0.0,,,,,,,,,,,,,,,,,,,,,,,,,,,,,,,,,,,,,,,,,,,,,,,,,,,,,,,,,,,,,,,,,,,,,,,,,,,,,,,,,,,,
78.0,,,,,,,,,,,,,,,,Season_Total,0.0,,,,,,,,,,,,,,,,,,,,,,,,,,,,,,,,,,,,,,,,,,,,,,,,,,,,,,,,,,,,,,,,,,,,,,,,,,,,,,,,,,,,
79.0,,,,,,,,,,,,,,,,Season_Total,0.0,,,,,,,,,,,,,,,,,,,,,,,,,,,,,,,,,,,,,,,,,,,,,,,,,,,,,,,,,,,,,,,,,,,,,,,,,,,,,,,,,,,,
80.0,,,,,,,,,,,,,,,,Season_Total,0.0,,,,,,,,,,,,,,,,,,,,,,,,,,,,,,,,,,,,,,,,,,,,,,,,,,,,,,,,,,,,,,,,,,,,,,,,,,,,,,,,,,,,
81.0,,,,,,,,,,,,,,,,Season_Total,0.0,,,,,,,,,,,,,,,,,,,,,,,,,,,,,,,,,,,,,,,,,,,,,,,,,,,,,,,,,,,,,,,,,,,,,,,,,,,,,,,,,,,,
82.0,,,,,,,,,,,,,,,,Season_Total,0.0,,,,,,,,,,,,,,,,,,,,,,,,,,,,,,,,,,,,,,,,,,,,,,,,,,,,,,,,,,,,,,,,,,,,,,,,,,,,,,,,,,,,
83.0,,,,,,,,,,,,,,,,Season_Total,0.0,,,,,,,,,,,,,,,,,,,,,,,,,,,,,,,,,,,,,,,,,,,,,,,,,,,,,,,,,,,,,,,,,,,,,,,,,,,,,,,,,,,,
84.0,,,,,,,,,,,,,,,,Season_Total,0.0,,,,,,,,,,,,,,,,,,,,,,,,,,,,,,,,,,,,,,,,,,,,,,,,,,,,,,,,,,,,,,,,,,,,,,,,,,,,,,,,,,,,
85.0,,,,,,,,,,,,,,,,Season_Total,0.0,,,,,,,,,,,,,,,,,,,,,,,,,,,,,,,,,,,,,,,,,,,,,,,,,,,,,,,,,,,,,,,,,,,,,,,,,,,,,,,,,,,,
86.0,,,,,,,,FLA BLUE T LEFT,61 FLAT,,,,,,,Season_Total,0.0,,,,,,,,,,,,,,,,,,,,,,,,,,,,,,,,,,,,,,,,,,,,,,,,,,,,,,,,,,,,,,,,,,,,,,,,,,,,,,,,,,,,
87.0,,,,,,,,FLA ORANGE T RT,60 Y OVER,,,,,,,Season_Total,0.0,,,,,,,,,,,,,,,,,,,,,,,,,,,,,,,,,,,,,,,,,,,,,,,,,,,,,,,,,,,,,,,,,,,,,,,,,,,,,,,,,,,,
88.0,,,,,,,,FLA BLUE T LEFT,61 FLAT,,,,,,,Season_Total,0.0,,,,,,,,,,,,,,,,,,,,,,,,,,,,,,,,,,,,,,,,,,,,,,,,,,,,,,,,,,,,,,,,,,,,,,,,,,,,,,,,,,,,
89.0,,,,,,,,IOWA BLACK T RIGHT,60 BENCH,,,,,,,Season_Total,0.0,,,,,,,,,,,,,,,,,,,,,,,,,,,,,,,,,,,,,,,,,,,,,,,,,,,,,,,,,,,,,,,,,,,,,,,,,,,,,,,,,,,,
90.0,,,,,,,,FLA ORANGE T RT,60 Y OVER,,,,,,,Season_Total,0.0,,,,,,,,,,,,,,,,,,,,,,,,,,,,,,,,,,,,,,,,,,,,,,,,,,,,,,,,,,,,,,,,,,,,,,,,,,,,,,,,,,,,
91.0,,,,,,,,FLA ORANGE T RT,60 Y OVER,,,,,,,Season_Total,0.0,,,,,,,,,,,,,,,,,,,,,,,,,,,,,,,,,,,,,,,,,,,,,,,,,,,,,,,,,,,,,,,,,,,,,,,,,,,,,,,,,,,,
92.0,,,,,,,,IOWA BLACK T RIGHT,60 SMASH,,,,,,,Season_Total,0.0,,,,,,,,,,,,,,,,,,,,,,,,,,,,,,,,,,,,,,,,,,,,,,,,,,,,,,,,,,,,,,,,,,,,,,,,,,,,,,,,,,,,
93.0,,,,,,,,IOWA BLACK T LEFT,50 HONDA,,,,,,,Season_Total,0.0,,,,,,,,,,,,,,,,,,,,,,,,,,,,,,,,,,,,,,,,,,,,,,,,,,,,,,,,,,,,,,,,,,,,,,,,,,,,,,,,,,,,
94.0,,,,,,,,IOWA BLACK T LEFT,50 CHEVY,,,,,,,Season_Total,0.0,,,,,,,,,,,,,,,,,,,,,,,,,,,,,,,,,,,,,,,,,,,,,,,,,,,,,,,,,,,,,,,,,,,,,,,,,,,,,,,,,,,,
95.0,,,,,,,,FLA BLUE T LEFT,61 FLAT,,,,,,,Season_Total,0.0,,,,,,,,,,,,,,,,,,,,,,,,,,,,,,,,,,,,,,,,,,,,,,,,,,,,,,,,,,,,,,,,,,,,,,,,,,,,,,,,,,,,
96.0,,,,,,,,IOWA BLACK T RIGHT,60 SMASH,,,,,,,Season_Total,0.0,,,,,,,,,,,,,,,,,,,,,,,,,,,,,,,,,,,,,,,,,,,,,,,,,,,,,,,,,,,,,,,,,,,,,,,,,,,,,,,,,,,,
97.0,,,,,,,,IOWA BLACK T LEFT,61 BENCH,,,,,,,Season_Total,0.0,,,,,,,,,,,,,,,,,,,,,,,,,,,,,,,,,,,,,,,,,,,,,,,,,,,,,,,,,,,,,,,,,,,,,,,,,,,,,,,,,,,,
98.0,,,,,,,,IOWA BLACK T LEFT,61 BENCH,,,,,,,Season_Total,0.0,,,,,,,,,,,,,,,,,,,,,,,,,,,,,,,,,,,,,,,,,,,,,,,,,,,,,,,,,,,,,,,,,,,,,,,,,,,,,,,,,,,,
99.0,,,,,,,,FLA BLUE T RIGHT,60 FLOOD SWITCH,,,,,,,Season_Total,0.0,,,,,,,,,,,,,,,,,,,,,,,,,,,,,,,,,,,,,,,,,,,,,,,,,,,,,,,,,,,,,,,,,,,,,,,,,,,,,,,,,,,,
100.0,,,,,,,,IOWA BLACK T LEFT,61 H SAIL,,,,,,,Season_Total,0.0,,,,,,,,,,,,,,,,,,,,,,,,,,,,,,,,,,,,,,,,,,,,,,,,,,,,,,,,,,,,,,,,,,,,,,,,,,,,,,,,,,,,
101.0,,,,,,,,FLA BLUE T RIGHT,90 FLOOD SWITCH,,,,,,,Season_Total,0.0,,,,,,,,,,,,,,,,,,,,,,,,,,,,,,,,,,,,,,,,,,,,,,,,,,,,,,,,,,,,,,,,,,,,,,,,,,,,,,,,,,,,
102.0,,,,,,,,,,,,,,,,Season_Total,0.0,,,,,,,,,,,,,,,,,,,,,,,,,,,,,,,,,,,,,,,,,,,,,,,,,,,,,,,,,,,,,,,,,,,,,,,,,,,,,,,,,,,,
103.0,,,,,,,,,,,,,,,,Season_Total,0.0,,,,,,,,,,,,,,,,,,,,,,,,,,,,,,,,,,,,,,,,,,,,,,,,,,,,,,,,,,,,,,,,,,,,,,,,,,,,,,,,,,,,
104.0,,,,,,,,,,,,,,,,Season_Total,0.0,,,,,,,,,,,,,,,,,,,,,,,,,,,,,,,,,,,,,,,,,,,,,,,,,,,,,,,,,,,,,,,,,,,,,,,,,,,,,,,,,,,,
105.0,,,,,,,,,,,,,,,,Season_Total,0.0,,,,,,,,,,,,,,,,,,,,,,,,,,,,,,,,,,,,,,,,,,,,,,,,,,,,,,,,,,,,,,,,,,,,,,,,,,,,,,,,,,,,
106.0,,,,,,,,,,,,,,,,Season_Total,0.0,,,,,,,,,,,,,,,,,,,,,,,,,,,,,,,,,,,,,,,,,,,,,,,,,,,,,,,,,,,,,,,,,,,,,,,,,,,,,,,,,,,,
107.0,,,,,,,,,,,,,,,,Season_Total,0.0,,,,,,,,,,,,,,,,,,,,,,,,,,,,,,,,,,,,,,,,,,,,,,,,,,,,,,,,,,,,,,,,,,,,,,,,,,,,,,,,,,,,
108.0,,,,,,,,,,,,,,,,Season_Total,0.0,,,,,,,,,,,,,,,,,,,,,,,,,,,,,,,,,,,,,,,,,,,,,,,,,,,,,,,,,,,,,,,,,,,,,,,,,,,,,,,,,,,,
109.0,,,,,,,,,,,,,,,,Season_Total,0.0,,,,,,,,,,,,,,,,,,,,,,,,,,,,,,,,,,,,,,,,,,,,,,,,,,,,,,,,,,,,,,,,,,,,,,,,,,,,,,,,,,,,
110.0,,,,,,,,,,,,,,,,Season_Total,0.0,,,,,,,,,,,,,,,,,,,,,,,,,,,,,,,,,,,,,,,,,,,,,,,,,,,,,,,,,,,,,,,,,,,,,,,,,,,,,,,,,,,,
111.0,,,,,,,,,,,,,,,,Season_Total,0.0,,,,,,,,,,,,,,,,,,,,,,,,,,,,,,,,,,,,,,,,,,,,,,,,,,,,,,,,,,,,,,,,,,,,,,,,,,,,,,,,,,,,
112.0,,,,,,,,,,,,,,,,Season_Total,0.0,,,,,,,,,,,,,,,,,,,,,,,,,,,,,,,,,,,,,,,,,,,,,,,,,,,,,,,,,,,,,,,,,,,,,,,,,,,,,,,,,,,,
113.0,,,,,,,,,,,,,,,,Season_Total,0.0,,,,,,,,,,,,,,,,,,,,,,,,,,,,,,,,,,,,,,,,,,,,,,,,,,,,,,,,,,,,,,,,,,,,,,,,,,,,,,,,,,,,
114.0,,,,,,,,,,,,,,,,Season_Total,0.0,,,,,,,,,,,,,,,,,,,,,,,,,,,,,,,,,,,,,,,,,,,,,,,,,,,,,,,,,,,,,,,,,,,,,,,,,,,,,,,,,,,,
115.0,,,,,,,,,,,,,,,,Season_Total,0.0,,,,,,,,,,,,,,,,,,,,,,,,,,,,,,,,,,,,,,,,,,,,,,,,,,,,,,,,,,,,,,,,,,,,,,,,,,,,,,,,,,,,
116.0,,,,,,,,,,,,,,,,Season_Total,0.0,,,,,,,,,,,,,,,,,,,,,,,,,,,,,,,,,,,,,,,,,,,,,,,,,,,,,,,,,,,,,,,,,,,,,,,,,,,,,,,,,,,,
117.0,,,,,,,,,,,,,,,,Season_Total,0.0,,,,,,,,,,,,,,,,,,,,,,,,,,,,,,,,,,,,,,,,,,,,,,,,,,,,,,,,,,,,,,,,,,,,,,,,,,,,,,,,,,,,
118.0,,,,,,,,,,,,,,,,Season_Total,0.0,,,,,,,,,,,,,,,,,,,,,,,,,,,,,,,,,,,,,,,,,,,,,,,,,,,,,,,,,,,,,,,,,,,,,,,,,,,,,,,,,,,,
119.0,,,,,,,,,,,,,,,,Season_Total,0.0,,,,,,,,,,,,,,,,,,,,,,,,,,,,,,,,,,,,,,,,,,,,,,,,,,,,,,,,,,,,,,,,,,,,,,,,,,,,,,,,,,,,
120.0,,,,,,,,,,,,,,,,Season_Total,0.0,,,,,,,,,,,,,,,,,,,,,,,,,,,,,,,,,,,,,,,,,,,,,,,,,,,,,,,,,,,,,,,,,,,,,,,,,,,,,,,,,,,,
121.0,,,,,,,,,,,,,,,,Season_Total,0.0,,,,,,,,,,,,,,,,,,,,,,,,,,,,,,,,,,,,,,,,,,,,,,,,,,,,,,,,,,,,,,,,,,,,,,,,,,,,,,,,,,,,
122.0,,,,,,,,,,,,,,,,Season_Total,0.0,,,,,,,,,,,,,,,,,,,,,,,,,,,,,,,,,,,,,,,,,,,,,,,,,,,,,,,,,,,,,,,,,,,,,,,,,,,,,,,,,,,,
123.0,,,,,,,,FLA BLUE T LEFT,61 FLAT,,,,,,,Season_Total,0.0,,,,,,,,,,,,,,,,,,,,,,,,,,,,,,,,,,,,,,,,,,,,,,,,,,,,,,,,,,,,,,,,,,,,,,,,,,,,,,,,,,,,
124.0,,,,,,,,FLA BLUE T LEFT,61 Y OVER,,,,,,,Season_Total,0.0,,,,,,,,,,,,,,,,,,,,,,,,,,,,,,,,,,,,,,,,,,,,,,,,,,,,,,,,,,,,,,,,,,,,,,,,,,,,,,,,,,,,
125.0,,,,,,,,IOWA BLACK T LEFT,61 H SAIL,,,,,,,Season_Total,0.0,,,,,,,,,,,,,,,,,,,,,,,,,,,,,,,,,,,,,,,,,,,,,,,,,,,,,,,,,,,,,,,,,,,,,,,,,,,,,,,,,,,,
126.0,,,,,,,,FLA BLUE T RIGHT,60 CLEAR,,,,,,,Season_Total,0.0,,,,,,,,,,,,,,,,,,,,,,,,,,,,,,,,,,,,,,,,,,,,,,,,,,,,,,,,,,,,,,,,,,,,,,,,,,,,,,,,,,,,
127.0,,,,,,,,FLA BLUE T LEFT,61 H OVER,,,,,,,Season_Total,0.0,,,,,,,,,,,,,,,,,,,,,,,,,,,,,,,,,,,,,,,,,,,,,,,,,,,,,,,,,,,,,,,,,,,,,,,,,,,,,,,,,,,,
128.0,,,,,,,,FLA ORANGE T RT,60 FLAT,,,,,,,Season_Total,0.0,,,,,,,,,,,,,,,,,,,,,,,,,,,,,,,,,,,,,,,,,,,,,,,,,,,,,,,,,,,,,,,,,,,,,,,,,,,,,,,,,,,,
129.0,,,,,,,,IOWA BLACK T LEFT,61 SMOKE,,,,,,,Season_Total,0.0,,,,,,,,,,,,,,,,,,,,,,,,,,,,,,,,,,,,,,,,,,,,,,,,,,,,,,,,,,,,,,,,,,,,,,,,,,,,,,,,,,,,
130.0,,,,,,,,IOWA BLACK STACK T LT,91 SMASH SWITCH,,,,,,,Season_Total,0.0,,,,,,,,,,,,,,,,,,,,,,,,,,,,,,,,,,,,,,,,,,,,,,,,,,,,,,,,,,,,,,,,,,,,,,,,,,,,,,,,,,,,
131.0,,,,,,,,FLA ORANGE T RT,51 SATURN T GRASS,,,,,,,Season_Total,0.0,,,,,,,,,,,,,,,,,,,,,,,,,,,,,,,,,,,,,,,,,,,,,,,,,,,,,,,,,,,,,,,,,,,,,,,,,,,,,,,,,,,,
132.0,,,,,,,,IOWA BLACK T LEFT,61 SMOKE,,,,,,,Season_Total,0.0,,,,,,,,,,,,,,,,,,,,,,,,,,,,,,,,,,,,,,,,,,,,,,,,,,,,,,,,,,,,,,,,,,,,,,,,,,,,,,,,,,,,
133.0,,,,,,,,FLA BLUE T RIGHT,60 CLEAR,,,,,,,Season_Total,0.0,,,,,,,,,,,,,,,,,,,,,,,,,,,,,,,,,,,,,,,,,,,,,,,,,,,,,,,,,,,,,,,,,,,,,,,,,,,,,,,,,,,,
134.0,,,,,,,,FLA BLUE T RIGHT,60 BENCH,,,,,,,Season_Total,0.0,,,,,,,,,,,,,,,,,,,,,,,,,,,,,,,,,,,,,,,,,,,,,,,,,,,,,,,,,,,,,,,,,,,,,,,,,,,,,,,,,,,,
135.0,,,,,,,,IOWA BLACK T LEFT,61 Y SAIL,,,,,,,Season_Total,0.0,,,,,,,,,,,,,,,,,,,,,,,,,,,,,,,,,,,,,,,,,,,,,,,,,,,,,,,,,,,,,,,,,,,,,,,,,,,,,,,,,,,,
136.0,,,,,,,,IOWA BLACK T LEFT,61 SMOKE,,,,,,,Season_Total,0.0,,,,,,,,,,,,,,,,,,,,,,,,,,,,,,,,,,,,,,,,,,,,,,,,,,,,,,,,,,,,,,,,,,,,,,,,,,,,,,,,,,,,
137.0,,,,,,,,FLA BLUE T LEFT,50 CADILLAC,,,,,,,Season_Total,0.0,,,,,,,,,,,,,,,,,,,,,,,,,,,,,,,,,,,,,,,,,,,,,,,,,,,,,,,,,,,,,,,,,,,,,,,,,,,,,,,,,,,,
138.0,,,,,,,,,,,,,,,,Season_Total,0.0,,,,,,,,,,,,,,,,,,,,,,,,,,,,,,,,,,,,,,,,,,,,,,,,,,,,,,,,,,,,,,,,,,,,,,,,,,,,,,,,,,,,
139.0,,,,,,,,,,,,,,,,Season_Total,0.0,,,,,,,,,,,,,,,,,,,,,,,,,,,,,,,,,,,,,,,,,,,,,,,,,,,,,,,,,,,,,,,,,,,,,,,,,,,,,,,,,,,,
140.0,,,,,,,,,,,,,,,,Season_Total,0.0,,,,,,,,,,,,,,,,,,,,,,,,,,,,,,,,,,,,,,,,,,,,,,,,,,,,,,,,,,,,,,,,,,,,,,,,,,,,,,,,,,,,
141.0,,,,,,,,,,,,,,,,Season_Total,0.0,,,,,,,,,,,,,,,,,,,,,,,,,,,,,,,,,,,,,,,,,,,,,,,,,,,,,,,,,,,,,,,,,,,,,,,,,,,,,,,,,,,,
142.0,,,,,,,,,,,,,,,,Season_Total,0.0,,,,,,,,,,,,,,,,,,,,,,,,,,,,,,,,,,,,,,,,,,,,,,,,,,,,,,,,,,,,,,,,,,,,,,,,,,,,,,,,,,,,
143.0,,,,,,,,,,,,,,,,Season_Total,0.0,,,,,,,,,,,,,,,,,,,,,,,,,,,,,,,,,,,,,,,,,,,,,,,,,,,,,,,,,,,,,,,,,,,,,,,,,,,,,,,,,,,,
144.0,,,,,,,,,,,,,,,,Season_Total,0.0,,,,,,,,,,,,,,,,,,,,,,,,,,,,,,,,,,,,,,,,,,,,,,,,,,,,,,,,,,,,,,,,,,,,,,,,,,,,,,,,,,,,
145.0,,,,,,,,,,,,,,,,Season_Total,0.0,,,,,,,,,,,,,,,,,,,,,,,,,,,,,,,,,,,,,,,,,,,,,,,,,,,,,,,,,,,,,,,,,,,,,,,,,,,,,,,,,,,,
146.0,,,,,,,,,,,,,,,,Season_Total,0.0,,,,,,,,,,,,,,,,,,,,,,,,,,,,,,,,,,,,,,,,,,,,,,,,,,,,,,,,,,,,,,,,,,,,,,,,,,,,,,,,,,,,
147.0,,,,,,,,,,,,,,,,Season_Total,0.0,,,,,,,,,,,,,,,,,,,,,,,,,,,,,,,,,,,,,,,,,,,,,,,,,,,,,,,,,,,,,,,,,,,,,,,,,,,,,,,,,,,,
148.0,,,,,,,,,,,,,,,,Season_Total,0.0,,,,,,,,,,,,,,,,,,,,,,,,,,,,,,,,,,,,,,,,,,,,,,,,,,,,,,,,,,,,,,,,,,,,,,,,,,,,,,,,,,,,
149.0,,,,,,,,,,,,,,,,Season_Total,0.0,,,,,,,,,,,,,,,,,,,,,,,,,,,,,,,,,,,,,,,,,,,,,,,,,,,,,,,,,,,,,,,,,,,,,,,,,,,,,,,,,,,,
150.0,,,,,,,,,,,,,,,,Season_Total,0.0,,,,,,,,,,,,,,,,,,,,,,,,,,,,,,,,,,,,,,,,,,,,,,,,,,,,,,,,,,,,,,,,,,,,,,,,,,,,,,,,,,,,
151.0,,,,,,,,,,,,,,,,Season_Total,0.0,,,,,,,,,,,,,,,,,,,,,,,,,,,,,,,,,,,,,,,,,,,,,,,,,,,,,,,,,,,,,,,,,,,,,,,,,,,,,,,,,,,,
152.0,,,,,,,,,,,,,,,,Season_Total,0.0,,,,,,,,,,,,,,,,,,,,,,,,,,,,,,,,,,,,,,,,,,,,,,,,,,,,,,,,,,,,,,,,,,,,,,,,,,,,,,,,,,,,
153.0,,,,,,,,,,,,,,,,Season_Total,0.0,,,,,,,,,,,,,,,,,,,,,,,,,,,,,,,,,,,,,,,,,,,,,,,,,,,,,,,,,,,,,,,,,,,,,,,,,,,,,,,,,,,,
154.0,,,,,,,,,,,,,,,,Season_Total,0.0,,,,,,,,,,,,,,,,,,,,,,,,,,,,,,,,,,,,,,,,,,,,,,,,,,,,,,,,,,,,,,,,,,,,,,,,,,,,,,,,,,,,
155.0,,,,,,,,,,,,,,,,Season_Total,0.0,,,,,,,,,,,,,,,,,,,,,,,,,,,,,,,,,,,,,,,,,,,,,,,,,,,,,,,,,,,,,,,,,,,,,,,,,,,,,,,,,,,,
156.0,,,,,,,,,,,,,,,,Season_Total,0.0,,,,,,,,,,,,,,,,,,,,,,,,,,,,,,,,,,,,,,,,,,,,,,,,,,,,,,,,,,,,,,,,,,,,,,,,,,,,,,,,,,,,
157.0,,,,,,,,,,,,,,,,Season_Total,0.0,,,,,,,,,,,,,,,,,,,,,,,,,,,,,,,,,,,,,,,,,,,,,,,,,,,,,,,,,,,,,,,,,,,,,,,,,,,,,,,,,,,,
158.0,,,,,,,,,,,,,,,,Season_Total,0.0,,,,,,,,,,,,,,,,,,,,,,,,,,,,,,,,,,,,,,,,,,,,,,,,,,,,,,,,,,,,,,,,,,,,,,,,,,,,,,,,,,,,
159.0,,,,,,,,,,,,,,,,Season_Total,0.0,,,,,,,,,,,,,,,,,,,,,,,,,,,,,,,,,,,,,,,,,,,,,,,,,,,,,,,,,,,,,,,,,,,,,,,,,,,,,,,,,,,,
160.0,,,,,,,,,,,,,,,,Season_Total,0.0,,,,,,,,,,,,,,,,,,,,,,,,,,,,,,,,,,,,,,,,,,,,,,,,,,,,,,,,,,,,,,,,,,,,,,,,,,,,,,,,,,,,
161.0,,,,,,,,,,,,,,,,Season_Total,0.0,,,,,,,,,,,,,,,,,,,,,,,,,,,,,,,,,,,,,,,,,,,,,,,,,,,,,,,,,,,,,,,,,,,,,,,,,,,,,,,,,,,,
162.0,,,,,,,,,,,,,,,,Season_Total,0.0,,,,,,,,,,,,,,,,,,,,,,,,,,,,,,,,,,,,,,,,,,,,,,,,,,,,,,,,,,,,,,,,,,,,,,,,,,,,,,,,,,,,
163.0,,,,,,,,,,,,,,,,Season_Total,0.0,,,,,,,,,,,,,,,,,,,,,,,,,,,,,,,,,,,,,,,,,,,,,,,,,,,,,,,,,,,,,,,,,,,,,,,,,,,,,,,,,,,,
164.0,,,,,,,,,,,,,,,,Season_Total,0.0,,,,,,,,,,,,,,,,,,,,,,,,,,,,,,,,,,,,,,,,,,,,,,,,,,,,,,,,,,,,,,,,,,,,,,,,,,,,,,,,,,,,
165.0,,,,,,,,,,,,,,,,Season_Total,0.0,,,,,,,,,,,,,,,,,,,,,,,,,,,,,,,,,,,,,,,,,,,,,,,,,,,,,,,,,,,,,,,,,,,,,,,,,,,,,,,,,,,,
166.0,,,,,,,,,,,,,,,,Season_Total,0.0,,,,,,,,,,,,,,,,,,,,,,,,,,,,,,,,,,,,,,,,,,,,,,,,,,,,,,,,,,,,,,,,,,,,,,,,,,,,,,,,,,,,
167.0,,,,,,,,,,,,,,,,Season_Total,0.0,,,,,,,,,,,,,,,,,,,,,,,,,,,,,,,,,,,,,,,,,,,,,,,,,,,,,,,,,,,,,,,,,,,,,,,,,,,,,,,,,,,,
168.0,,,,,,,,,,,,,,,,Season_Total,0.0,,,,,,,,,,,,,,,,,,,,,,,,,,,,,,,,,,,,,,,,,,,,,,,,,,,,,,,,,,,,,,,,,,,,,,,,,,,,,,,,,,,,
169.0,,,,,,,,,,,,,,,,Season_Total,0.0,,,,,,,,,,,,,,,,,,,,,,,,,,,,,,,,,,,,,,,,,,,,,,,,,,,,,,,,,,,,,,,,,,,,,,,,,,,,,,,,,,,,
170.0,,,,,,,,,,,,,,,,Season_Total,0.0,,,,,,,,,,,,,,,,,,,,,,,,,,,,,,,,,,,,,,,,,,,,,,,,,,,,,,,,,,,,,,,,,,,,,,,,,,,,,,,,,,,,
171.0,,,,,,,,,,,,,,,,Season_Total,0.0,,,,,,,,,,,,,,,,,,,,,,,,,,,,,,,,,,,,,,,,,,,,,,,,,,,,,,,,,,,,,,,,,,,,,,,,,,,,,,,,,,,,
172.0,,,,,,,,,,,,,,,,Season_Total,0.0,,,,,,,,,,,,,,,,,,,,,,,,,,,,,,,,,,,,,,,,,,,,,,,,,,,,,,,,,,,,,,,,,,,,,,,,,,,,,,,,,,,,
173.0,,,,,,,,,,,,,,,,Season_Total,0.0,,,,,,,,,,,,,,,,,,,,,,,,,,,,,,,,,,,,,,,,,,,,,,,,,,,,,,,,,,,,,,,,,,,,,,,,,,,,,,,,,,,,
174.0,,,,,,,,,,,,,,,,Season_Total,0.0,,,,,,,,,,,,,,,,,,,,,,,,,,,,,,,,,,,,,,,,,,,,,,,,,,,,,,,,,,,,,,,,,,,,,,,,,,,,,,,,,,,,
175.0,,,,,,,,,,,,,,,,Season_Total,0.0,,,,,,,,,,,,,,,,,,,,,,,,,,,,,,,,,,,,,,,,,,,,,,,,,,,,,,,,,,,,,,,,,,,,,,,,,,,,,,,,,,,,
176.0,,,,,,,,,,,,,,,,Season_Total,0.0,,,,,,,,,,,,,,,,,,,,,,,,,,,,,,,,,,,,,,,,,,,,,,,,,,,,,,,,,,,,,,,,,,,,,,,,,,,,,,,,,,,,
177.0,,,,,,,,,,,,,,,,Season_Total,0.0,,,,,,,,,,,,,,,,,,,,,,,,,,,,,,,,,,,,,,,,,,,,,,,,,,,,,,,,,,,,,,,,,,,,,,,,,,,,,,,,,,,,
178.0,,,,,,,,,,,,,,,,Season_Total,0.0,,,,,,,,,,,,,,,,,,,,,,,,,,,,,,,,,,,,,,,,,,,,,,,,,,,,,,,,,,,,,,,,,,,,,,,,,,,,,,,,,,,,
179.0,,,,,,,,,,,,,,,,Season_Total,0.0,,,,,,,,,,,,,,,,,,,,,,,,,,,,,,,,,,,,,,,,,,,,,,,,,,,,,,,,,,,,,,,,,,,,,,,,,,,,,,,,,,,,
180.0,,,,,,,,,,,,,,,,Season_Total,0.0,,,,,,,,,,,,,,,,,,,,,,,,,,,,,,,,,,,,,,,,,,,,,,,,,,,,,,,,,,,,,,,,,,,,,,,,,,,,,,,,,,,,
181.0,,,,,,,,,,,,,,,,Season_Total,0.0,,,,,,,,,,,,,,,,,,,,,,,,,,,,,,,,,,,,,,,,,,,,,,,,,,,,,,,,,,,,,,,,,,,,,,,,,,,,,,,,,,,,
182.0,,,,,,,,,,,,,,,,Season_Total,0.0,,,,,,,,,,,,,,,,,,,,,,,,,,,,,,,,,,,,,,,,,,,,,,,,,,,,,,,,,,,,,,,,,,,,,,,,,,,,,,,,,,,,
183.0,,,,,,,,,,,,,,,,Season_Total,0.0,,,,,,,,,,,,,,,,,,,,,,,,,,,,,,,,,,,,,,,,,,,,,,,,,,,,,,,,,,,,,,,,,,,,,,,,,,,,,,,,,,,,
184.0,,,,,,,,,,,,,,,,Season_Total,0.0,,,,,,,,,,,,,,,,,,,,,,,,,,,,,,,,,,,,,,,,,,,,,,,,,,,,,,,,,,,,,,,,,,,,,,,,,,,,,,,,,,,,
185.0,,,,,,,,,,,,,,,,Season_Total,0.0,,,,,,,,,,,,,,,,,,,,,,,,,,,,,,,,,,,,,,,,,,,,,,,,,,,,,,,,,,,,,,,,,,,,,,,,,,,,,,,,,,,,
186.0,,,,,,,,,,,,,,,,Season_Total,0.0,,,,,,,,,,,,,,,,,,,,,,,,,,,,,,,,,,,,,,,,,,,,,,,,,,,,,,,,,,,,,,,,,,,,,,,,,,,,,,,,,,,,
187.0,,,,,,,,,,,,,,,,Season_Total,0.0,,,,,,,,,,,,,,,,,,,,,,,,,,,,,,,,,,,,,,,,,,,,,,,,,,,,,,,,,,,,,,,,,,,,,,,,,,,,,,,,,,,,
188.0,,,,,,,,,,,,,,,,Season_Total,0.0,,,,,,,,,,,,,,,,,,,,,,,,,,,,,,,,,,,,,,,,,,,,,,,,,,,,,,,,,,,,,,,,,,,,,,,,,,,,,,,,,,,,
189.0,,,,,,,,,,,,,,,,Season_Total,0.0,,,,,,,,,,,,,,,,,,,,,,,,,,,,,,,,,,,,,,,,,,,,,,,,,,,,,,,,,,,,,,,,,,,,,,,,,,,,,,,,,,,,
190.0,,,,,,,,,,,,,,,,Season_Total,0.0,,,,,,,,,,,,,,,,,,,,,,,,,,,,,,,,,,,,,,,,,,,,,,,,,,,,,,,,,,,,,,,,,,,,,,,,,,,,,,,,,,,,
191.0,,,,,,,,,,,,,,,,Season_Total,0.0,,,,,,,,,,,,,,,,,,,,,,,,,,,,,,,,,,,,,,,,,,,,,,,,,,,,,,,,,,,,,,,,,,,,,,,,,,,,,,,,,,,,
192.0,,,,,,,,,,,,,,,,Season_Total,0.0,,,,,,,,,,,,,,,,,,,,,,,,,,,,,,,,,,,,,,,,,,,,,,,,,,,,,,,,,,,,,,,,,,,,,,,,,,,,,,,,,,,,
193.0,,,,,,,,,,,,,,,,Season_Total,0.0,,,,,,,,,,,,,,,,,,,,,,,,,,,,,,,,,,,,,,,,,,,,,,,,,,,,,,,,,,,,,,,,,,,,,,,,,,,,,,,,,,,,
194.0,,,,,,,,,,,,,,,,Season_Total,0.0,,,,,,,,,,,,,,,,,,,,,,,,,,,,,,,,,,,,,,,,,,,,,,,,,,,,,,,,,,,,,,,,,,,,,,,,,,,,,,,,,,,,
195.0,,,,,,,,,,,,,,,,Season_Total,0.0,,,,,,,,,,,,,,,,,,,,,,,,,,,,,,,,,,,,,,,,,,,,,,,,,,,,,,,,,,,,,,,,,,,,,,,,,,,,,,,,,,,,
1.0,,,,,,,,,,,,,,,,Season_Total,0.0,,,,,,,,,,,,,,,,,,,,,,,,,,,,,,,,,,,,,,,,,,,,,,,,,,,,,,,,,,,,,,,,,,,,,,,,,,,,,,,,,,,,
2.0,,,,,,,,,,,,,,,,Season_Total,0.0,,,,,,,,,,,,,,,,,,,,,,,,,,,,,,,,,,,,,,,,,,,,,,,,,,,,,,,,,,,,,,,,,,,,,,,,,,,,,,,,,,,,
3.0,D,,,R,,Run,,FLA ORANGE,DAVE LEFT,R,3-2,,SAM C,,1.0,Season_Total,1.0,D,,,,,,,,,,,,,,,,,,,,,,,,,,,,,,,,,,,,,,,,,,,,,,,,,,,,,,,,,,,,,,,,,,,,,,,,,,,,,,,,,,,
4.0,D,,,R,,Pass,Incomplete,FLA ORANGE,51 FADE,R,3-2,,SAM C,,0.0,Season_Total,0.0,D,,,,,,,,,,,,,,,,,,,,,,,,,,,,,,,,,,,,,,,,,,,,,,,,,,,,,,,,,,,,,,,,,,,,,,,,,,,,,,,,,,,
5.0,D,,,R,,Run,,IOWA BLACK,DAVE LT,L,3-2,,MIKE A,,4.0,Season_Total,4.0,D,,,,,,,,,,,,,,,,,,,,,,,,,,,,,,,,,,,,,,,,,,,,,,,,,,,,,,,,,,,,,,,,,,,,,,,,,,,,,,,,,,,
6.0,D,,,M,,Pass,Incomplete,IOWA BLACK,60 FADE H SHALLOW,R,3-2,,MIKE A WILL B,,0.0,Season_Total,0.0,D,,,,,,,,,,,,,,,,,,,,,,,,,,,,,,,,,,,,,,,,,,,,,,,,,,,,,,,,,,,,,,,,,,,,,,,,,,,,,,,,,,,
7.0,D,,,R,,Pass,Incomplete,FLA ORANGE,91 FLOOD,L,4-1,,SAM C,,0.0,Season_Total,0.0,D,,,,,,,,,,,,,,,,,,,,,,,,,,,,,,,,,,,,,,,,,,,,,,,,,,,,,,,,,,,,,,,,,,,,,,,,,,,,,,,,,,,
8.0,D,,,R,,Pass,Complete,FLA ORANGE,51 HITCH FADE OVER,L,4-1,,SAM C,,3.0,Season_Total,3.0,D,,,,,,,,,,,,,,,,,,,,,,,,,,,,,,,,,,,,,,,,,,,,,,,,,,,,,,,,,,,,,,,,,,,,,,,,,,,,,,,,,,,
9.0,D,,,L,,Pass,Incomplete,FLA BLUE,61 Y OVER,L,3-3 STACK,,SAM C WILL C,,0.0,Season_Total,0.0,D,,,,,,,,,,,,,,,,,,,,,,,,,,,,,,,,,,,,,,,,,,,,,,,,,,,,,,,,,,,,,,,,,,,,,,,,,,,,,,,,,,,
10.0,D,,,L,,,Penalty,IOWA BLACK,,,3-3 STACK,,,,,Season_Total,0.0,D,,,,,,,,,,,,,,,,,,,,,,,,,,,,,,,,,,,,,,,,,,,,,,,,,,,,,,,,,,,,,,,,,,,,,,,,,,,,,,,,,,,
11.0,D,,,L,,Run,,FLA BLUE,DAVE RIGHT,R,3-3 STACK,,,,0.0,Season_Total,0.0,D,,,,,,,,,,,,,,,,,,,,,,,,,,,,,,,,,,,,,,,,,,,,,,,,,,,,,,,,,,,,,,,,,,,,,,,,,,,,,,,,,,,
12.0,D,,,L,,Pass,Incomplete,IOWA BLACK,61 MESH,L,3-3 STACK,,WILL C,,0.0,Season_Total,0.0,D,,,,,,,,,,,,,,,,,,,,,,,,,,,,,,,,,,,,,,,,,,,,,,,,,,,,,,,,,,,,,,,,,,,,,,,,,,,,,,,,,,,
13.0,D,,,L,,Pass,Incomplete,FLA BLUE,BUBBLE RT,R,3-2,,MIKE A WILL C,,0.0,Season_Total,0.0,D,,,,,,,,,,,,,,,,,,,,,,,,,,,,,,,,,,,,,,,,,,,,,,,,,,,,,,,,,,,,,,,,,,,,,,,,,,,,,,,,,,,
14.0,D,,,L,,Pass,Incomplete,EMPTY RIGHT,BUBBLE RT,R,3-2,,WILL A,,0.0,Season_Total,0.0,D,,,,,,,,,,,,,,,,,,,,,,,,,,,,,,,,,,,,,,,,,,,,,,,,,,,,,,,,,,,,,,,,,,,,,,,,,,,,,,,,,,,
15.0,D,,,L,,Pass,Incomplete,EMPTY RIGHT,50 HITCH HITCH SEAM,R,3-2,,WILL A,,0.0,Season_Total,0.0,D,,,,,,,,,,,,,,,,,,,,,,,,,,,,,,,,,,,,,,,,,,,,,,,,,,,,,,,,,,,,,,,,,,,,,,,,,,,,,,,,,,,
16.0,D,,,L,,Pass,Sack,EMPTY RIGHT,50 HONDA,R,5-0,,MIKE C WILL C,,-5.0,Season_Total,-5.0,D,,,,,,,,,,,,,,,,,,,,,,,,,,,,,,,,,,,,,,,,,,,,,,,,,,,,,,,,,,,,,,,,,,,,,,,,,,,,,,,,,,,
17.0,D,,,L,,Pass,Fumble,EMPTY RIGHT,50 SLANT SLANT GRASS,R,4-1,,MIKE B SAM C,,-10.0,Season_Total,-10.0,D,,,,,,,,,,,,,,,,,,,,,,,,,,,,,,,,,,,,,,,,,,,,,,,,,,,,,,,,,,,,,,,,,,,,,,,,,,,,,,,,,,,
18.0,D,,,L,,Pass,Sack,IOWA BLACK,50 SATURN,,3-2,,SAM C WILL B,,-6.0,Season_Total,-6.0,D,,,,,,,,,,,,,,,,,,,,,,,,,,,,,,,,,,,,,,,,,,,,,,,,,,,,,,,,,,,,,,,,,,,,,,,,,,,,,,,,,,,
19.0,D,,,L,,Pass,Incomplete,EMPTY RIGHT,50 HONDA,,3-2,,SAM C WILL C,,0.0,Season_Total,0.0,D,,,,,,,,,,,,,,,,,,,,,,,,,,,,,,,,,,,,,,,,,,,,,,,,,,,,,,,,,,,,,,,,,,,,,,,,,,,,,,,,,,,
20.0,D,,,L,,Pass,Incomplete,FLA BLUE,51 K/SATURN,,3-2,,MIKE B,,0.0,Season_Total,0.0,D,,,,,,,,,,,,,,,,,,,,,,,,,,,,,,,,,,,,,,,,,,,,,,,,,,,,,,,,,,,,,,,,,,,,,,,,,,,,,,,,,,,
21.0,D,,,L,,Pass,Sack,FLA BLUE,60 HITCH SEAM OVER,,3-2,,MIKE A WILL CROSS C,,-5.0,Season_Total,-5.0,D,,,,,,,,,,,,,,,,,,,,,,,,,,,,,,,,,,,,,,,,,,,,,,,,,,,,,,,,,,,,,,,,,,,,,,,,,,,,,,,,,,,
22.0,D,,,L,,Pass,TD,FLA BLUE,BUBBLE RT,R,3-2,,MIKE A,,35.0,Season_Total,35.0,D,,,,,,,,,,,,,,,,,,,,,,,,,,,,,,,,,,,,,,,,,,,,,,,,,,,,,,,,,,,,,,,,,,,,,,,,,,,,,,,,,,,
23.0,O,0.0,,,3.0,Extra Pt. Block,,,,,,,,,,Season_Total,0.0,O,,,,,,,,,,,,,,,,,,,,,,,,,,,,,,,,,,,,,,,,,,,,,,,,,,,,,,,,,,,,,,,,,,,,,,,,,,,,,,,,,,,
24.0,O,,,,,,,,,,,,,,,Season_Total,0.0,O,,,,,,,,,,,,,,,,,,,,,,,,,,,,,,,,,,,,,,,,,,,,,,,,,,,,,,,,,,,,,,,,,,,,,,,,,,,,,,,,,,,
25.0,O,,,,,,,,,,,,,,,Season_Total,0.0,O,,,,,,,,,,,,,,,,,,,,,,,,,,,,,,,,,,,,,,,,,,,,,,,,,,,,,,,,,,,,,,,,,,,,,,,,,,,,,,,,,,,
26.0,O,,,,,,,,,,,,,,,Season_Total,0.0,O,,,,,,,,,,,,,,,,,,,,,,,,,,,,,,,,,,,,,,,,,,,,,,,,,,,,,,,,,,,,,,,,,,,,,,,,,,,,,,,,,,,
27.0,O,,,,,,,,,,,,,,,Season_Total,0.0,O,,,,,,,,,,,,,,,,,,,,,,,,,,,,,,,,,,,,,,,,,,,,,,,,,,,,,,,,,,,,,,,,,,,,,,,,,,,,,,,,,,,
28.0,O,,,,,,,,,,,,,,,Season_Total,0.0,O,,,,,,,,,,,,,,,,,,,,,,,,,,,,,,,,,,,,,,,,,,,,,,,,,,,,,,,,,,,,,,,,,,,,,,,,,,,,,,,,,,,
29.0,O,,,,,,,,,,,,,,,Season_Total,0.0,O,,,,,,,,,,,,,,,,,,,,,,,,,,,,,,,,,,,,,,,,,,,,,,,,,,,,,,,,,,,,,,,,,,,,,,,,,,,,,,,,,,,
30.0,O,,,,,,,,,,,,,,,Season_Total,0.0,O,,,,,,,,,,,,,,,,,,,,,,,,,,,,,,,,,,,,,,,,,,,,,,,,,,,,,,,,,,,,,,,,,,,,,,,,,,,,,,,,,,,
31.0,O,,,,,,,,,,,,,,,Season_Total,0.0,O,,,,,,,,,,,,,,,,,,,,,,,,,,,,,,,,,,,,,,,,,,,,,,,,,,,,,,,,,,,,,,,,,,,,,,,,,,,,,,,,,,,
32.0,O,,,,,,,,,,,,,,,Season_Total,0.0,O,,,,,,,,,,,,,,,,,,,,,,,,,,,,,,,,,,,,,,,,,,,,,,,,,,,,,,,,,,,,,,,,,,,,,,,,,,,,,,,,,,,
33.0,O,,,,,,,,,,,,,,,Season_Total,0.0,O,,,,,,,,,,,,,,,,,,,,,,,,,,,,,,,,,,,,,,,,,,,,,,,,,,,,,,,,,,,,,,,,,,,,,,,,,,,,,,,,,,,
34.0,O,,,,,,,,,,,,,,,Season_Total,0.0,O,,,,,,,,,,,,,,,,,,,,,,,,,,,,,,,,,,,,,,,,,,,,,,,,,,,,,,,,,,,,,,,,,,,,,,,,,,,,,,,,,,,
35.0,O,,,,,,,,,,,,,,,Season_Total,0.0,O,,,,,,,,,,,,,,,,,,,,,,,,,,,,,,,,,,,,,,,,,,,,,,,,,,,,,,,,,,,,,,,,,,,,,,,,,,,,,,,,,,,
36.0,O,,,,,,,,,,,,,,,Season_Total,0.0,O,,,,,,,,,,,,,,,,,,,,,,,,,,,,,,,,,,,,,,,,,,,,,,,,,,,,,,,,,,,,,,,,,,,,,,,,,,,,,,,,,,,
37.0,O,,,,,,,,,,,,,,,Season_Total,0.0,O,,,,,,,,,,,,,,,,,,,,,,,,,,,,,,,,,,,,,,,,,,,,,,,,,,,,,,,,,,,,,,,,,,,,,,,,,,,,,,,,,,,
38.0,O,,,,,,,,,,,,,,,Season_Total,0.0,O,,,,,,,,,,,,,,,,,,,,,,,,,,,,,,,,,,,,,,,,,,,,,,,,,,,,,,,,,,,,,,,,,,,,,,,,,,,,,,,,,,,
39.0,O,,,,,,,,,,,,,,,Season_Total,0.0,O,,,,,,,,,,,,,,,,,,,,,,,,,,,,,,,,,,,,,,,,,,,,,,,,,,,,,,,,,,,,,,,,,,,,,,,,,,,,,,,,,,,
40.0,O,,,,,,,,,,,,,,,Season_Total,0.0,O,,,,,,,,,,,,,,,,,,,,,,,,,,,,,,,,,,,,,,,,,,,,,,,,,,,,,,,,,,,,,,,,,,,,,,,,,,,,,,,,,,,
41.0,D,,,,,,,,,,,,,,,Season_Total,0.0,D,,,,,,,,,,,,,,,,,,,,,,,,,,,,,,,,,,,,,,,,,,,,,,,,,,,,,,,,,,,,,,,,,,,,,,,,,,,,,,,,,,,
42.0,D,,,,,,,,,,,,,,,Season_Total,0.0,D,,,,,,,,,,,,,,,,,,,,,,,,,,,,,,,,,,,,,,,,,,,,,,,,,,,,,,,,,,,,,,,,,,,,,,,,,,,,,,,,,,,
43.0,D,,,,,,,,,,,,,,,Season_Total,0.0,D,,,,,,,,,,,,,,,,,,,,,,,,,,,,,,,,,,,,,,,,,,,,,,,,,,,,,,,,,,,,,,,,,,,,,,,,,,,,,,,,,,,
44.0,D,,,,,,,,,,,,,,,Season_Total,0.0,D,,,,,,,,,,,,,,,,,,,,,,,,,,,,,,,,,,,,,,,,,,,,,,,,,,,,,,,,,,,,,,,,,,,,,,,,,,,,,,,,,,,
45.0,D,,,,,,,,,,,,,,,Season_Total,0.0,D,,,,,,,,,,,,,,,,,,,,,,,,,,,,,,,,,,,,,,,,,,,,,,,,,,,,,,,,,,,,,,,,,,,,,,,,,,,,,,,,,,,
46.0,D,,,,,,,,,,,,,,,Season_Total,0.0,D,,,,,,,,,,,,,,,,,,,,,,,,,,,,,,,,,,,,,,,,,,,,,,,,,,,,,,,,,,,,,,,,,,,,,,,,,,,,,,,,,,,
47.0,D,,,,,,,,,,,,,,,Season_Total,0.0,D,,,,,,,,,,,,,,,,,,,,,,,,,,,,,,,,,,,,,,,,,,,,,,,,,,,,,,,,,,,,,,,,,,,,,,,,,,,,,,,,,,,
48.0,D,,,,,,,,,,,,,,,Season_Total,0.0,D,,,,,,,,,,,,,,,,,,,,,,,,,,,,,,,,,,,,,,,,,,,,,,,,,,,,,,,,,,,,,,,,,,,,,,,,,,,,,,,,,,,
49.0,D,,,,,,,,,,,,,,,Season_Total,0.0,D,,,,,,,,,,,,,,,,,,,,,,,,,,,,,,,,,,,,,,,,,,,,,,,,,,,,,,,,,,,,,,,,,,,,,,,,,,,,,,,,,,,
50.0,D,,,,,,,,,,,,,,,Season_Total,0.0,D,,,,,,,,,,,,,,,,,,,,,,,,,,,,,,,,,,,,,,,,,,,,,,,,,,,,,,,,,,,,,,,,,,,,,,,,,,,,,,,,,,,
51.0,D,,,,,,,,,,,,,,,Season_Total,0.0,D,,,,,,,,,,,,,,,,,,,,,,,,,,,,,,,,,,,,,,,,,,,,,,,,,,,,,,,,,,,,,,,,,,,,,,,,,,,,,,,,,,,
52.0,D,,,,,,,,,,,,,,,Season_Total,0.0,D,,,,,,,,,,,,,,,,,,,,,,,,,,,,,,,,,,,,,,,,,,,,,,,,,,,,,,,,,,,,,,,,,,,,,,,,,,,,,,,,,,,
53.0,O,,,,,,,,,,,,,,,Season_Total,0.0,O,,,,,,,,,,,,,,,,,,,,,,,,,,,,,,,,,,,,,,,,,,,,,,,,,,,,,,,,,,,,,,,,,,,,,,,,,,,,,,,,,,,
54.0,O,,,,,,,,,,,,,,,Season_Total,0.0,O,,,,,,,,,,,,,,,,,,,,,,,,,,,,,,,,,,,,,,,,,,,,,,,,,,,,,,,,,,,,,,,,,,,,,,,,,,,,,,,,,,,
55.0,O,,,,,,,,,,,,,,,Season_Total,0.0,O,,,,,,,,,,,,,,,,,,,,,,,,,,,,,,,,,,,,,,,,,,,,,,,,,,,,,,,,,,,,,,,,,,,,,,,,,,,,,,,,,,,
56.0,O,,,,,,,,,,,,,,,Season_Total,0.0,O,,,,,,,,,,,,,,,,,,,,,,,,,,,,,,,,,,,,,,,,,,,,,,,,,,,,,,,,,,,,,,,,,,,,,,,,,,,,,,,,,,,
57.0,O,,,,,,,,,,,,,,,Season_Total,0.0,O,,,,,,,,,,,,,,,,,,,,,,,,,,,,,,,,,,,,,,,,,,,,,,,,,,,,,,,,,,,,,,,,,,,,,,,,,,,,,,,,,,,
58.0,O,,,,,,,,,,,,,,,Season_Total,0.0,O,,,,,,,,,,,,,,,,,,,,,,,,,,,,,,,,,,,,,,,,,,,,,,,,,,,,,,,,,,,,,,,,,,,,,,,,,,,,,,,,,,,
59.0,O,,,,,,,,,,,,,,,Season_Total,0.0,O,,,,,,,,,,,,,,,,,,,,,,,,,,,,,,,,,,,,,,,,,,,,,,,,,,,,,,,,,,,,,,,,,,,,,,,,,,,,,,,,,,,
60.0,O,,,,,,,,,,,,,,,Season_Total,0.0,O,,,,,,,,,,,,,,,,,,,,,,,,,,,,,,,,,,,,,,,,,,,,,,,,,,,,,,,,,,,,,,,,,,,,,,,,,,,,,,,,,,,
61.0,O,,,,,,,,,,,,,,,Season_Total,0.0,O,,,,,,,,,,,,,,,,,,,,,,,,,,,,,,,,,,,,,,,,,,,,,,,,,,,,,,,,,,,,,,,,,,,,,,,,,,,,,,,,,,,
62.0,O,,,,,,,,,,,,,,,Season_Total,0.0,O,,,,,,,,,,,,,,,,,,,,,,,,,,,,,,,,,,,,,,,,,,,,,,,,,,,,,,,,,,,,,,,,,,,,,,,,,,,,,,,,,,,
63.0,O,,,,,,,,,,,,,,,Season_Total,0.0,O,,,,,,,,,,,,,,,,,,,,,,,,,,,,,,,,,,,,,,,,,,,,,,,,,,,,,,,,,,,,,,,,,,,,,,,,,,,,,,,,,,,
64.0,,,,,,,,,,,,,,,,Season_Total,0.0,,,,,,,,,,,,,,,,,,,,,,,,,,,,,,,,,,,,,,,,,,,,,,,,,,,,,,,,,,,,,,,,,,,,,,,,,,,,,,,,,,,,
65.0,,,,,,,,,,,,,,,,Season_Total,0.0,,,,,,,,,,,,,,,,,,,,,,,,,,,,,,,,,,,,,,,,,,,,,,,,,,,,,,,,,,,,,,,,,,,,,,,,,,,,,,,,,,,,
66.0,,,,,,,,,,,,,,,,Season_Total,0.0,,,,,,,,,,,,,,,,,,,,,,,,,,,,,,,,,,,,,,,,,,,,,,,,,,,,,,,,,,,,,,,,,,,,,,,,,,,,,,,,,,,,
67.0,,,,,,,,,,,,,,,,Season_Total,0.0,,,,,,,,,,,,,,,,,,,,,,,,,,,,,,,,,,,,,,,,,,,,,,,,,,,,,,,,,,,,,,,,,,,,,,,,,,,,,,,,,,,,
68.0,,,,,,,,,,,,,,,,Season_Total,0.0,,,,,,,,,,,,,,,,,,,,,,,,,,,,,,,,,,,,,,,,,,,,,,,,,,,,,,,,,,,,,,,,,,,,,,,,,,,,,,,,,,,,
69.0,,,,,,,,,,,,,,,,Season_Total,0.0,,,,,,,,,,,,,,,,,,,,,,,,,,,,,,,,,,,,,,,,,,,,,,,,,,,,,,,,,,,,,,,,,,,,,,,,,,,,,,,,,,,,
70.0,,,,,,,,,,,,,,,,Season_Total,0.0,,,,,,,,,,,,,,,,,,,,,,,,,,,,,,,,,,,,,,,,,,,,,,,,,,,,,,,,,,,,,,,,,,,,,,,,,,,,,,,,,,,,
71.0,,,,,,,,,,,,,,,,Season_Total,0.0,,,,,,,,,,,,,,,,,,,,,,,,,,,,,,,,,,,,,,,,,,,,,,,,,,,,,,,,,,,,,,,,,,,,,,,,,,,,,,,,,,,,
72.0,,,,,,,,,,,,,,,,Season_Total,0.0,,,,,,,,,,,,,,,,,,,,,,,,,,,,,,,,,,,,,,,,,,,,,,,,,,,,,,,,,,,,,,,,,,,,,,,,,,,,,,,,,,,,
73.0,,,,,,,,,,,,,,,,Season_Total,0.0,,,,,,,,,,,,,,,,,,,,,,,,,,,,,,,,,,,,,,,,,,,,,,,,,,,,,,,,,,,,,,,,,,,,,,,,,,,,,,,,,,,,
74.0,,,,,,,,,,,,,,,,Season_Total,0.0,,,,,,,,,,,,,,,,,,,,,,,,,,,,,,,,,,,,,,,,,,,,,,,,,,,,,,,,,,,,,,,,,,,,,,,,,,,,,,,,,,,,
75.0,,,,,,,,,,,,,,,,Season_Total,0.0,,,,,,,,,,,,,,,,,,,,,,,,,,,,,,,,,,,,,,,,,,,,,,,,,,,,,,,,,,,,,,,,,,,,,,,,,,,,,,,,,,,,
76.0,,,,,,,,,,,,,,,,Season_Total,0.0,,,,,,,,,,,,,,,,,,,,,,,,,,,,,,,,,,,,,,,,,,,,,,,,,,,,,,,,,,,,,,,,,,,,,,,,,,,,,,,,,,,,
77.0,,,,,,,,,,,,,,,,Season_Total,0.0,,,,,,,,,,,,,,,,,,,,,,,,,,,,,,,,,,,,,,,,,,,,,,,,,,,,,,,,,,,,,,,,,,,,,,,,,,,,,,,,,,,,
78.0,,,,,,,,,,,,,,,,Season_Total,0.0,,,,,,,,,,,,,,,,,,,,,,,,,,,,,,,,,,,,,,,,,,,,,,,,,,,,,,,,,,,,,,,,,,,,,,,,,,,,,,,,,,,,
79.0,,,,,,,,,,,,,,,,Season_Total,0.0,,,,,,,,,,,,,,,,,,,,,,,,,,,,,,,,,,,,,,,,,,,,,,,,,,,,,,,,,,,,,,,,,,,,,,,,,,,,,,,,,,,,
80.0,,,,,,,,,,,,,,,,Season_Total,0.0,,,,,,,,,,,,,,,,,,,,,,,,,,,,,,,,,,,,,,,,,,,,,,,,,,,,,,,,,,,,,,,,,,,,,,,,,,,,,,,,,,,,
81.0,,,,,,,,,,,,,,,,Season_Total,0.0,,,,,,,,,,,,,,,,,,,,,,,,,,,,,,,,,,,,,,,,,,,,,,,,,,,,,,,,,,,,,,,,,,,,,,,,,,,,,,,,,,,,
82.0,,,,,,,,,,,,,,,,Season_Total,0.0,,,,,,,,,,,,,,,,,,,,,,,,,,,,,,,,,,,,,,,,,,,,,,,,,,,,,,,,,,,,,,,,,,,,,,,,,,,,,,,,,,,,
83.0,,,,,,,,,,,,,,,,Season_Total,0.0,,,,,,,,,,,,,,,,,,,,,,,,,,,,,,,,,,,,,,,,,,,,,,,,,,,,,,,,,,,,,,,,,,,,,,,,,,,,,,,,,,,,
84.0,,,,,,,,,,,,,,,,Season_Total,0.0,,,,,,,,,,,,,,,,,,,,,,,,,,,,,,,,,,,,,,,,,,,,,,,,,,,,,,,,,,,,,,,,,,,,,,,,,,,,,,,,,,,,
85.0,,,,,,,,,,,,,,,,Season_Total,0.0,,,,,,,,,,,,,,,,,,,,,,,,,,,,,,,,,,,,,,,,,,,,,,,,,,,,,,,,,,,,,,,,,,,,,,,,,,,,,,,,,,,,
86.0,,,,,,,,,,,,,,,,Season_Total,0.0,,,,,,,,,,,,,,,,,,,,,,,,,,,,,,,,,,,,,,,,,,,,,,,,,,,,,,,,,,,,,,,,,,,,,,,,,,,,,,,,,,,,
87.0,,,,,,,,,,,,,,,,Season_Total,0.0,,,,,,,,,,,,,,,,,,,,,,,,,,,,,,,,,,,,,,,,,,,,,,,,,,,,,,,,,,,,,,,,,,,,,,,,,,,,,,,,,,,,
88.0,,,,,,,,,,,,,,,,Season_Total,0.0,,,,,,,,,,,,,,,,,,,,,,,,,,,,,,,,,,,,,,,,,,,,,,,,,,,,,,,,,,,,,,,,,,,,,,,,,,,,,,,,,,,,
89.0,,,,,,,,,,,,,,,,Season_Total,0.0,,,,,,,,,,,,,,,,,,,,,,,,,,,,,,,,,,,,,,,,,,,,,,,,,,,,,,,,,,,,,,,,,,,,,,,,,,,,,,,,,,,,
90.0,,,,,,,,,,,,,,,,Season_Total,0.0,,,,,,,,,,,,,,,,,,,,,,,,,,,,,,,,,,,,,,,,,,,,,,,,,,,,,,,,,,,,,,,,,,,,,,,,,,,,,,,,,,,,
91.0,,,,,,,,,,,,,,,,Season_Total,0.0,,,,,,,,,,,,,,,,,,,,,,,,,,,,,,,,,,,,,,,,,,,,,,,,,,,,,,,,,,,,,,,,,,,,,,,,,,,,,,,,,,,,
92.0,D,,,M,,Run,,WISCONSIN RED,DAVE LT,L,3-3,,SAM C WILL C,,0.0,Season_Total,0.0,D,,,,,,,,,,,,,,,,,,,,,,,,,,,,,,,,,,,,,,,,,,,,,,,,,,,,,,,,,,,,,,,,,,,,,,,,,,,,,,,,,,,
93.0,D,,,M,,Pass,Complete,WISCONSIN RED,ShOW SLANT GRASS,L,3-2,,WILL A MIKE B,,0.0,Season_Total,0.0,D,,,,,,,,,,,,,,,,,,,,,,,,,,,,,,,,,,,,,,,,,,,,,,,,,,,,,,,,,,,,,,,,,,,,,,,,,,,,,,,,,,,
94.0,D,,,L,,Pass,Incomplete,IOWA GOLD,MESH T WHEEL,L,3-2,,MIKE A SAM CROSS B,,0.0,Season_Total,0.0,D,,,,,,,,,,,,,,,,,,,,,,,,,,,,,,,,,,,,,,,,,,,,,,,,,,,,,,,,,,,,,,,,,,,,,,,,,,,,,,,,,,,
95.0,D,,,L,,Run,,Wyoming brown,DUO SLOW,L,3-3 STACK,,WILL C,,8.0,Season_Total,8.0,D,,,,,,,,,,,,,,,,,,,,,,,,,,,,,,,,,,,,,,,,,,,,,,,,,,,,,,,,,,,,,,,,,,,,,,,,,,,,,,,,,,,
96.0,D,,,L,,Pass,Incomplete,IOWA GOLD,50 CHEVY T FLARE,R,3-3 STACK,,MIKE C WILL C,,0.0,Season_Total,0.0,D,,,,,,,,,,,,,,,,,,,,,,,,,,,,,,,,,,,,,,,,,,,,,,,,,,,,,,,,,,,,,,,,,,,,,,,,,,,,,,,,,,,
97.0,D,,,L,,Pass,Sack,IOWA GOLD,50 DODGE,R,4-1,,SAM C MIKE B SLANT BOUNDRY,,-8.0,Season_Total,-8.0,D,,,,,,,,,,,,,,,,,,,,,,,,,,,,,,,,,,,,,,,,,,,,,,,,,,,,,,,,,,,,,,,,,,,,,,,,,,,,,,,,,,,
98.0,D,,,L,,Run,,Wyoming brown,OUTSIDE ZONE,R,4-1,,SAM C MIKE B SLANT BOUNDRY,,0.0,Season_Total,0.0,D,,,,,,,,,,,,,,,,,,,,,,,,,,,,,,,,,,,,,,,,,,,,,,,,,,,,,,,,,,,,,,,,,,,,,,,,,,,,,,,,,,,
99.0,D,,,R,,Pass,Incomplete,Wyoming brown,H UNDER,L,3-3 STACK,,SAM C WILL C,,0.0,Season_Total,0.0,D,,,,,,,,,,,,,,,,,,,,,,,,,,,,,,,,,,,,,,,,,,,,,,,,,,,,,,,,,,,,,,,,,,,,,,,,,,,,,,,,,,,
100.0,D,,,R,,Pass,Incomplete,IOWA GOLD,50 CHEVY T FLARE,L,3-3 STACK,,SAM B WILL C,,0.0,Season_Total,0.0,D,,,,,,,,,,,,,,,,,,,,,,,,,,,,,,,,,,,,,,,,,,,,,,,,,,,,,,,,,,,,,,,,,,,,,,,,,,,,,,,,,,,
101.0,D,,,R,,Pass,Incomplete,IOWA BLACK,60 SMASH T SEAM,R,3-2,,WILL B,,0.0,Season_Total,0.0,D,,,,,,,,,,,,,,,,,,,,,,,,,,,,,,,,,,,,,,,,,,,,,,,,,,,,,,,,,,,,,,,,,,,,,,,,,,,,,,,,,,,
102.0,D,,,R,,Run,,WISCONSIN WHITE,OUTSIDE ZONE,L,3-2,,WILL A,,0.0,Season_Total,0.0,D,,,,,,,,,,,,,,,,,,,,,,,,,,,,,,,,,,,,,,,,,,,,,,,,,,,,,,,,,,,,,,,,,,,,,,,,,,,,,,,,,,,
103.0,D,,,M,,Pass,TD,IOWA BLACK,50 POST OVER,R,3-2,,SAM C WILL C,,35.0,Season_Total,35.0,D,,,,,,,,,,,,,,,,,,,,,,,,,,,,,,,,,,,,,,,,,,,,,,,,,,,,,,,,,,,,,,,,,,,,,,,,,,,,,,,,,,,
104.0,D,0.0,,,3.0,Extra Pt. Block,,,,,,,,,,Season_Total,0.0,D,,,,,,,,,,,,,,,,,,,,,,,,,,,,,,,,,,,,,,,,,,,,,,,,,,,,,,,,,,,,,,,,,,,,,,,,,,,,,,,,,,,
105.0,D,,,L,,Run,,WISCONSIN WHITE,DUO RT,R,3-3 STACK,,,,-2.0,Season_Total,-2.0,D,,,,,,,,,,,,,,,,,,,,,,,,,,,,,,,,,,,,,,,,,,,,,,,,,,,,,,,,,,,,,,,,,,,,,,,,,,,,,,,,,,,
106.0,D,,,M,,Pass,Incomplete,IOWA GOLD,50 HONDA/SATURN T FLARE,L,3-2,,SAM C MIKE B SLANT BOUNDRY,,0.0,Season_Total,0.0,D,,,,,,,,,,,,,,,,,,,,,,,,,,,,,,,,,,,,,,,,,,,,,,,,,,,,,,,,,,,,,,,,,,,,,,,,,,,,,,,,,,,
107.0,D,,,M,,Pass,Incomplete,IOWA GOLD,50 CHEVY T FLARE,L,4-1,,SAM C MIKE B SLANT RT,,0.0,Season_Total,0.0,D,,,,,,,,,,,,,,,,,,,,,,,,,,,,,,,,,,,,,,,,,,,,,,,,,,,,,,,,,,,,,,,,,,,,,,,,,,,,,,,,,,,
108.0,D,,,M,,Run,Fumble,WISCONSIN RED,OUTSIDE ZONE,R,3-2,,SAM C ANGLE LT,,-4.0,Season_Total,-4.0,D,,,,,,,,,,,,,,,,,,,,,,,,,,,,,,,,,,,,,,,,,,,,,,,,,,,,,,,,,,,,,,,,,,,,,,,,,,,,,,,,,,,
109.0,D,,,M,,Pass,Incomplete,IOWA GOLD,60 SMASH,R,3-3 STACK,,SAM B,,0.0,Season_Total,0.0,D,,,,,,,,,,,,,,,,,,,,,,,,,,,,,,,,,,,,,,,,,,,,,,,,,,,,,,,,,,,,,,,,,,,,,,,,,,,,,,,,,,,
110.0,D,,,M,,Pass,Complete,IOWA GOLD,6O SMASH T CHECK,L,3-3 STACK,,SAM C WILL C,,20.0,Season_Total,20.0,D,,,,,,,,,,,,,,,,,,,,,,,,,,,,,,,,,,,,,,,,,,,,,,,,,,,,,,,,,,,,,,,,,,,,,,,,,,,,,,,,,,,
111.0,D,,,L,,Pass,Incomplete,IOWA GOLD,50 SATURN,L,4-1,,SAM C MIKE B SLANT BOUNDRY,,0.0,Season_Total,0.0,D,,,,,,,,,,,,,,,,,,,,,,,,,,,,,,,,,,,,,,,,,,,,,,,,,,,,,,,,,,,,,,,,,,,,,,,,,,,,,,,,,,,
112.0,D,,,L,,Pass,Incomplete,IOWA GOLD,60 SMASH/SATURN GO,L,3-2,,SAM C,,0.0,Season_Total,0.0,D,,,,,,,,,,,,,,,,,,,,,,,,,,,,,,,,,,,,,,,,,,,,,,,,,,,,,,,,,,,,,,,,,,,,,,,,,,,,,,,,,,,
113.0,O,,,L,,,,,,,,,,,,Season_Total,0.0,O,,,,,,,,,,,,,,,,,,,,,,,,,,,,,,,,,,,,,,,,,,,,,,,,,,,,,,,,,,,,,,,,,,,,,,,,,,,,,,,,,,,
114.0,O,,,,,,,,,,,,,,,Season_Total,0.0,O,,,,,,,,,,,,,,,,,,,,,,,,,,,,,,,,,,,,,,,,,,,,,,,,,,,,,,,,,,,,,,,,,,,,,,,,,,,,,,,,,,,
115.0,O,,,,,,,,,,,,,,,Season_Total,0.0,O,,,,,,,,,,,,,,,,,,,,,,,,,,,,,,,,,,,,,,,,,,,,,,,,,,,,,,,,,,,,,,,,,,,,,,,,,,,,,,,,,,,
116.0,O,,,,,,,,,,,,,,,Season_Total,0.0,O,,,,,,,,,,,,,,,,,,,,,,,,,,,,,,,,,,,,,,,,,,,,,,,,,,,,,,,,,,,,,,,,,,,,,,,,,,,,,,,,,,,
117.0,O,,,,,,,,,,,,,,,Season_Total,0.0,O,,,,,,,,,,,,,,,,,,,,,,,,,,,,,,,,,,,,,,,,,,,,,,,,,,,,,,,,,,,,,,,,,,,,,,,,,,,,,,,,,,,
118.0,O,,,,,,,,,,,,,,,Season_Total,0.0,O,,,,,,,,,,,,,,,,,,,,,,,,,,,,,,,,,,,,,,,,,,,,,,,,,,,,,,,,,,,,,,,,,,,,,,,,,,,,,,,,,,,
119.0,O,,,,,,,,,,,,,,,Season_Total,0.0,O,,,,,,,,,,,,,,,,,,,,,,,,,,,,,,,,,,,,,,,,,,,,,,,,,,,,,,,,,,,,,,,,,,,,,,,,,,,,,,,,,,,
120.0,O,,,,,,,,,,,,,,,Season_Total,0.0,O,,,,,,,,,,,,,,,,,,,,,,,,,,,,,,,,,,,,,,,,,,,,,,,,,,,,,,,,,,,,,,,,,,,,,,,,,,,,,,,,,,,
121.0,O,,,,,,,,,,,,,,,Season_Total,0.0,O,,,,,,,,,,,,,,,,,,,,,,,,,,,,,,,,,,,,,,,,,,,,,,,,,,,,,,,,,,,,,,,,,,,,,,,,,,,,,,,,,,,
122.0,O,,,,,,,,,,,,,,,Season_Total,0.0,O,,,,,,,,,,,,,,,,,,,,,,,,,,,,,,,,,,,,,,,,,,,,,,,,,,,,,,,,,,,,,,,,,,,,,,,,,,,,,,,,,,,
123.0,O,,,,,,,,,,,,,,,Season_Total,0.0,O,,,,,,,,,,,,,,,,,,,,,,,,,,,,,,,,,,,,,,,,,,,,,,,,,,,,,,,,,,,,,,,,,,,,,,,,,,,,,,,,,,,
124.0,O,,,,,,,,,,,,,,,Season_Total,0.0,O,,,,,,,,,,,,,,,,,,,,,,,,,,,,,,,,,,,,,,,,,,,,,,,,,,,,,,,,,,,,,,,,,,,,,,,,,,,,,,,,,,,
125.0,O,,,,,,,,,,,,,,,Season_Total,0.0,O,,,,,,,,,,,,,,,,,,,,,,,,,,,,,,,,,,,,,,,,,,,,,,,,,,,,,,,,,,,,,,,,,,,,,,,,,,,,,,,,,,,
126.0,O,,,,,,,,,,,,,,,Season_Total,0.0,O,,,,,,,,,,,,,,,,,,,,,,,,,,,,,,,,,,,,,,,,,,,,,,,,,,,,,,,,,,,,,,,,,,,,,,,,,,,,,,,,,,,
127.0,O,,,,,,,,,,,,,,,Season_Total,0.0,O,,,,,,,,,,,,,,,,,,,,,,,,,,,,,,,,,,,,,,,,,,,,,,,,,,,,,,,,,,,,,,,,,,,,,,,,,,,,,,,,,,,
128.0,O,,,,,,,,,,,,,,,Season_Total,0.0,O,,,,,,,,,,,,,,,,,,,,,,,,,,,,,,,,,,,,,,,,,,,,,,,,,,,,,,,,,,,,,,,,,,,,,,,,,,,,,,,,,,,
129.0,O,,,,,,,,,,,,,,,Season_Total,0.0,O,,,,,,,,,,,,,,,,,,,,,,,,,,,,,,,,,,,,,,,,,,,,,,,,,,,,,,,,,,,,,,,,,,,,,,,,,,,,,,,,,,,
130.0,O,,,,,,,,,,,,,,,Season_Total,0.0,O,,,,,,,,,,,,,,,,,,,,,,,,,,,,,,,,,,,,,,,,,,,,,,,,,,,,,,,,,,,,,,,,,,,,,,,,,,,,,,,,,,,
131.0,O,,,,,,,,,,,,,,,Season_Total,0.0,O,,,,,,,,,,,,,,,,,,,,,,,,,,,,,,,,,,,,,,,,,,,,,,,,,,,,,,,,,,,,,,,,,,,,,,,,,,,,,,,,,,,
132.0,O,,,,,,,,,,,,,,,Season_Total,0.0,O,,,,,,,,,,,,,,,,,,,,,,,,,,,,,,,,,,,,,,,,,,,,,,,,,,,,,,,,,,,,,,,,,,,,,,,,,,,,,,,,,,,
133.0,,,,,,,,,,,,,,,,Season_Total,0.0,,,,,,,,,,,,,,,,,,,,,,,,,,,,,,,,,,,,,,,,,,,,,,,,,,,,,,,,,,,,,,,,,,,,,,,,,,,,,,,,,,,,
134.0,,,,,,,,,,,,,,,,Season_Total,0.0,,,,,,,,,,,,,,,,,,,,,,,,,,,,,,,,,,,,,,,,,,,,,,,,,,,,,,,,,,,,,,,,,,,,,,,,,,,,,,,,,,,,
135.0,,,,,,,,,,,,,,,,Season_Total,0.0,,,,,,,,,,,,,,,,,,,,,,,,,,,,,,,,,,,,,,,,,,,,,,,,,,,,,,,,,,,,,,,,,,,,,,,,,,,,,,,,,,,,
136.0,,,,,,,,,,,,,,,,Season_Total,0.0,,,,,,,,,,,,,,,,,,,,,,,,,,,,,,,,,,,,,,,,,,,,,,,,,,,,,,,,,,,,,,,,,,,,,,,,,,,,,,,,,,,,
137.0,,,,,,,,,,,,,,,,Season_Total,0.0,,,,,,,,,,,,,,,,,,,,,,,,,,,,,,,,,,,,,,,,,,,,,,,,,,,,,,,,,,,,,,,,,,,,,,,,,,,,,,,,,,,,
138.0,,,,,,,,,,,,,,,,Season_Total,0.0,,,,,,,,,,,,,,,,,,,,,,,,,,,,,,,,,,,,,,,,,,,,,,,,,,,,,,,,,,,,,,,,,,,,,,,,,,,,,,,,,,,,
139.0,,,,,,,,,,,,,,,,Season_Total,0.0,,,,,,,,,,,,,,,,,,,,,,,,,,,,,,,,,,,,,,,,,,,,,,,,,,,,,,,,,,,,,,,,,,,,,,,,,,,,,,,,,,,,
140.0,,,,,,,,,,,,,,,,Season_Total,0.0,,,,,,,,,,,,,,,,,,,,,,,,,,,,,,,,,,,,,,,,,,,,,,,,,,,,,,,,,,,,,,,,,,,,,,,,,,,,,,,,,,,,
141.0,,,,,,,,,,,,,,,,Season_Total,0.0,,,,,,,,,,,,,,,,,,,,,,,,,,,,,,,,,,,,,,,,,,,,,,,,,,,,,,,,,,,,,,,,,,,,,,,,,,,,,,,,,,,,
142.0,,,,,,,,,,,,,,,,Season_Total,0.0,,,,,,,,,,,,,,,,,,,,,,,,,,,,,,,,,,,,,,,,,,,,,,,,,,,,,,,,,,,,,,,,,,,,,,,,,,,,,,,,,,,,
143.0,,,,,,,,,,,,,,,,Season_Total,0.0,,,,,,,,,,,,,,,,,,,,,,,,,,,,,,,,,,,,,,,,,,,,,,,,,,,,,,,,,,,,,,,,,,,,,,,,,,,,,,,,,,,,
144.0,,,,,,,,,,,,,,,,Season_Total,0.0,,,,,,,,,,,,,,,,,,,,,,,,,,,,,,,,,,,,,,,,,,,,,,,,,,,,,,,,,,,,,,,,,,,,,,,,,,,,,,,,,,,,
145.0,,,,,,,,,,,,,,,,Season_Total,0.0,,,,,,,,,,,,,,,,,,,,,,,,,,,,,,,,,,,,,,,,,,,,,,,,,,,,,,,,,,,,,,,,,,,,,,,,,,,,,,,,,,,,
146.0,,,,,,,,,,,,,,,,Season_Total,0.0,,,,,,,,,,,,,,,,,,,,,,,,,,,,,,,,,,,,,,,,,,,,,,,,,,,,,,,,,,,,,,,,,,,,,,,,,,,,,,,,,,,,
147.0,,,,,,,,,,,,,,,,Season_Total,0.0,,,,,,,,,,,,,,,,,,,,,,,,,,,,,,,,,,,,,,,,,,,,,,,,,,,,,,,,,,,,,,,,,,,,,,,,,,,,,,,,,,,,
148.0,,,,,,,,,,,,,,,,Season_Total,0.0,,,,,,,,,,,,,,,,,,,,,,,,,,,,,,,,,,,,,,,,,,,,,,,,,,,,,,,,,,,,,,,,,,,,,,,,,,,,,,,,,,,,
149.0,,,,,,,,,,,,,,,,Season_Total,0.0,,,,,,,,,,,,,,,,,,,,,,,,,,,,,,,,,,,,,,,,,,,,,,,,,,,,,,,,,,,,,,,,,,,,,,,,,,,,,,,,,,,,
150.0,,,,,,,,,,,,,,,,Season_Total,0.0,,,,,,,,,,,,,,,,,,,,,,,,,,,,,,,,,,,,,,,,,,,,,,,,,,,,,,,,,,,,,,,,,,,,,,,,,,,,,,,,,,,,
151.0,,,,,,,,,,,,,,,,Season_Total,0.0,,,,,,,,,,,,,,,,,,,,,,,,,,,,,,,,,,,,,,,,,,,,,,,,,,,,,,,,,,,,,,,,,,,,,,,,,,,,,,,,,,,,
152.0,,,,,,,,,,,,,,,,Season_Total,0.0,,,,,,,,,,,,,,,,,,,,,,,,,,,,,,,,,,,,,,,,,,,,,,,,,,,,,,,,,,,,,,,,,,,,,,,,,,,,,,,,,,,,
153.0,,,,,,,,,,,,,,,,Season_Total,0.0,,,,,,,,,,,,,,,,,,,,,,,,,,,,,,,,,,,,,,,,,,,,,,,,,,,,,,,,,,,,,,,,,,,,,,,,,,,,,,,,,,,,
154.0,,,,,,,,,,,,,,,,Season_Total,0.0,,,,,,,,,,,,,,,,,,,,,,,,,,,,,,,,,,,,,,,,,,,,,,,,,,,,,,,,,,,,,,,,,,,,,,,,,,,,,,,,,,,,
155.0,,,,,,,,,,,,,,,,Season_Total,0.0,,,,,,,,,,,,,,,,,,,,,,,,,,,,,,,,,,,,,,,,,,,,,,,,,,,,,,,,,,,,,,,,,,,,,,,,,,,,,,,,,,,,
156.0,,,,,,,,,,,,,,,,Season_Total,0.0,,,,,,,,,,,,,,,,,,,,,,,,,,,,,,,,,,,,,,,,,,,,,,,,,,,,,,,,,,,,,,,,,,,,,,,,,,,,,,,,,,,,
157.0,,,,,,,,,,,,,,,,Season_Total,0.0,,,,,,,,,,,,,,,,,,,,,,,,,,,,,,,,,,,,,,,,,,,,,,,,,,,,,,,,,,,,,,,,,,,,,,,,,,,,,,,,,,,,
158.0,,,,,,,,,,,,,,,,Season_Total,0.0,,,,,,,,,,,,,,,,,,,,,,,,,,,,,,,,,,,,,,,,,,,,,,,,,,,,,,,,,,,,,,,,,,,,,,,,,,,,,,,,,,,,
159.0,,,,,,,,,,,,,,,,Season_Total,0.0,,,,,,,,,,,,,,,,,,,,,,,,,,,,,,,,,,,,,,,,,,,,,,,,,,,,,,,,,,,,,,,,,,,,,,,,,,,,,,,,,,,,
160.0,,,,,,,,,,,,,,,,Season_Total,0.0,,,,,,,,,,,,,,,,,,,,,,,,,,,,,,,,,,,,,,,,,,,,,,,,,,,,,,,,,,,,,,,,,,,,,,,,,,,,,,,,,,,,
161.0,,,,,,,,,,,,,,,,Season_Total,0.0,,,,,,,,,,,,,,,,,,,,,,,,,,,,,,,,,,,,,,,,,,,,,,,,,,,,,,,,,,,,,,,,,,,,,,,,,,,,,,,,,,,,
162.0,,,,,,,,,,,,,,,,Season_Total,0.0,,,,,,,,,,,,,,,,,,,,,,,,,,,,,,,,,,,,,,,,,,,,,,,,,,,,,,,,,,,,,,,,,,,,,,,,,,,,,,,,,,,,
163.0,,,,,,,,,,,,,,,,Season_Total,0.0,,,,,,,,,,,,,,,,,,,,,,,,,,,,,,,,,,,,,,,,,,,,,,,,,,,,,,,,,,,,,,,,,,,,,,,,,,,,,,,,,,,,
164.0,D,1.0,10.0,M,-20.0,,,,,,,,,,0.0,Season_Total,0.0,D,,,,,,,,,,,,,,,,,,,,,,,,,,,,,,,,,,,,,,,,,,,,,,,,,,,,,,,,,,,,,,,,,,,,,,,,,,,,,,,,,,,
165.0,D,1.0,10.0,M,-20.0,Run,,,,,,,,,3.0,Season_Total,3.0,D,,,,,,,,,,,,,,,,,,,,,,,,,,,,,,,,,,,,,,,,,,,,,,,,,,,,,,,,,,,,,,,,,,,,,,,,,,,,,,,,,,,
166.0,D,2.0,7.0,M,-23.0,Pass,Sack,FLA BLUE,60 H OVER,R,3-2,,MIKE B,,-5.0,Season_Total,-5.0,D,,,,,,,,,,,,,,,,,,,,,,,,,,,,,,,,,,,,,,,,,,,,,,,,,,,,,,,,,,,,,,,,,,,,,,,,,,,,,,,,,,,
167.0,O,,,,,,,,,,,,,,,Season_Total,0.0,O,,,,,,,,,,,,,,,,,,,,,,,,,,,,,,,,,,,,,,,,,,,,,,,,,,,,,,,,,,,,,,,,,,,,,,,,,,,,,,,,,,,
168.0,O,,,,,,,,,,,,,,,Season_Total,0.0,O,,,,,,,,,,,,,,,,,,,,,,,,,,,,,,,,,,,,,,,,,,,,,,,,,,,,,,,,,,,,,,,,,,,,,,,,,,,,,,,,,,,
169.0,O,,,,,,,,,,,,,,,Season_Total,0.0,O,,,,,,,,,,,,,,,,,,,,,,,,,,,,,,,,,,,,,,,,,,,,,,,,,,,,,,,,,,,,,,,,,,,,,,,,,,,,,,,,,,,
170.0,O,,,,,,,,,,,,,,,Season_Total,0.0,O,,,,,,,,,,,,,,,,,,,,,,,,,,,,,,,,,,,,,,,,,,,,,,,,,,,,,,,,,,,,,,,,,,,,,,,,,,,,,,,,,,,
171.0,O,,,,,,,,,,,,,,,Season_Total,0.0,O,,,,,,,,,,,,,,,,,,,,,,,,,,,,,,,,,,,,,,,,,,,,,,,,,,,,,,,,,,,,,,,,,,,,,,,,,,,,,,,,,,,
172.0,O,,,,,,,,,,,,,,,Season_Total,0.0,O,,,,,,,,,,,,,,,,,,,,,,,,,,,,,,,,,,,,,,,,,,,,,,,,,,,,,,,,,,,,,,,,,,,,,,,,,,,,,,,,,,,
173.0,D,,,M,,Pass,Complete,FLA BLUE WIDE BUNCH,H NOW,R,3-2,,MIKE A WILL CROSS B,,0.0,Season_Total,0.0,D,,,,,,,,,,,,,,,,,,,,,,,,,,,,,,,,,,,,,,,,,,,,,,,,,,,,,,,,,,,,,,,,,,,,,,,,,,,,,,,,,,,
174.0,D,,,M,,Pass,Sack,FLA ORANGE,HONDA/SLANT H GRASS,R,3-2,,SAM C,,,Season_Total,0.0,D,,,,,,,,,,,,,,,,,,,,,,,,,,,,,,,,,,,,,,,,,,,,,,,,,,,,,,,,,,,,,,,,,,,,,,,,,,,,,,,,,,,
175.0,D,,,M,,Pass,Scramble,IOWA GOLD,FORD/SATURN,R,3-2,,MIKE B,,12.0,Season_Total,12.0,D,,,,,,,,,,,,,,,,,,,,,,,,,,,,,,,,,,,,,,,,,,,,,,,,,,,,,,,,,,,,,,,,,,,,,,,,,,,,,,,,,,,
176.0,D,,,R,,,Penalty,FLA ORANGE,,,,,,,5.0,Season_Total,5.0,D,,,,,,,,,,,,,,,,,,,,,,,,,,,,,,,,,,,,,,,,,,,,,,,,,,,,,,,,,,,,,,,,,,,,,,,,,,,,,,,,,,,
177.0,D,,,R,,Run,,IOWA GOLD,OUTSIDE ZONE,L,3-2,,MIKE B,,2.0,Season_Total,2.0,D,,,,,,,,,,,,,,,,,,,,,,,,,,,,,,,,,,,,,,,,,,,,,,,,,,,,,,,,,,,,,,,,,,,,,,,,,,,,,,,,,,,
178.0,D,,,L,,Run,,MICH BLUE,LEAD LEFT,L,3-2,,SAM C WILL C,,1.0,Season_Total,1.0,D,,,,,,,,,,,,,,,,,,,,,,,,,,,,,,,,,,,,,,,,,,,,,,,,,,,,,,,,,,,,,,,,,,,,,,,,,,,,,,,,,,,
179.0,D,,,L,,Run,,FLA BLUE WIDE BUNCH,DiVE LT,L,3-3 STACK,,SAM B WILL C,,6.0,Season_Total,6.0,D,,,,,,,,,,,,,,,,,,,,,,,,,,,,,,,,,,,,,,,,,,,,,,,,,,,,,,,,,,,,,,,,,,,,,,,,,,,,,,,,,,,
180.0,D,,,L,,Run,,MICH BLUE,LEAD RIGHT,R,3-2,,SAM C MIKE B,,-4.0,Season_Total,-4.0,D,,,,,,,,,,,,,,,,,,,,,,,,,,,,,,,,,,,,,,,,,,,,,,,,,,,,,,,,,,,,,,,,,,,,,,,,,,,,,,,,,,,
181.0,D,,,L,,Pass,Incomplete,IOWA BLACK,51 DODGE,L,4-1,,SAM C MIKE B,,0.0,Season_Total,0.0,D,,,,,,,,,,,,,,,,,,,,,,,,,,,,,,,,,,,,,,,,,,,,,,,,,,,,,,,,,,,,,,,,,,,,,,,,,,,,,,,,,,,
182.0,D,,,L,,Pass,Incomplete,FLA BLUE,51 CADILLAC H GRASS,L,3-2,,MIKE A,,0.0,Season_Total,0.0,D,,,,,,,,,,,,,,,,,,,,,,,,,,,,,,,,,,,,,,,,,,,,,,,,,,,,,,,,,,,,,,,,,,,,,,,,,,,,,,,,,,,
183.0,D,,,L,,Pass,Complete,EMPTY RIGHT,HONDA,R,4-1,,SAM C MIKE B SLANT BOUNDRY,,6.0,Season_Total,6.0,D,,,,,,,,,,,,,,,,,,,,,,,,,,,,,,,,,,,,,,,,,,,,,,,,,,,,,,,,,,,,,,,,,,,,,,,,,,,,,,,,,,,
184.0,D,,,M,,Run,,IOWA BLACK,DUO GUT RIGHT,R,3-3 STACK,,SAM C WILL C,,6.0,Season_Total,6.0,D,,,,,,,,,,,,,,,,,,,,,,,,,,,,,,,,,,,,,,,,,,,,,,,,,,,,,,,,,,,,,,,,,,,,,,,,,,,,,,,,,,,
185.0,D,,,R,,,,,,,,,,,,Season_Total,0.0,D,,,,,,,,,,,,,,,,,,,,,,,,,,,,,,,,,,,,,,,,,,,,,,,,,,,,,,,,,,,,,,,,,,,,,,,,,,,,,,,,,,,
186.0,D,,,R,,Pass,Scramble,IOWA BLACK,60 SMASH,R,3-3 STACK,,SAM C WILL C,,2.0,Season_Total,2.0,D,,,,,,,,,,,,,,,,,,,,,,,,,,,,,,,,,,,,,,,,,,,,,,,,,,,,,,,,,,,,,,,,,,,,,,,,,,,,,,,,,,,
187.0,D,,,R,,Pass,Complete,FLA ORANGE,ShOW BUBBLE LT,L,4-1,,SAM C MIKE B SLANT BOUNDRY,,10.0,Season_Total,10.0,D,,,,,,,,,,,,,,,,,,,,,,,,,,,,,,,,,,,,,,,,,,,,,,,,,,,,,,,,,,,,,,,,,,,,,,,,,,,,,,,,,,,
188.0,D,,,M,,Pass,Scramble,EMPTY RIGHT,FORD T SEAM,L,3-3 STACK,,SAM C WILL C,,0.0,Season_Total,0.0,D,,,,,,,,,,,,,,,,,,,,,,,,,,,,,,,,,,,,,,,,,,,,,,,,,,,,,,,,,,,,,,,,,,,,,,,,,,,,,,,,,,,
189.0,D,,,M,,Pass,Sack,EMPTY RIGHT,FORD T SEAM,,3-3 STACK,,SAM C WILL C,,-5.0,Season_Total,-5.0,D,,,,,,,,,,,,,,,,,,,,,,,,,,,,,,,,,,,,,,,,,,,,,,,,,,,,,,,,,,,,,,,,,,,,,,,,,,,,,,,,,,,
190.0,O,,,,,,,,,,,,,,,Season_Total,0.0,O,,,,,,,,,,,,,,,,,,,,,,,,,,,,,,,,,,,,,,,,,,,,,,,,,,,,,,,,,,,,,,,,,,,,,,,,,,,,,,,,,,,
191.0,O,,,,,,,,,,,,,,,Season_Total,0.0,O,,,,,,,,,,,,,,,,,,,,,,,,,,,,,,,,,,,,,,,,,,,,,,,,,,,,,,,,,,,,,,,,,,,,,,,,,,,,,,,,,,,
192.0,O,,,,,,,,,,,,,,,Season_Total,0.0,O,,,,,,,,,,,,,,,,,,,,,,,,,,,,,,,,,,,,,,,,,,,,,,,,,,,,,,,,,,,,,,,,,,,,,,,,,,,,,,,,,,,
193.0,D,,,M,,Run,,MICH MAIZE,LEAD LEFT,L,3-2,,MIKE A,,4.0,Season_Total,4.0,D,,,,,,,,,,,,,,,,,,,,,,,,,,,,,,,,,,,,,,,,,,,,,,,,,,,,,,,,,,,,,,,,,,,,,,,,,,,,,,,,,,,
194.0,D,,,L,,Pass,Sack,MICH BLUE,FORD,,4-1,,SAM C MIKE B SLANT BOUNDRY,,,Season_Total,0.0,D,,,,,,,,,,,,,,,,,,,,,,,,,,,,,,,,,,,,,,,,,,,,,,,,,,,,,,,,,,,,,,,,,,,,,,,,,,,,,,,,,,,
195.0,D,,,L,,,,IOWA GOLD,,,,,,,,Season_Total,0.0,D,,,,,,,,,,,,,,,,,,,,,,,,,,,,,,,,,,,,,,,,,,,,,,,,,,,,,,,,,,,,,,,,,,,,,,,,,,,,,,,,,,,
196.0,D,,,L,,Pass,Scramble,FLA ORANGE,FORD H SEAM,,3-2,,MIKE A WILL B,,,Season_Total,0.0,D,,,,,,,,,,,,,,,,,,,,,,,,,,,,,,,,,,,,,,,,,,,,,,,,,,,,,,,,,,,,,,,,,,,,,,,,,,,,,,,,,,,
197.0,O,,,,,,,,,,,,,,,Season_Total,0.0,O,,,,,,,,,,,,,,,,,,,,,,,,,,,,,,,,,,,,,,,,,,,,,,,,,,,,,,,,,,,,,,,,,,,,,,,,,,,,,,,,,,,
198.0,O,,,,,,,,,,,,,,,Season_Total,0.0,O,,,,,,,,,,,,,,,,,,,,,,,,,,,,,,,,,,,,,,,,,,,,,,,,,,,,,,,,,,,,,,,,,,,,,,,,,,,,,,,,,,,
199.0,D,,,M,,Pass,Interception,FLA ORANGE,CleAR,L,3-2,,MIKE C WILL B,,,Season_Total,0.0,D,,,,,,,,,,,,,,,,,,,,,,,,,,,,,,,,,,,,,,,,,,,,,,,,,,,,,,,,,,,,,,,,,,,,,,,,,,,,,,,,,,,
200.0,D,,,M,,Pass,Fumble,FLA ORANGE BUNCH,HITCH/OVER/SEAM,L,4-2,,WILL C,,,Season_Total,0.0,D,,,,,,,,,,,,,,,,,,,,,,,,,,,,,,,,,,,,,,,,,,,,,,,,,,,,,,,,,,,,,,,,,,,,,,,,,,,,,,,,,,,
201.0,O,,,,,,,,,,,,,,,Season_Total,0.0,O,,,,,,,,,,,,,,,,,,,,,,,,,,,,,,,,,,,,,,,,,,,,,,,,,,,,,,,,,,,,,,,,,,,,,,,,,,,,,,,,,,,
202.0,O,,,,,,,,,,,,,,,Season_Total,0.0,O,,,,,,,,,,,,,,,,,,,,,,,,,,,,,,,,,,,,,,,,,,,,,,,,,,,,,,,,,,,,,,,,,,,,,,,,,,,,,,,,,,,
203.0,O,,,,,,,,,,,,,,,Season_Total,0.0,O,,,,,,,,,,,,,,,,,,,,,,,,,,,,,,,,,,,,,,,,,,,,,,,,,,,,,,,,,,,,,,,,,,,,,,,,,,,,,,,,,,,
1.0,,,,,,,,,,,,,,,,Season_Total,0.0,,,,,,,,,,,,,,,,,,,,,,,,,,,,,,,,,,,,,,,,,,,,,,,,,,,,,,,,,,,,,,,,,,,,,,,,,,,,,,,,,,,,
2.0,,,,,,,,,,,,,,,,Season_Total,0.0,,,,,,,,,,,,,,,,,,,,,,,,,,,,,,,,,,,,,,,,,,,,,,,,,,,,,,,,,,,,,,,,,,,,,,,,,,,,,,,,,,,,
3.0,,,,,,,,,,,,,,,,Season_Total,0.0,,,,,,,,,,,,,,,,,,,,,,,,,,,,,,,,,,,,,,,,,,,,,,,,,,,,,,,,,,,,,,,,,,,,,,,,,,,,,,,,,,,,
4.0,,,,,,,,,,,,,,,,Season_Total,0.0,,,,,,,,,,,,,,,,,,,,,,,,,,,,,,,,,,,,,,,,,,,,,,,,,,,,,,,,,,,,,,,,,,,,,,,,,,,,,,,,,,,,
5.0,,,,,,,,,,,,,,,,Season_Total,0.0,,,,,,,,,,,,,,,,,,,,,,,,,,,,,,,,,,,,,,,,,,,,,,,,,,,,,,,,,,,,,,,,,,,,,,,,,,,,,,,,,,,,
6.0,,,,,,,,,,,,,,,,Season_Total,0.0,,,,,,,,,,,,,,,,,,,,,,,,,,,,,,,,,,,,,,,,,,,,,,,,,,,,,,,,,,,,,,,,,,,,,,,,,,,,,,,,,,,,
7.0,,,,,,,,,,,,,,,,Season_Total,0.0,,,,,,,,,,,,,,,,,,,,,,,,,,,,,,,,,,,,,,,,,,,,,,,,,,,,,,,,,,,,,,,,,,,,,,,,,,,,,,,,,,,,
8.0,,,,,,,,,,,,,,,,Season_Total,0.0,,,,,,,,,,,,,,,,,,,,,,,,,,,,,,,,,,,,,,,,,,,,,,,,,,,,,,,,,,,,,,,,,,,,,,,,,,,,,,,,,,,,
9.0,,,,,,,,,,,,,,,,Season_Total,0.0,,,,,,,,,,,,,,,,,,,,,,,,,,,,,,,,,,,,,,,,,,,,,,,,,,,,,,,,,,,,,,,,,,,,,,,,,,,,,,,,,,,,
10.0,,,,,,,,,,,,,,,,Season_Total,0.0,,,,,,,,,,,,,,,,,,,,,,,,,,,,,,,,,,,,,,,,,,,,,,,,,,,,,,,,,,,,,,,,,,,,,,,,,,,,,,,,,,,,
11.0,,,,,,,,,,,,,,,,Season_Total,0.0,,,,,,,,,,,,,,,,,,,,,,,,,,,,,,,,,,,,,,,,,,,,,,,,,,,,,,,,,,,,,,,,,,,,,,,,,,,,,,,,,,,,
12.0,,,,,,,,,,,,,,,,Season_Total,0.0,,,,,,,,,,,,,,,,,,,,,,,,,,,,,,,,,,,,,,,,,,,,,,,,,,,,,,,,,,,,,,,,,,,,,,,,,,,,,,,,,,,,
13.0,,,,,,,,,,,,,,,,Season_Total,0.0,,,,,,,,,,,,,,,,,,,,,,,,,,,,,,,,,,,,,,,,,,,,,,,,,,,,,,,,,,,,,,,,,,,,,,,,,,,,,,,,,,,,
14.0,,,,,,,,,,,,,,,,Season_Total,0.0,,,,,,,,,,,,,,,,,,,,,,,,,,,,,,,,,,,,,,,,,,,,,,,,,,,,,,,,,,,,,,,,,,,,,,,,,,,,,,,,,,,,
15.0,,,,,,,,,,,,,,,,Season_Total,0.0,,,,,,,,,,,,,,,,,,,,,,,,,,,,,,,,,,,,,,,,,,,,,,,,,,,,,,,,,,,,,,,,,,,,,,,,,,,,,,,,,,,,
16.0,,,,,,,,,,,,,,,,Season_Total,0.0,,,,,,,,,,,,,,,,,,,,,,,,,,,,,,,,,,,,,,,,,,,,,,,,,,,,,,,,,,,,,,,,,,,,,,,,,,,,,,,,,,,,
17.0,,,,,,,,,,,,,,,,Season_Total,0.0,,,,,,,,,,,,,,,,,,,,,,,,,,,,,,,,,,,,,,,,,,,,,,,,,,,,,,,,,,,,,,,,,,,,,,,,,,,,,,,,,,,,
18.0,,,,,,,,,,,,,,,,Season_Total,0.0,,,,,,,,,,,,,,,,,,,,,,,,,,,,,,,,,,,,,,,,,,,,,,,,,,,,,,,,,,,,,,,,,,,,,,,,,,,,,,,,,,,,
19.0,,,,,,,,,,,,,,,,Season_Total,0.0,,,,,,,,,,,,,,,,,,,,,,,,,,,,,,,,,,,,,,,,,,,,,,,,,,,,,,,,,,,,,,,,,,,,,,,,,,,,,,,,,,,,
20.0,K,,,,,,,,,,,,,,,Season_Total,0.0,K,,,,,,,,,,,,,,,,,,,,,,,,,,,,,,,,,,,,,,,,,,,,,,,,,,,,,,,,,,,,,,,,,,,,,,,,,,,,,,,,,,,
21.0,K,,,,,,,,,,,,,,,Season_Total,0.0,K,,,,,,,,,,,,,,,,,,,,,,,,,,,,,,,,,,,,,,,,,,,,,,,,,,,,,,,,,,,,,,,,,,,,,,,,,,,,,,,,,,,
22.0,K,,,,,,,,,,,,,,,Season_Total,0.0,K,,,,,,,,,,,,,,,,,,,,,,,,,,,,,,,,,,,,,,,,,,,,,,,,,,,,,,,,,,,,,,,,,,,,,,,,,,,,,,,,,,,
23.0,K,,,,,,,,,,,,,,,Season_Total,0.0,K,,,,,,,,,,,,,,,,,,,,,,,,,,,,,,,,,,,,,,,,,,,,,,,,,,,,,,,,,,,,,,,,,,,,,,,,,,,,,,,,,,,
24.0,,,,,,,,,,,,,,,,Season_Total,0.0,,,,,,,,,,,,,,,,,,,,,,,,,,,,,,,,,,,,,,,,,,,,,,,,,,,,,,,,,,,,,,,,,,,,,,,,,,,,,,,,,,,,
25.0,K,,,,,,,,,,,,,,,Season_Total,0.0,K,,,,,,,,,,,,,,,,,,,,,,,,,,,,,,,,,,,,,,,,,,,,,,,,,,,,,,,,,,,,,,,,,,,,,,,,,,,,,,,,,,,
26.0,K,,,,,,,,,,,,,,,Season_Total,0.0,K,,,,,,,,,,,,,,,,,,,,,,,,,,,,,,,,,,,,,,,,,,,,,,,,,,,,,,,,,,,,,,,,,,,,,,,,,,,,,,,,,,,
27.0,K,,,,,,,,,,,,,,,Season_Total,0.0,K,,,,,,,,,,,,,,,,,,,,,,,,,,,,,,,,,,,,,,,,,,,,,,,,,,,,,,,,,,,,,,,,,,,,,,,,,,,,,,,,,,,
28.0,K,,,,,,,,,,,,,,,Season_Total,0.0,K,,,,,,,,,,,,,,,,,,,,,,,,,,,,,,,,,,,,,,,,,,,,,,,,,,,,,,,,,,,,,,,,,,,,,,,,,,,,,,,,,,,
29.0,O,1.0,10.0,,,,,,,,,,,,,Season_Total,0.0,O,,,,,,,,,,,,,,,,,,,,,,,,,,,,,,,,,,,,,,,,,,,,,,,,,,,,,,,,,,,,,,,,,,,,,,,,,,,,,,,,,,,
30.0,O,,,,,,,,,,,,,,,Season_Total,0.0,O,,,,,,,,,,,,,,,,,,,,,,,,,,,,,,,,,,,,,,,,,,,,,,,,,,,,,,,,,,,,,,,,,,,,,,,,,,,,,,,,,,,
31.0,O,,,,,,,,,,,,,,,Season_Total,0.0,O,,,,,,,,,,,,,,,,,,,,,,,,,,,,,,,,,,,,,,,,,,,,,,,,,,,,,,,,,,,,,,,,,,,,,,,,,,,,,,,,,,,
32.0,O,,,,,,,,,,,,,,,Season_Total,0.0,O,,,,,,,,,,,,,,,,,,,,,,,,,,,,,,,,,,,,,,,,,,,,,,,,,,,,,,,,,,,,,,,,,,,,,,,,,,,,,,,,,,,
33.0,O,,,,,,,,,,,,,,,Season_Total,0.0,O,,,,,,,,,,,,,,,,,,,,,,,,,,,,,,,,,,,,,,,,,,,,,,,,,,,,,,,,,,,,,,,,,,,,,,,,,,,,,,,,,,,
34.0,,,,,,,,,,,,,,,,Season_Total,0.0,,,,,,,,,,,,,,,,,,,,,,,,,,,,,,,,,,,,,,,,,,,,,,,,,,,,,,,,,,,,,,,,,,,,,,,,,,,,,,,,,,,,
35.0,O,,,,,,,,,,,,,,,Season_Total,0.0,O,,,,,,,,,,,,,,,,,,,,,,,,,,,,,,,,,,,,,,,,,,,,,,,,,,,,,,,,,,,,,,,,,,,,,,,,,,,,,,,,,,,
36.0,O,,,,,,,,,,,,,,,Season_Total,0.0,O,,,,,,,,,,,,,,,,,,,,,,,,,,,,,,,,,,,,,,,,,,,,,,,,,,,,,,,,,,,,,,,,,,,,,,,,,,,,,,,,,,,
37.0,O,,,,,,,,,,,,,,,Season_Total,0.0,O,,,,,,,,,,,,,,,,,,,,,,,,,,,,,,,,,,,,,,,,,,,,,,,,,,,,,,,,,,,,,,,,,,,,,,,,,,,,,,,,,,,
38.0,O,,,,,,,,,,,,,,,Season_Total,0.0,O,,,,,,,,,,,,,,,,,,,,,,,,,,,,,,,,,,,,,,,,,,,,,,,,,,,,,,,,,,,,,,,,,,,,,,,,,,,,,,,,,,,
39.0,O,,,,,,,,,,,,,,,Season_Total,0.0,O,,,,,,,,,,,,,,,,,,,,,,,,,,,,,,,,,,,,,,,,,,,,,,,,,,,,,,,,,,,,,,,,,,,,,,,,,,,,,,,,,,,
40.0,O,,,,,,,,,,,,,,,Season_Total,0.0,O,,,,,,,,,,,,,,,,,,,,,,,,,,,,,,,,,,,,,,,,,,,,,,,,,,,,,,,,,,,,,,,,,,,,,,,,,,,,,,,,,,,
41.0,O,,,,,,,,,,,,,,,Season_Total,0.0,O,,,,,,,,,,,,,,,,,,,,,,,,,,,,,,,,,,,,,,,,,,,,,,,,,,,,,,,,,,,,,,,,,,,,,,,,,,,,,,,,,,,
42.0,D,1.0,10.0,M,-25.0,Run,,FLA. BLUE PISTOL,16 DIVE,R,ODD STACK,,,,5.0,Season_Total,5.0,D,,,,,,,,,,,,,,,,,,,,,,,,,,,,,,,,,,,,,,,,,,,,,,,,,,,,,,,,,,,,,,,,,,,,,,,,,,,,,,,,,,,
,,2.0,5.0,,-30.0,,,,,,,,,,0.0,Season_Total,0.0,,,,,,,,,,,,,,,,,,,,,,,,,,,,,,,,,,,,,,,,,,,,,,,,,,,,,,,,,,,,,,,,,,,,,,,,,,,,,,,,,,,,
43.0,D,2.0,5.0,M,-30.0,Run,Penalty,WYOMING BROWN T LEFT,Q COUNTER,L,ODD STACK,,,,25.0,Season_Total,25.0,D,,,,,,,,,,,,,,,,,,,,,,,,,,,,,,,,,,,,,,,,,,,,,,,,,,,,,,,,,,,,,,,,,,,,,,,,,,,,,,,,,,,
44.0,D,1.0,10.0,M,45.0,Pass,Complete,IOWA GOLD,CaDILLAC,R,4-2,,,,24.0,Season_Total,24.0,D,,,,,,,,,,,,,,,,,,,,,,,,,,,,,,,,,,,,,,,,,,,,,,,,,,,,,,,,,,,,,,,,,,,,,,,,,,,,,,,,,,,
45.0,,1.0,10.0,,21.0,,,,,,,,,,0.0,Season_Total,0.0,,,,,,,,,,,,,,,,,,,,,,,,,,,,,,,,,,,,,,,,,,,,,,,,,,,,,,,,,,,,,,,,,,,,,,,,,,,,,,,,,,,,
46.0,D,1.0,10.0,R,21.0,Pass,Incomplete,IOWA GOLD,DiVE READ,L,3-2,,,,0.0,Season_Total,0.0,D,,,,,,,,,,,,,,,,,,,,,,,,,,,,,,,,,,,,,,,,,,,,,,,,,,,,,,,,,,,,,,,,,,,,,,,,,,,,,,,,,,,
47.0,D,2.0,10.0,R,21.0,Pass,Complete,IOWA GOLD,FADE HITCH OUT,L,3-2,,,,3.0,Season_Total,3.0,D,,,,,,,,,,,,,,,,,,,,,,,,,,,,,,,,,,,,,,,,,,,,,,,,,,,,,,,,,,,,,,,,,,,,,,,,,,,,,,,,,,,
48.0,D,3.0,7.0,L,18.0,Pass,Complete,Wyoming brown,CleAR,R,ODD STACK,,SAM C,,11.0,Season_Total,11.0,D,,,,,,,,,,,,,,,,,,,,,,,,,,,,,,,,,,,,,,,,,,,,,,,,,,,,,,,,,,,,,,,,,,,,,,,,,,,,,,,,,,,
49.0,D,1.0,7.0,R,7.0,Run,,OHIO GRAY,DiVE OPT LT,L,3-2,,,,3.0,Season_Total,3.0,D,,,,,,,,,,,,,,,,,,,,,,,,,,,,,,,,,,,,,,,,,,,,,,,,,,,,,,,,,,,,,,,,,,,,,,,,,,,,,,,,,,,
50.0,D,2.0,4.0,R,4.0,Run,TD,WYOMING GOLD,15 DIVE,L,5-3 STACK,,,,4.0,Season_Total,4.0,D,,,,,,,,,,,,,,,,,,,,,,,,,,,,,,,,,,,,,,,,,,,,,,,,,,,,,,,,,,,,,,,,,,,,,,,,,,,,,,,,,,,
51.0,K,0.0,,,3.0,Extra Pt. Block,,,,,,,,,,Season_Total,0.0,K,,,,,,,,,,,,,,,,,,,,,,,,,,,,,,,,,,,,,,,,,,,,,,,,,,,,,,,,,,,,,,,,,,,,,,,,,,,,,,,,,,,
52.0,K,,,,,,,,,,,,,,,Season_Total,0.0,K,,,,,,,,,,,,,,,,,,,,,,,,,,,,,,,,,,,,,,,,,,,,,,,,,,,,,,,,,,,,,,,,,,,,,,,,,,,,,,,,,,,
53.0,O,,,,,,,,,,,,,,,Season_Total,0.0,O,,,,,,,,,,,,,,,,,,,,,,,,,,,,,,,,,,,,,,,,,,,,,,,,,,,,,,,,,,,,,,,,,,,,,,,,,,,,,,,,,,,
54.0,O,,,,,,,,,,,,,,,Season_Total,0.0,O,,,,,,,,,,,,,,,,,,,,,,,,,,,,,,,,,,,,,,,,,,,,,,,,,,,,,,,,,,,,,,,,,,,,,,,,,,,,,,,,,,,
55.0,O,,,,,,,,,,,,,,,Season_Total,0.0,O,,,,,,,,,,,,,,,,,,,,,,,,,,,,,,,,,,,,,,,,,,,,,,,,,,,,,,,,,,,,,,,,,,,,,,,,,,,,,,,,,,,
56.0,K,,,,,,,,,,,,,,,Season_Total,0.0,K,,,,,,,,,,,,,,,,,,,,,,,,,,,,,,,,,,,,,,,,,,,,,,,,,,,,,,,,,,,,,,,,,,,,,,,,,,,,,,,,,,,
57.0,D,1.0,10.0,L,50.0,Run,,WISCONSIN WHITE,DAVE LEFT GUT R,L,3-2,,,,1.0,Season_Total,1.0,D,,,,,,,,,,,,,,,,,,,,,,,,,,,,,,,,,,,,,,,,,,,,,,,,,,,,,,,,,,,,,,,,,,,,,,,,,,,,,,,,,,,
58.0,D,2.0,9.0,L,49.0,Run,,IOWA BLACK,JET SWEEP R,R,3-2,,,,9.0,Season_Total,9.0,D,,,,,,,,,,,,,,,,,,,,,,,,,,,,,,,,,,,,,,,,,,,,,,,,,,,,,,,,,,,,,,,,,,,,,,,,,,,,,,,,,,,
59.0,D,1.0,10.0,M,40.0,Run,,IOWA BLACK,H TRAP LT,L,3-2,,,,12.0,Season_Total,12.0,D,,,,,,,,,,,,,,,,,,,,,,,,,,,,,,,,,,,,,,,,,,,,,,,,,,,,,,,,,,,,,,,,,,,,,,,,,,,,,,,,,,,
60.0,D,1.0,10.0,L,28.0,Run,,OHIIO SCARLET TIGHT,SCISSORS LT,L,ODD STACK,,,,12.0,Season_Total,12.0,D,,,,,,,,,,,,,,,,,,,,,,,,,,,,,,,,,,,,,,,,,,,,,,,,,,,,,,,,,,,,,,,,,,,,,,,,,,,,,,,,,,,
61.0,D,1.0,10.0,M,16.0,,,,,,,,,,5.0,Season_Total,5.0,D,,,,,,,,,,,,,,,,,,,,,,,,,,,,,,,,,,,,,,,,,,,,,,,,,,,,,,,,,,,,,,,,,,,,,,,,,,,,,,,,,,,
62.0,D,2.0,5.0,M,11.0,Pass,Complete,WYOMING GOLD,51 CHEVY,L,4-2,,,,7.0,Season_Total,7.0,D,,,,,,,,,,,,,,,,,,,,,,,,,,,,,,,,,,,,,,,,,,,,,,,,,,,,,,,,,,,,,,,,,,,,,,,,,,,,,,,,,,,
63.0,D,1.0,4.0,L,4.0,Run,TD,IOWA BLACK,Q TRAP R,R,4-2,,,,4.0,Season_Total,4.0,D,,,,,,,,,,,,,,,,,,,,,,,,,,,,,,,,,,,,,,,,,,,,,,,,,,,,,,,,,,,,,,,,,,,,,,,,,,,,,,,,,,,
64.0,K,0.0,,,3.0,Extra Pt. Block,,,,,,,,,,Season_Total,0.0,K,,,,,,,,,,,,,,,,,,,,,,,,,,,,,,,,,,,,,,,,,,,,,,,,,,,,,,,,,,,,,,,,,,,,,,,,,,,,,,,,,,,
65.0,O,,,,,,,,,,,,,,,Season_Total,0.0,O,,,,,,,,,,,,,,,,,,,,,,,,,,,,,,,,,,,,,,,,,,,,,,,,,,,,,,,,,,,,,,,,,,,,,,,,,,,,,,,,,,,
66.0,O,,,,,,,,,,,,,,,Season_Total,0.0,O,,,,,,,,,,,,,,,,,,,,,,,,,,,,,,,,,,,,,,,,,,,,,,,,,,,,,,,,,,,,,,,,,,,,,,,,,,,,,,,,,,,
67.0,O,,,,,,,,,,,,,,,Season_Total,0.0,O,,,,,,,,,,,,,,,,,,,,,,,,,,,,,,,,,,,,,,,,,,,,,,,,,,,,,,,,,,,,,,,,,,,,,,,,,,,,,,,,,,,
68.0,O,,,,,,,,,,,,,,,Season_Total,0.0,O,,,,,,,,,,,,,,,,,,,,,,,,,,,,,,,,,,,,,,,,,,,,,,,,,,,,,,,,,,,,,,,,,,,,,,,,,,,,,,,,,,,
69.0,O,,,,,,,,,,,,,,,Season_Total,0.0,O,,,,,,,,,,,,,,,,,,,,,,,,,,,,,,,,,,,,,,,,,,,,,,,,,,,,,,,,,,,,,,,,,,,,,,,,,,,,,,,,,,,
70.0,O,,,,,,,,,,,,,,,Season_Total,0.0,O,,,,,,,,,,,,,,,,,,,,,,,,,,,,,,,,,,,,,,,,,,,,,,,,,,,,,,,,,,,,,,,,,,,,,,,,,,,,,,,,,,,
71.0,O,,,,,,,,,,,,,,,Season_Total,0.0,O,,,,,,,,,,,,,,,,,,,,,,,,,,,,,,,,,,,,,,,,,,,,,,,,,,,,,,,,,,,,,,,,,,,,,,,,,,,,,,,,,,,
72.0,O,,,,,,,,,,,,,,,Season_Total,0.0,O,,,,,,,,,,,,,,,,,,,,,,,,,,,,,,,,,,,,,,,,,,,,,,,,,,,,,,,,,,,,,,,,,,,,,,,,,,,,,,,,,,,
73.0,O,,,,,,,,,,,,,,,Season_Total,0.0,O,,,,,,,,,,,,,,,,,,,,,,,,,,,,,,,,,,,,,,,,,,,,,,,,,,,,,,,,,,,,,,,,,,,,,,,,,,,,,,,,,,,
74.0,O,,,,,,,,,,,,,,,Season_Total,0.0,O,,,,,,,,,,,,,,,,,,,,,,,,,,,,,,,,,,,,,,,,,,,,,,,,,,,,,,,,,,,,,,,,,,,,,,,,,,,,,,,,,,,
75.0,O,,,,,,,,,,,,,,,Season_Total,0.0,O,,,,,,,,,,,,,,,,,,,,,,,,,,,,,,,,,,,,,,,,,,,,,,,,,,,,,,,,,,,,,,,,,,,,,,,,,,,,,,,,,,,
76.0,,,,,,,,,,,,,,,,Season_Total,0.0,,,,,,,,,,,,,,,,,,,,,,,,,,,,,,,,,,,,,,,,,,,,,,,,,,,,,,,,,,,,,,,,,,,,,,,,,,,,,,,,,,,,
77.0,,,,,,,,,,,,,,,,Season_Total,0.0,,,,,,,,,,,,,,,,,,,,,,,,,,,,,,,,,,,,,,,,,,,,,,,,,,,,,,,,,,,,,,,,,,,,,,,,,,,,,,,,,,,,
78.0,,,,,,,,,,,,,,,,Season_Total,0.0,,,,,,,,,,,,,,,,,,,,,,,,,,,,,,,,,,,,,,,,,,,,,,,,,,,,,,,,,,,,,,,,,,,,,,,,,,,,,,,,,,,,
2.0,,,,,,,,,,,,,,,,Season_Total,0.0,,,,,,,,,,,,,,,,,,,,,,,,,,,,,,,,,,,,,,,,,,,,,,,,,,,,,,,,,,,,,,,,,,,,,,,,,,,,,,,,,,,,
3.0,,,,,,,,,,,,,,,,Season_Total,0.0,,,,,,,,,,,,,,,,,,,,,,,,,,,,,,,,,,,,,,,,,,,,,,,,,,,,,,,,,,,,,,,,,,,,,,,,,,,,,,,,,,,,
4.0,,,,,,,,,,,,,,,,Season_Total,0.0,,,,,,,,,,,,,,,,,,,,,,,,,,,,,,,,,,,,,,,,,,,,,,,,,,,,,,,,,,,,,,,,,,,,,,,,,,,,,,,,,,,,
5.0,,,,,,,,,,,,,,,,Season_Total,0.0,,,,,,,,,,,,,,,,,,,,,,,,,,,,,,,,,,,,,,,,,,,,,,,,,,,,,,,,,,,,,,,,,,,,,,,,,,,,,,,,,,,,
6.0,,,,,,,,,,,,,,,,Season_Total,0.0,,,,,,,,,,,,,,,,,,,,,,,,,,,,,,,,,,,,,,,,,,,,,,,,,,,,,,,,,,,,,,,,,,,,,,,,,,,,,,,,,,,,
7.0,,,,,,,,,,,,,,,,Season_Total,0.0,,,,,,,,,,,,,,,,,,,,,,,,,,,,,,,,,,,,,,,,,,,,,,,,,,,,,,,,,,,,,,,,,,,,,,,,,,,,,,,,,,,,
8.0,,,,,,,,,,,,,,,,Season_Total,0.0,,,,,,,,,,,,,,,,,,,,,,,,,,,,,,,,,,,,,,,,,,,,,,,,,,,,,,,,,,,,,,,,,,,,,,,,,,,,,,,,,,,,
9.0,,,,,,,,,,,,,,,,Season_Total,0.0,,,,,,,,,,,,,,,,,,,,,,,,,,,,,,,,,,,,,,,,,,,,,,,,,,,,,,,,,,,,,,,,,,,,,,,,,,,,,,,,,,,,
10.0,,,,,,,,,,,,,,,,Season_Total,0.0,,,,,,,,,,,,,,,,,,,,,,,,,,,,,,,,,,,,,,,,,,,,,,,,,,,,,,,,,,,,,,,,,,,,,,,,,,,,,,,,,,,,
11.0,,,,,,,,,,,,,,,,Season_Total,0.0,,,,,,,,,,,,,,,,,,,,,,,,,,,,,,,,,,,,,,,,,,,,,,,,,,,,,,,,,,,,,,,,,,,,,,,,,,,,,,,,,,,,
12.0,,,,,,,,,,,,,,,,Season_Total,0.0,,,,,,,,,,,,,,,,,,,,,,,,,,,,,,,,,,,,,,,,,,,,,,,,,,,,,,,,,,,,,,,,,,,,,,,,,,,,,,,,,,,,
13.0,,,,,,,,,,,,,,,,Season_Total,0.0,,,,,,,,,,,,,,,,,,,,,,,,,,,,,,,,,,,,,,,,,,,,,,,,,,,,,,,,,,,,,,,,,,,,,,,,,,,,,,,,,,,,
14.0,,,,,,,,,,,,,,,,Season_Total,0.0,,,,,,,,,,,,,,,,,,,,,,,,,,,,,,,,,,,,,,,,,,,,,,,,,,,,,,,,,,,,,,,,,,,,,,,,,,,,,,,,,,,,
15.0,,,,,,,,,,,,,,,,Season_Total,0.0,,,,,,,,,,,,,,,,,,,,,,,,,,,,,,,,,,,,,,,,,,,,,,,,,,,,,,,,,,,,,,,,,,,,,,,,,,,,,,,,,,,,
16.0,,,,,,,,,,,,,,,,Season_Total,0.0,,,,,,,,,,,,,,,,,,,,,,,,,,,,,,,,,,,,,,,,,,,,,,,,,,,,,,,,,,,,,,,,,,,,,,,,,,,,,,,,,,,,
17.0,,,,,,,,,,,,,,,,Season_Total,0.0,,,,,,,,,,,,,,,,,,,,,,,,,,,,,,,,,,,,,,,,,,,,,,,,,,,,,,,,,,,,,,,,,,,,,,,,,,,,,,,,,,,,
18.0,,,,,,,,,,,,,,,,Season_Total,0.0,,,,,,,,,,,,,,,,,,,,,,,,,,,,,,,,,,,,,,,,,,,,,,,,,,,,,,,,,,,,,,,,,,,,,,,,,,,,,,,,,,,,
19.0,,,,,,,,,,,,,,,,Season_Total,0.0,,,,,,,,,,,,,,,,,,,,,,,,,,,,,,,,,,,,,,,,,,,,,,,,,,,,,,,,,,,,,,,,,,,,,,,,,,,,,,,,,,,,
20.0,,,,,,,,,,,,,,,,Season_Total,0.0,,,,,,,,,,,,,,,,,,,,,,,,,,,,,,,,,,,,,,,,,,,,,,,,,,,,,,,,,,,,,,,,,,,,,,,,,,,,,,,,,,,,
21.0,,,,,,,,,,,,,,,,Season_Total,0.0,,,,,,,,,,,,,,,,,,,,,,,,,,,,,,,,,,,,,,,,,,,,,,,,,,,,,,,,,,,,,,,,,,,,,,,,,,,,,,,,,,,,
22.0,,,,,,,,,,,,,,,,Season_Total,0.0,,,,,,,,,,,,,,,,,,,,,,,,,,,,,,,,,,,,,,,,,,,,,,,,,,,,,,,,,,,,,,,,,,,,,,,,,,,,,,,,,,,,
23.0,,,,,,,,,,,,,,,,Season_Total,0.0,,,,,,,,,,,,,,,,,,,,,,,,,,,,,,,,,,,,,,,,,,,,,,,,,,,,,,,,,,,,,,,,,,,,,,,,,,,,,,,,,,,,
24.0,,,,,,,,,,,,,,,,Season_Total,0.0,,,,,,,,,,,,,,,,,,,,,,,,,,,,,,,,,,,,,,,,,,,,,,,,,,,,,,,,,,,,,,,,,,,,,,,,,,,,,,,,,,,,
25.0,,,,,,,,,,,,,,,,Season_Total,0.0,,,,,,,,,,,,,,,,,,,,,,,,,,,,,,,,,,,,,,,,,,,,,,,,,,,,,,,,,,,,,,,,,,,,,,,,,,,,,,,,,,,,
26.0,,,,,,,,,,,,,,,,Season_Total,0.0,,,,,,,,,,,,,,,,,,,,,,,,,,,,,,,,,,,,,,,,,,,,,,,,,,,,,,,,,,,,,,,,,,,,,,,,,,,,,,,,,,,,
27.0,,,,,,,,,,,,,,,,Season_Total,0.0,,,,,,,,,,,,,,,,,,,,,,,,,,,,,,,,,,,,,,,,,,,,,,,,,,,,,,,,,,,,,,,,,,,,,,,,,,,,,,,,,,,,
28.0,,,,,,,,,,,,,,,,Season_Total,0.0,,,,,,,,,,,,,,,,,,,,,,,,,,,,,,,,,,,,,,,,,,,,,,,,,,,,,,,,,,,,,,,,,,,,,,,,,,,,,,,,,,,,
29.0,,,,,,,,,,,,,,,,Season_Total,0.0,,,,,,,,,,,,,,,,,,,,,,,,,,,,,,,,,,,,,,,,,,,,,,,,,,,,,,,,,,,,,,,,,,,,,,,,,,,,,,,,,,,,
30.0,,,,,,,,,,,,,,,,Season_Total,0.0,,,,,,,,,,,,,,,,,,,,,,,,,,,,,,,,,,,,,,,,,,,,,,,,,,,,,,,,,,,,,,,,,,,,,,,,,,,,,,,,,,,,
31.0,,,,,,,,,,,,,,,,Season_Total,0.0,,,,,,,,,,,,,,,,,,,,,,,,,,,,,,,,,,,,,,,,,,,,,,,,,,,,,,,,,,,,,,,,,,,,,,,,,,,,,,,,,,,,
32.0,,,,,,,,,,,,,,,,Season_Total,0.0,,,,,,,,,,,,,,,,,,,,,,,,,,,,,,,,,,,,,,,,,,,,,,,,,,,,,,,,,,,,,,,,,,,,,,,,,,,,,,,,,,,,
33.0,,,,,,,,,,,,,,,,Season_Total,0.0,,,,,,,,,,,,,,,,,,,,,,,,,,,,,,,,,,,,,,,,,,,,,,,,,,,,,,,,,,,,,,,,,,,,,,,,,,,,,,,,,,,,
34.0,,,,,,,,,,,,,,,,Season_Total,0.0,,,,,,,,,,,,,,,,,,,,,,,,,,,,,,,,,,,,,,,,,,,,,,,,,,,,,,,,,,,,,,,,,,,,,,,,,,,,,,,,,,,,
35.0,,,,,,,,,,,,,,,,Season_Total,0.0,,,,,,,,,,,,,,,,,,,,,,,,,,,,,,,,,,,,,,,,,,,,,,,,,,,,,,,,,,,,,,,,,,,,,,,,,,,,,,,,,,,,
36.0,,,,,,,,,,,,,,,,Season_Total,0.0,,,,,,,,,,,,,,,,,,,,,,,,,,,,,,,,,,,,,,,,,,,,,,,,,,,,,,,,,,,,,,,,,,,,,,,,,,,,,,,,,,,,
37.0,,,,,,,,,,,,,,,,Season_Total,0.0,,,,,,,,,,,,,,,,,,,,,,,,,,,,,,,,,,,,,,,,,,,,,,,,,,,,,,,,,,,,,,,,,,,,,,,,,,,,,,,,,,,,
38.0,,,,,,,,,,,,,,,,Season_Total,0.0,,,,,,,,,,,,,,,,,,,,,,,,,,,,,,,,,,,,,,,,,,,,,,,,,,,,,,,,,,,,,,,,,,,,,,,,,,,,,,,,,,,,
39.0,,,,,,,,,,,,,,,,Season_Total,0.0,,,,,,,,,,,,,,,,,,,,,,,,,,,,,,,,,,,,,,,,,,,,,,,,,,,,,,,,,,,,,,,,,,,,,,,,,,,,,,,,,,,,
40.0,,,,,,,,,,,,,,,,Season_Total,0.0,,,,,,,,,,,,,,,,,,,,,,,,,,,,,,,,,,,,,,,,,,,,,,,,,,,,,,,,,,,,,,,,,,,,,,,,,,,,,,,,,,,,
41.0,,,,,,,,,,,,,,,,Season_Total,0.0,,,,,,,,,,,,,,,,,,,,,,,,,,,,,,,,,,,,,,,,,,,,,,,,,,,,,,,,,,,,,,,,,,,,,,,,,,,,,,,,,,,,
42.0,,,,,,,,,,,,,,,,Season_Total,0.0,,,,,,,,,,,,,,,,,,,,,,,,,,,,,,,,,,,,,,,,,,,,,,,,,,,,,,,,,,,,,,,,,,,,,,,,,,,,,,,,,,,,
43.0,,,,,,,,,,,,,,,,Season_Total,0.0,,,,,,,,,,,,,,,,,,,,,,,,,,,,,,,,,,,,,,,,,,,,,,,,,,,,,,,,,,,,,,,,,,,,,,,,,,,,,,,,,,,,
44.0,,,,,,,,,,,,,,,,Season_Total,0.0,,,,,,,,,,,,,,,,,,,,,,,,,,,,,,,,,,,,,,,,,,,,,,,,,,,,,,,,,,,,,,,,,,,,,,,,,,,,,,,,,,,,
45.0,,,,,,,,,,,,,,,,Season_Total,0.0,,,,,,,,,,,,,,,,,,,,,,,,,,,,,,,,,,,,,,,,,,,,,,,,,,,,,,,,,,,,,,,,,,,,,,,,,,,,,,,,,,,,
46.0,,,,,,,,,,,,,,,,Season_Total,0.0,,,,,,,,,,,,,,,,,,,,,,,,,,,,,,,,,,,,,,,,,,,,,,,,,,,,,,,,,,,,,,,,,,,,,,,,,,,,,,,,,,,,
47.0,,,,,,,,,,,,,,,,Season_Total,0.0,,,,,,,,,,,,,,,,,,,,,,,,,,,,,,,,,,,,,,,,,,,,,,,,,,,,,,,,,,,,,,,,,,,,,,,,,,,,,,,,,,,,
48.0,,,,,,,,,,,,,,,,Season_Total,0.0,,,,,,,,,,,,,,,,,,,,,,,,,,,,,,,,,,,,,,,,,,,,,,,,,,,,,,,,,,,,,,,,,,,,,,,,,,,,,,,,,,,,
49.0,,,,,,,,,,,,,,,,Season_Total,0.0,,,,,,,,,,,,,,,,,,,,,,,,,,,,,,,,,,,,,,,,,,,,,,,,,,,,,,,,,,,,,,,,,,,,,,,,,,,,,,,,,,,,
50.0,,,,,,,,,,,,,,,,Season_Total,0.0,,,,,,,,,,,,,,,,,,,,,,,,,,,,,,,,,,,,,,,,,,,,,,,,,,,,,,,,,,,,,,,,,,,,,,,,,,,,,,,,,,,,
51.0,,,,,,,,,,,,,,,,Season_Total,0.0,,,,,,,,,,,,,,,,,,,,,,,,,,,,,,,,,,,,,,,,,,,,,,,,,,,,,,,,,,,,,,,,,,,,,,,,,,,,,,,,,,,,
52.0,,,,,,,,,,,,,,,,Season_Total,0.0,,,,,,,,,,,,,,,,,,,,,,,,,,,,,,,,,,,,,,,,,,,,,,,,,,,,,,,,,,,,,,,,,,,,,,,,,,,,,,,,,,,,
53.0,,,,,,,,,,,,,,,,Season_Total,0.0,,,,,,,,,,,,,,,,,,,,,,,,,,,,,,,,,,,,,,,,,,,,,,,,,,,,,,,,,,,,,,,,,,,,,,,,,,,,,,,,,,,,
54.0,,,,,,,,,,,,,,,,Season_Total,0.0,,,,,,,,,,,,,,,,,,,,,,,,,,,,,,,,,,,,,,,,,,,,,,,,,,,,,,,,,,,,,,,,,,,,,,,,,,,,,,,,,,,,
55.0,,,,,,,,,,,,,,,,Season_Total,0.0,,,,,,,,,,,,,,,,,,,,,,,,,,,,,,,,,,,,,,,,,,,,,,,,,,,,,,,,,,,,,,,,,,,,,,,,,,,,,,,,,,,,
56.0,,,,,,,,,,,,,,,,Season_Total,0.0,,,,,,,,,,,,,,,,,,,,,,,,,,,,,,,,,,,,,,,,,,,,,,,,,,,,,,,,,,,,,,,,,,,,,,,,,,,,,,,,,,,,
57.0,,,,,,,,,,,,,,,,Season_Total,0.0,,,,,,,,,,,,,,,,,,,,,,,,,,,,,,,,,,,,,,,,,,,,,,,,,,,,,,,,,,,,,,,,,,,,,,,,,,,,,,,,,,,,
58.0,,,,,,,,,,,,,,,,Season_Total,0.0,,,,,,,,,,,,,,,,,,,,,,,,,,,,,,,,,,,,,,,,,,,,,,,,,,,,,,,,,,,,,,,,,,,,,,,,,,,,,,,,,,,,
59.0,,,,,,,,,,,,,,,,Season_Total,0.0,,,,,,,,,,,,,,,,,,,,,,,,,,,,,,,,,,,,,,,,,,,,,,,,,,,,,,,,,,,,,,,,,,,,,,,,,,,,,,,,,,,,
60.0,,,,,,,,,,,,,,,,Season_Total,0.0,,,,,,,,,,,,,,,,,,,,,,,,,,,,,,,,,,,,,,,,,,,,,,,,,,,,,,,,,,,,,,,,,,,,,,,,,,,,,,,,,,,,
61.0,,,,,,,,,,,,,,,,Season_Total,0.0,,,,,,,,,,,,,,,,,,,,,,,,,,,,,,,,,,,,,,,,,,,,,,,,,,,,,,,,,,,,,,,,,,,,,,,,,,,,,,,,,,,,
62.0,,,,,,,,,,,,,,,,Season_Total,0.0,,,,,,,,,,,,,,,,,,,,,,,,,,,,,,,,,,,,,,,,,,,,,,,,,,,,,,,,,,,,,,,,,,,,,,,,,,,,,,,,,,,,
63.0,,,,,,,,,,,,,,,,Season_Total,0.0,,,,,,,,,,,,,,,,,,,,,,,,,,,,,,,,,,,,,,,,,,,,,,,,,,,,,,,,,,,,,,,,,,,,,,,,,,,,,,,,,,,,
64.0,,,,,,,,,,,,,,,,Season_Total,0.0,,,,,,,,,,,,,,,,,,,,,,,,,,,,,,,,,,,,,,,,,,,,,,,,,,,,,,,,,,,,,,,,,,,,,,,,,,,,,,,,,,,,
65.0,,,,,,,,,,,,,,,,Season_Total,0.0,,,,,,,,,,,,,,,,,,,,,,,,,,,,,,,,,,,,,,,,,,,,,,,,,,,,,,,,,,,,,,,,,,,,,,,,,,,,,,,,,,,,
66.0,,,,,,,,,,,,,,,,Season_Total,0.0,,,,,,,,,,,,,,,,,,,,,,,,,,,,,,,,,,,,,,,,,,,,,,,,,,,,,,,,,,,,,,,,,,,,,,,,,,,,,,,,,,,,
67.0,,,,,,,,,,,,,,,,Season_Total,0.0,,,,,,,,,,,,,,,,,,,,,,,,,,,,,,,,,,,,,,,,,,,,,,,,,,,,,,,,,,,,,,,,,,,,,,,,,,,,,,,,,,,,
68.0,,,,,,,,,,,,,,,,Season_Total,0.0,,,,,,,,,,,,,,,,,,,,,,,,,,,,,,,,,,,,,,,,,,,,,,,,,,,,,,,,,,,,,,,,,,,,,,,,,,,,,,,,,,,,
69.0,,,,,,,,,,,,,,,,Season_Total,0.0,,,,,,,,,,,,,,,,,,,,,,,,,,,,,,,,,,,,,,,,,,,,,,,,,,,,,,,,,,,,,,,,,,,,,,,,,,,,,,,,,,,,
70.0,,,,,,,,,,,,,,,,Season_Total,0.0,,,,,,,,,,,,,,,,,,,,,,,,,,,,,,,,,,,,,,,,,,,,,,,,,,,,,,,,,,,,,,,,,,,,,,,,,,,,,,,,,,,,
71.0,,,,,,,,,,,,,,,,Season_Total,0.0,,,,,,,,,,,,,,,,,,,,,,,,,,,,,,,,,,,,,,,,,,,,,,,,,,,,,,,,,,,,,,,,,,,,,,,,,,,,,,,,,,,,
72.0,,,,,,,,,,,,,,,,Season_Total,0.0,,,,,,,,,,,,,,,,,,,,,,,,,,,,,,,,,,,,,,,,,,,,,,,,,,,,,,,,,,,,,,,,,,,,,,,,,,,,,,,,,,,,
73.0,,,,,,,,,,,,,,,,Season_Total,0.0,,,,,,,,,,,,,,,,,,,,,,,,,,,,,,,,,,,,,,,,,,,,,,,,,,,,,,,,,,,,,,,,,,,,,,,,,,,,,,,,,,,,
74.0,,,,,,,,,,,,,,,,Season_Total,0.0,,,,,,,,,,,,,,,,,,,,,,,,,,,,,,,,,,,,,,,,,,,,,,,,,,,,,,,,,,,,,,,,,,,,,,,,,,,,,,,,,,,,
75.0,,,,,,,,,,,,,,,,Season_Total,0.0,,,,,,,,,,,,,,,,,,,,,,,,,,,,,,,,,,,,,,,,,,,,,,,,,,,,,,,,,,,,,,,,,,,,,,,,,,,,,,,,,,,,
76.0,,,,,,,,,,,,,,,,Season_Total,0.0,,,,,,,,,,,,,,,,,,,,,,,,,,,,,,,,,,,,,,,,,,,,,,,,,,,,,,,,,,,,,,,,,,,,,,,,,,,,,,,,,,,,
77.0,,,,,,,,,,,,,,,,Season_Total,0.0,,,,,,,,,,,,,,,,,,,,,,,,,,,,,,,,,,,,,,,,,,,,,,,,,,,,,,,,,,,,,,,,,,,,,,,,,,,,,,,,,,,,
78.0,,,,,,,,,,,,,,,,Season_Total,0.0,,,,,,,,,,,,,,,,,,,,,,,,,,,,,,,,,,,,,,,,,,,,,,,,,,,,,,,,,,,,,,,,,,,,,,,,,,,,,,,,,,,,
79.0,,,,,,,,,,,,,,,,Season_Total,0.0,,,,,,,,,,,,,,,,,,,,,,,,,,,,,,,,,,,,,,,,,,,,,,,,,,,,,,,,,,,,,,,,,,,,,,,,,,,,,,,,,,,,
80.0,,,,,,,,,,,,,,,,Season_Total,0.0,,,,,,,,,,,,,,,,,,,,,,,,,,,,,,,,,,,,,,,,,,,,,,,,,,,,,,,,,,,,,,,,,,,,,,,,,,,,,,,,,,,,
81.0,,,,,,,,,,,,,,,,Season_Total,0.0,,,,,,,,,,,,,,,,,,,,,,,,,,,,,,,,,,,,,,,,,,,,,,,,,,,,,,,,,,,,,,,,,,,,,,,,,,,,,,,,,,,,
82.0,,,,,,,,,,,,,,,,Season_Total,0.0,,,,,,,,,,,,,,,,,,,,,,,,,,,,,,,,,,,,,,,,,,,,,,,,,,,,,,,,,,,,,,,,,,,,,,,,,,,,,,,,,,,,
83.0,,,,,,,,,,,,,,,,Season_Total,0.0,,,,,,,,,,,,,,,,,,,,,,,,,,,,,,,,,,,,,,,,,,,,,,,,,,,,,,,,,,,,,,,,,,,,,,,,,,,,,,,,,,,,
84.0,,,,,,,,,,,,,,,,Season_Total,0.0,,,,,,,,,,,,,,,,,,,,,,,,,,,,,,,,,,,,,,,,,,,,,,,,,,,,,,,,,,,,,,,,,,,,,,,,,,,,,,,,,,,,
85.0,,,,,,,,,,,,,,,,Season_Total,0.0,,,,,,,,,,,,,,,,,,,,,,,,,,,,,,,,,,,,,,,,,,,,,,,,,,,,,,,,,,,,,,,,,,,,,,,,,,,,,,,,,,,,
86.0,,,,,,,,,,,,,,,,Season_Total,0.0,,,,,,,,,,,,,,,,,,,,,,,,,,,,,,,,,,,,,,,,,,,,,,,,,,,,,,,,,,,,,,,,,,,,,,,,,,,,,,,,,,,,
87.0,,,,,,,,,,,,,,,,Season_Total,0.0,,,,,,,,,,,,,,,,,,,,,,,,,,,,,,,,,,,,,,,,,,,,,,,,,,,,,,,,,,,,,,,,,,,,,,,,,,,,,,,,,,,,
88.0,,,,,,,,,,,,,,,,Season_Total,0.0,,,,,,,,,,,,,,,,,,,,,,,,,,,,,,,,,,,,,,,,,,,,,,,,,,,,,,,,,,,,,,,,,,,,,,,,,,,,,,,,,,,,
89.0,,,,,,,,,,,,,,,,Season_Total,0.0,,,,,,,,,,,,,,,,,,,,,,,,,,,,,,,,,,,,,,,,,,,,,,,,,,,,,,,,,,,,,,,,,,,,,,,,,,,,,,,,,,,,
90.0,,,,,,,,,,,,,,,,Season_Total,0.0,,,,,,,,,,,,,,,,,,,,,,,,,,,,,,,,,,,,,,,,,,,,,,,,,,,,,,,,,,,,,,,,,,,,,,,,,,,,,,,,,,,,
91.0,,,,,,,,,,,,,,,,Season_Total,0.0,,,,,,,,,,,,,,,,,,,,,,,,,,,,,,,,,,,,,,,,,,,,,,,,,,,,,,,,,,,,,,,,,,,,,,,,,,,,,,,,,,,,
92.0,,,,,,,,,,,,,,,,Season_Total,0.0,,,,,,,,,,,,,,,,,,,,,,,,,,,,,,,,,,,,,,,,,,,,,,,,,,,,,,,,,,,,,,,,,,,,,,,,,,,,,,,,,,,,
93.0,,,,,,,,,,,,,,,,Season_Total,0.0,,,,,,,,,,,,,,,,,,,,,,,,,,,,,,,,,,,,,,,,,,,,,,,,,,,,,,,,,,,,,,,,,,,,,,,,,,,,,,,,,,,,
94.0,,,,,,,,,,,,,,,,Season_Total,0.0,,,,,,,,,,,,,,,,,,,,,,,,,,,,,,,,,,,,,,,,,,,,,,,,,,,,,,,,,,,,,,,,,,,,,,,,,,,,,,,,,,,,
95.0,,,,,,,,,,,,,,,,Season_Total,0.0,,,,,,,,,,,,,,,,,,,,,,,,,,,,,,,,,,,,,,,,,,,,,,,,,,,,,,,,,,,,,,,,,,,,,,,,,,,,,,,,,,,,
96.0,,,,,,,,,,,,,,,,Season_Total,0.0,,,,,,,,,,,,,,,,,,,,,,,,,,,,,,,,,,,,,,,,,,,,,,,,,,,,,,,,,,,,,,,,,,,,,,,,,,,,,,,,,,,,
97.0,,,,,,,,,,,,,,,,Season_Total,0.0,,,,,,,,,,,,,,,,,,,,,,,,,,,,,,,,,,,,,,,,,,,,,,,,,,,,,,,,,,,,,,,,,,,,,,,,,,,,,,,,,,,,
98.0,,,,,,,,,,,,,,,,Season_Total,0.0,,,,,,,,,,,,,,,,,,,,,,,,,,,,,,,,,,,,,,,,,,,,,,,,,,,,,,,,,,,,,,,,,,,,,,,,,,,,,,,,,,,,
99.0,,,,,,,,,,,,,,,,Season_Total,0.0,,,,,,,,,,,,,,,,,,,,,,,,,,,,,,,,,,,,,,,,,,,,,,,,,,,,,,,,,,,,,,,,,,,,,,,,,,,,,,,,,,,,
100.0,,,,,,,,,,,,,,,,Season_Total,0.0,,,,,,,,,,,,,,,,,,,,,,,,,,,,,,,,,,,,,,,,,,,,,,,,,,,,,,,,,,,,,,,,,,,,,,,,,,,,,,,,,,,,
101.0,,,,,,,,,,,,,,,,Season_Total,0.0,,,,,,,,,,,,,,,,,,,,,,,,,,,,,,,,,,,,,,,,,,,,,,,,,,,,,,,,,,,,,,,,,,,,,,,,,,,,,,,,,,,,
102.0,,,,,,,,,,,,,,,,Season_Total,0.0,,,,,,,,,,,,,,,,,,,,,,,,,,,,,,,,,,,,,,,,,,,,,,,,,,,,,,,,,,,,,,,,,,,,,,,,,,,,,,,,,,,,
103.0,,,,,,,,,,,,,,,,Season_Total,0.0,,,,,,,,,,,,,,,,,,,,,,,,,,,,,,,,,,,,,,,,,,,,,,,,,,,,,,,,,,,,,,,,,,,,,,,,,,,,,,,,,,,,
104.0,,,,,,,,,,,,,,,,Season_Total,0.0,,,,,,,,,,,,,,,,,,,,,,,,,,,,,,,,,,,,,,,,,,,,,,,,,,,,,,,,,,,,,,,,,,,,,,,,,,,,,,,,,,,,
105.0,,,,,,,,,,,,,,,,Season_Total,0.0,,,,,,,,,,,,,,,,,,,,,,,,,,,,,,,,,,,,,,,,,,,,,,,,,,,,,,,,,,,,,,,,,,,,,,,,,,,,,,,,,,,,
106.0,,,,,,,,,,,,,,,,Season_Total,0.0,,,,,,,,,,,,,,,,,,,,,,,,,,,,,,,,,,,,,,,,,,,,,,,,,,,,,,,,,,,,,,,,,,,,,,,,,,,,,,,,,,,,
107.0,,,,,,,,,,,,,,,,Season_Total,0.0,,,,,,,,,,,,,,,,,,,,,,,,,,,,,,,,,,,,,,,,,,,,,,,,,,,,,,,,,,,,,,,,,,,,,,,,,,,,,,,,,,,,
108.0,,,,,,,,,,,,,,,,Season_Total,0.0,,,,,,,,,,,,,,,,,,,,,,,,,,,,,,,,,,,,,,,,,,,,,,,,,,,,,,,,,,,,,,,,,,,,,,,,,,,,,,,,,,,,
109.0,,,,,,,,,,,,,,,,Season_Total,0.0,,,,,,,,,,,,,,,,,,,,,,,,,,,,,,,,,,,,,,,,,,,,,,,,,,,,,,,,,,,,,,,,,,,,,,,,,,,,,,,,,,,,
110.0,,,,,,,,,,,,,,,,Season_Total,0.0,,,,,,,,,,,,,,,,,,,,,,,,,,,,,,,,,,,,,,,,,,,,,,,,,,,,,,,,,,,,,,,,,,,,,,,,,,,,,,,,,,,,
111.0,,,,,,,,,,,,,,,,Season_Total,0.0,,,,,,,,,,,,,,,,,,,,,,,,,,,,,,,,,,,,,,,,,,,,,,,,,,,,,,,,,,,,,,,,,,,,,,,,,,,,,,,,,,,,
112.0,,,,,,,,,,,,,,,,Season_Total,0.0,,,,,,,,,,,,,,,,,,,,,,,,,,,,,,,,,,,,,,,,,,,,,,,,,,,,,,,,,,,,,,,,,,,,,,,,,,,,,,,,,,,,
113.0,,,,,,,,,,,,,,,,Season_Total,0.0,,,,,,,,,,,,,,,,,,,,,,,,,,,,,,,,,,,,,,,,,,,,,,,,,,,,,,,,,,,,,,,,,,,,,,,,,,,,,,,,,,,,
114.0,,,,,,,,,,,,,,,,Season_Total,0.0,,,,,,,,,,,,,,,,,,,,,,,,,,,,,,,,,,,,,,,,,,,,,,,,,,,,,,,,,,,,,,,,,,,,,,,,,,,,,,,,,,,,
115.0,,,,,,,,,,,,,,,,Season_Total,0.0,,,,,,,,,,,,,,,,,,,,,,,,,,,,,,,,,,,,,,,,,,,,,,,,,,,,,,,,,,,,,,,,,,,,,,,,,,,,,,,,,,,,
116.0,,,,,,,,,,,,,,,,Season_Total,0.0,,,,,,,,,,,,,,,,,,,,,,,,,,,,,,,,,,,,,,,,,,,,,,,,,,,,,,,,,,,,,,,,,,,,,,,,,,,,,,,,,,,,
117.0,,,,,,,,,,,,,,,,Season_Total,0.0,,,,,,,,,,,,,,,,,,,,,,,,,,,,,,,,,,,,,,,,,,,,,,,,,,,,,,,,,,,,,,,,,,,,,,,,,,,,,,,,,,,,
118.0,,,,,,,,,,,,,,,,Season_Total,0.0,,,,,,,,,,,,,,,,,,,,,,,,,,,,,,,,,,,,,,,,,,,,,,,,,,,,,,,,,,,,,,,,,,,,,,,,,,,,,,,,,,,,
119.0,,,,,,,,,,,,,,,,Season_Total,0.0,,,,,,,,,,,,,,,,,,,,,,,,,,,,,,,,,,,,,,,,,,,,,,,,,,,,,,,,,,,,,,,,,,,,,,,,,,,,,,,,,,,,
120.0,,,,,,,,,,,,,,,,Season_Total,0.0,,,,,,,,,,,,,,,,,,,,,,,,,,,,,,,,,,,,,,,,,,,,,,,,,,,,,,,,,,,,,,,,,,,,,,,,,,,,,,,,,,,,
121.0,,,,,,,,,,,,,,,,Season_Total,0.0,,,,,,,,,,,,,,,,,,,,,,,,,,,,,,,,,,,,,,,,,,,,,,,,,,,,,,,,,,,,,,,,,,,,,,,,,,,,,,,,,,,,
1.0,S,,,,,,,,,,,,,1.0,,Season_Total,0.0,S,,,,,,,,,,,,,,,,,,,,,,,,,,,,,,,,,,,,,,,,,,,,,,,,,,,,,,,,,,,,,,,,,,,,,,,,,,,,,,,,,,,
2.0,K,,,R,-40.0,KO Rec,Return,TEXAS BROWN,,,,,,1.0,,Season_Total,0.0,K,,,,,,,,,,,,,,,,,,,,,,,,,,,,,,,,,,,,,,,,,,,,,,,,,,,,,,,,,,,,,,,,,,,,,,,,,,,,,,,,,,,
3.0,O,1.0,10.0,R,-35.0,Pass,Complete,FLA. BLUE,,R,,,,1.0,6.0,Season_Total,6.0,O,,,,,,,,,,,,,,,,,,,,,,,,,,,,,,,,,,,,,,,,,,,,,,,,,,,,,,,,,,,,,,,,,,,,,,,,,,,,,,,,,,,
4.0,O,2.0,4.0,R,-41.0,Pass,Complete,FLA. BLUE,,R,,,,1.0,4.0,Season_Total,4.0,O,,,,,,,,,,,,,,,,,,,,,,,,,,,,,,,,,,,,,,,,,,,,,,,,,,,,,,,,,,,,,,,,,,,,,,,,,,,,,,,,,,,
5.0,O,1.0,10.0,R,-45.0,Run,Rush,FLA. BLUE,,L,,,,1.0,8.0,Season_Total,8.0,O,,,,,,,,,,,,,,,,,,,,,,,,,,,,,,,,,,,,,,,,,,,,,,,,,,,,,,,,,,,,,,,,,,,,,,,,,,,,,,,,,,,
6.0,O,2.0,2.0,L,47.0,Run,Rush,IOWA BLACK,,R,,,,1.0,5.0,Season_Total,5.0,O,,,,,,,,,,,,,,,,,,,,,,,,,,,,,,,,,,,,,,,,,,,,,,,,,,,,,,,,,,,,,,,,,,,,,,,,,,,,,,,,,,,
7.0,O,1.0,10.0,L,42.0,Pass,Complete,IOWA BLACK,,R,,,,1.0,39.0,Season_Total,39.0,O,,,,,,,,,,,,,,,,,,,,,,,,,,,,,,,,,,,,,,,,,,,,,,,,,,,,,,,,,,,,,,,,,,,,,,,,,,,,,,,,,,,
8.0,O,1.0,3.0,R,3.0,Run,Rush,FLA. BLUE,,L,,,,1.0,0.0,Season_Total,0.0,O,,,,,,,,,,,,,,,,,,,,,,,,,,,,,,,,,,,,,,,,,,,,,,,,,,,,,,,,,,,,,,,,,,,,,,,,,,,,,,,,,,,
9.0,O,2.0,3.0,M,3.0,Run,"Rush, TD",IOWA BLACK,,L,,,,1.0,3.0,Season_Total,3.0,O,,,,,,,,,,,,,,,,,,,,,,,,,,,,,,,,,,,,,,,,,,,,,,,,,,,,,,,,,,,,,,,,,,,,,,,,,,,,,,,,,,,
10.0,K,,,M,3.0,Extra Pt.,Good,,,,,,,1.0,,Season_Total,0.0,K,,,,,,,,,,,,,,,,,,,,,,,,,,,,,,,,,,,,,,,,,,,,,,,,,,,,,,,,,,,,,,,,,,,,,,,,,,,,,,,,,,,
11.0,K,,,R,-40.0,KO,Return,,,,,,,1.0,,Season_Total,0.0,K,,,,,,,,,,,,,,,,,,,,,,,,,,,,,,,,,,,,,,,,,,,,,,,,,,,,,,,,,,,,,,,,,,,,,,,,,,,,,,,,,,,
12.0,D,1.0,10.0,R,-20.0,Pass,Complete,,,L,,,,1.0,1.0,Season_Total,1.0,D,,,,,,,,,,,,,,,,,,,,,,,,,,,,,,,,,,,,,,,,,,,,,,,,,,,,,,,,,,,,,,,,,,,,,,,,,,,,,,,,,,,
13.0,D,2.0,9.0,L,-21.0,Run,Rush,FLA. BLUE,,L,,,,1.0,-11.0,Season_Total,-11.0,D,,,,,,,,,,,,,,,,,,,,,,,,,,,,,,,,,,,,,,,,,,,,,,,,,,,,,,,,,,,,,,,,,,,,,,,,,,,,,,,,,,,
14.0,D,3.0,20.0,L,-10.0,Pass,Complete,FLA. BLUE,,L,,,,1.0,4.0,Season_Total,4.0,D,,,,,,,,,,,,,,,,,,,,,,,,,,,,,,,,,,,,,,,,,,,,,,,,,,,,,,,,,,,,,,,,,,,,,,,,,,,,,,,,,,,
15.0,K,4.0,16.0,L,-14.0,Fake Punt,Safety,,,,,,,1.0,,Season_Total,0.0,K,,,,,,,,,,,,,,,,,,,,,,,,,,,,,,,,,,,,,,,,,,,,,,,,,,,,,,,,,,,,,,,,,,,,,,,,,,,,,,,,,,,
16.0,K,,,L,-20.0,KO Rec,Out of Bounds,,,,,,,1.0,,Season_Total,0.0,K,,,,,,,,,,,,,,,,,,,,,,,,,,,,,,,,,,,,,,,,,,,,,,,,,,,,,,,,,,,,,,,,,,,,,,,,,,,,,,,,,,,
17.0,O,1.0,10.0,R,-42.0,Pass,"Interception, Def TD",FLA. BLUE,,L,,,,1.0,,Season_Total,0.0,O,,,,,,,,,,,,,,,,,,,,,,,,,,,,,,,,,,,,,,,,,,,,,,,,,,,,,,,,,,,,,,,,,,,,,,,,,,,,,,,,,,,
18.0,K,,,M,18.0,2 Pt. Defend,No Good,FLA. BLUE,,R,,,,1.0,,Season_Total,0.0,K,,,,,,,,,,,,,,,,,,,,,,,,,,,,,,,,,,,,,,,,,,,,,,,,,,,,,,,,,,,,,,,,,,,,,,,,,,,,,,,,,,,
19.0,K,,,L,-40.0,KO Rec,Return,,,,,,,1.0,,Season_Total,0.0,K,,,,,,,,,,,,,,,,,,,,,,,,,,,,,,,,,,,,,,,,,,,,,,,,,,,,,,,,,,,,,,,,,,,,,,,,,,,,,,,,,,,
20.0,O,1.0,10.0,M,-36.0,Run,Rush,FLA. BLUE,,R,,,,1.0,13.0,Season_Total,13.0,O,,,,,,,,,,,,,,,,,,,,,,,,,,,,,,,,,,,,,,,,,,,,,,,,,,,,,,,,,,,,,,,,,,,,,,,,,,,,,,,,,,,
21.0,O,1.0,10.0,R,-49.0,Pass,Complete,FLA. BLUE,,R,,,,1.0,10.0,Season_Total,10.0,O,,,,,,,,,,,,,,,,,,,,,,,,,,,,,,,,,,,,,,,,,,,,,,,,,,,,,,,,,,,,,,,,,,,,,,,,,,,,,,,,,,,
22.0,O,1.0,10.0,R,41.0,Pass,Incomplete,IOWA BLACK,,L,,,,1.0,0.0,Season_Total,0.0,O,,,,,,,,,,,,,,,,,,,,,,,,,,,,,,,,,,,,,,,,,,,,,,,,,,,,,,,,,,,,,,,,,,,,,,,,,,,,,,,,,,,
23.0,O,2.0,10.0,R,41.0,Run,Rush,IOWA BLACK,,L,,,,1.0,19.0,Season_Total,19.0,O,,,,,,,,,,,,,,,,,,,,,,,,,,,,,,,,,,,,,,,,,,,,,,,,,,,,,,,,,,,,,,,,,,,,,,,,,,,,,,,,,,,
24.0,O,1.0,10.0,R,22.0,Run,Rush,FLA. BLUE,,L,,,,1.0,17.0,Season_Total,17.0,O,,,,,,,,,,,,,,,,,,,,,,,,,,,,,,,,,,,,,,,,,,,,,,,,,,,,,,,,,,,,,,,,,,,,,,,,,,,,,,,,,,,
25.0,O,1.0,5.0,M,5.0,Run,"Rush, TD",Twins Split,,L,,,,1.0,5.0,Season_Total,5.0,O,,,,,,,,,,,,,,,,,,,,,,,,,,,,,,,,,,,,,,,,,,,,,,,,,,,,,,,,,,,,,,,,,,,,,,,,,,,,,,,,,,,
26.0,K,,,M,3.0,Extra Pt.,Good,,,,,,,1.0,,Season_Total,0.0,K,,,,,,,,,,,,,,,,,,,,,,,,,,,,,,,,,,,,,,,,,,,,,,,,,,,,,,,,,,,,,,,,,,,,,,,,,,,,,,,,,,,
27.0,K,,,R,-40.0,KO,Touchback,,,,,,,1.0,,Season_Total,0.0,K,,,,,,,,,,,,,,,,,,,,,,,,,,,,,,,,,,,,,,,,,,,,,,,,,,,,,,,,,,,,,,,,,,,,,,,,,,,,,,,,,,,
28.0,D,1.0,10.0,M,-20.0,Pass,Scramble,FLA. BLUE,,L,,,,1.0,6.0,Season_Total,6.0,D,,,,,,,,,,,,,,,,,,,,,,,,,,,,,,,,,,,,,,,,,,,,,,,,,,,,,,,,,,,,,,,,,,,,,,,,,,,,,,,,,,,
29.0,D,2.0,4.0,L,-26.0,Run,Rush,FLA. BLUE,,R,,,,1.0,6.0,Season_Total,6.0,D,,,,,,,,,,,,,,,,,,,,,,,,,,,,,,,,,,,,,,,,,,,,,,,,,,,,,,,,,,,,,,,,,,,,,,,,,,,,,,,,,,,
30.0,D,1.0,10.0,R,-32.0,Run,Rush,FLA. BLUE,,R,,,,1.0,0.0,Season_Total,0.0,D,,,,,,,,,,,,,,,,,,,,,,,,,,,,,,,,,,,,,,,,,,,,,,,,,,,,,,,,,,,,,,,,,,,,,,,,,,,,,,,,,,,
31.0,D,2.0,10.0,R,-32.0,Run,Rush,FLA. BLUE,,R,,,,1.0,0.0,Season_Total,0.0,D,,,,,,,,,,,,,,,,,,,,,,,,,,,,,,,,,,,,,,,,,,,,,,,,,,,,,,,,,,,,,,,,,,,,,,,,,,,,,,,,,,,
32.0,D,3.0,10.0,R,-32.0,Pass,Complete,FLA. BLUE,,L,,,,1.0,-1.0,Season_Total,-1.0,D,,,,,,,,,,,,,,,,,,,,,,,,,,,,,,,,,,,,,,,,,,,,,,,,,,,,,,,,,,,,,,,,,,,,,,,,,,,,,,,,,,,
33.0,D,4.0,11.0,L,-31.0,,Timeout,TEXAS BROWN,,,,,,1.0,0.0,Season_Total,0.0,D,,,,,,,,,,,,,,,,,,,,,,,,,,,,,,,,,,,,,,,,,,,,,,,,,,,,,,,,,,,,,,,,,,,,,,,,,,,,,,,,,,,
34.0,K,4.0,11.0,L,-31.0,Punt Rec,Return,,,,,,,1.0,,Season_Total,0.0,K,,,,,,,,,,,,,,,,,,,,,,,,,,,,,,,,,,,,,,,,,,,,,,,,,,,,,,,,,,,,,,,,,,,,,,,,,,,,,,,,,,,
35.0,O,1.0,10.0,M,41.0,Pass,Incomplete,IOWA BLACK,,L,,,,1.0,0.0,Season_Total,0.0,O,,,,,,,,,,,,,,,,,,,,,,,,,,,,,,,,,,,,,,,,,,,,,,,,,,,,,,,,,,,,,,,,,,,,,,,,,,,,,,,,,,,
36.0,O,2.0,10.0,M,41.0,Run,Penalty,IOWA BLACK,,R,,,,1.0,18.0,Season_Total,18.0,O,,,,,,,,,,,,,,,,,,,,,,,,,,,,,,,,,,,,,,,,,,,,,,,,,,,,,,,,,,,,,,,,,,,,,,,,,,,,,,,,,,,
37.0,O,1.0,10.0,M,23.0,Pass,Penalty,FLA. BLUE,,L,,,,1.0,-10.0,Season_Total,-10.0,O,,,,,,,,,,,,,,,,,,,,,,,,,,,,,,,,,,,,,,,,,,,,,,,,,,,,,,,,,,,,,,,,,,,,,,,,,,,,,,,,,,,
38.0,O,1.0,20.0,M,33.0,Pass,Penalty,FLA. BLUE,,L,,,,1.0,5.0,Season_Total,5.0,O,,,,,,,,,,,,,,,,,,,,,,,,,,,,,,,,,,,,,,,,,,,,,,,,,,,,,,,,,,,,,,,,,,,,,,,,,,,,,,,,,,,
39.0,S,,,M,,,,IOWA BLACK,,,,,,1.0,,Season_Total,0.0,S,,,,,,,,,,,,,,,,,,,,,,,,,,,,,,,,,,,,,,,,,,,,,,,,,,,,,,,,,,,,,,,,,,,,,,,,,,,,,,,,,,,
40.0,O,2.0,15.0,M,28.0,Run,Rush,IOWA BLACK,,R,,,,1.0,6.0,Season_Total,6.0,O,,,,,,,,,,,,,,,,,,,,,,,,,,,,,,,,,,,,,,,,,,,,,,,,,,,,,,,,,,,,,,,,,,,,,,,,,,,,,,,,,,,
41.0,O,3.0,9.0,R,22.0,Pass,Complete,FLA. BLUE,,R,,,,1.0,8.0,Season_Total,8.0,O,,,,,,,,,,,,,,,,,,,,,,,,,,,,,,,,,,,,,,,,,,,,,,,,,,,,,,,,,,,,,,,,,,,,,,,,,,,,,,,,,,,
42.0,O,4.0,1.0,R,14.0,Run,Rush,IOWA BLACK,,R,,,,1.0,2.0,Season_Total,2.0,O,,,,,,,,,,,,,,,,,,,,,,,,,,,,,,,,,,,,,,,,,,,,,,,,,,,,,,,,,,,,,,,,,,,,,,,,,,,,,,,,,,,
43.0,O,1.0,10.0,R,12.0,Pass,Incomplete,IOWA BLACK,,R,,,,1.0,0.0,Season_Total,0.0,O,,,,,,,,,,,,,,,,,,,,,,,,,,,,,,,,,,,,,,,,,,,,,,,,,,,,,,,,,,,,,,,,,,,,,,,,,,,,,,,,,,,
44.0,O,2.0,10.0,R,12.0,Run,Rush,FLA. BLUE,,L,,,,1.0,8.0,Season_Total,8.0,O,,,,,,,,,,,,,,,,,,,,,,,,,,,,,,,,,,,,,,,,,,,,,,,,,,,,,,,,,,,,,,,,,,,,,,,,,,,,,,,,,,,
45.0,O,3.0,2.0,M,4.0,Run,Rush,FLA. BLUE,,L,,,,1.0,0.0,Season_Total,0.0,O,,,,,,,,,,,,,,,,,,,,,,,,,,,,,,,,,,,,,,,,,,,,,,,,,,,,,,,,,,,,,,,,,,,,,,,,,,,,,,,,,,,
46.0,O,4.0,2.0,M,4.0,Run,Rush,Twins Split,,L,,,,2.0,3.0,Season_Total,3.0,O,,,,,,,,,,,,,,,,,,,,,,,,,,,,,,,,,,,,,,,,,,,,,,,,,,,,,,,,,,,,,,,,,,,,,,,,,,,,,,,,,,,
47.0,O,1.0,1.0,M,1.0,Run,"Rush, TD",Twins Split,,R,,,,2.0,1.0,Season_Total,1.0,O,,,,,,,,,,,,,,,,,,,,,,,,,,,,,,,,,,,,,,,,,,,,,,,,,,,,,,,,,,,,,,,,,,,,,,,,,,,,,,,,,,,
48.0,K,,,M,3.0,Extra Pt.,Good,,,,,,,2.0,,Season_Total,0.0,K,,,,,,,,,,,,,,,,,,,,,,,,,,,,,,,,,,,,,,,,,,,,,,,,,,,,,,,,,,,,,,,,,,,,,,,,,,,,,,,,,,,
49.0,K,,,R,-40.0,KO,Touchback,,,,,,,2.0,,Season_Total,0.0,K,,,,,,,,,,,,,,,,,,,,,,,,,,,,,,,,,,,,,,,,,,,,,,,,,,,,,,,,,,,,,,,,,,,,,,,,,,,,,,,,,,,
50.0,D,1.0,10.0,M,-20.0,Run,Rush,TEXAS BROWN,,R,,,,2.0,15.0,Season_Total,15.0,D,,,,,,,,,,,,,,,,,,,,,,,,,,,,,,,,,,,,,,,,,,,,,,,,,,,,,,,,,,,,,,,,,,,,,,,,,,,,,,,,,,,
51.0,D,1.0,10.0,R,-35.0,Pass,"Complete, TD",TEXAS BROWN,,R,,,,2.0,65.0,Season_Total,65.0,D,,,,,,,,,,,,,,,,,,,,,,,,,,,,,,,,,,,,,,,,,,,,,,,,,,,,,,,,,,,,,,,,,,,,,,,,,,,,,,,,,,,
52.0,K,,,M,3.0,2 Pt. Defend,No Good,TEXAS BROWN,,R,,,,2.0,,Season_Total,0.0,K,,,,,,,,,,,,,,,,,,,,,,,,,,,,,,,,,,,,,,,,,,,,,,,,,,,,,,,,,,,,,,,,,,,,,,,,,,,,,,,,,,,
53.0,K,,,L,-40.0,KO Rec,Return,,,,,,,2.0,,Season_Total,0.0,K,,,,,,,,,,,,,,,,,,,,,,,,,,,,,,,,,,,,,,,,,,,,,,,,,,,,,,,,,,,,,,,,,,,,,,,,,,,,,,,,,,,
54.0,O,1.0,10.0,R,-36.0,Pass,Complete,FLA. BLUE,,L,,,,2.0,20.0,Season_Total,20.0,O,,,,,,,,,,,,,,,,,,,,,,,,,,,,,,,,,,,,,,,,,,,,,,,,,,,,,,,,,,,,,,,,,,,,,,,,,,,,,,,,,,,
55.0,O,1.0,10.0,L,44.0,Run,Rush,FLA. BLUE,,L,,,,2.0,2.0,Season_Total,2.0,O,,,,,,,,,,,,,,,,,,,,,,,,,,,,,,,,,,,,,,,,,,,,,,,,,,,,,,,,,,,,,,,,,,,,,,,,,,,,,,,,,,,
56.0,O,2.0,8.0,L,42.0,Pass,Complete,FLA. BLUE,,R,,,,2.0,12.0,Season_Total,12.0,O,,,,,,,,,,,,,,,,,,,,,,,,,,,,,,,,,,,,,,,,,,,,,,,,,,,,,,,,,,,,,,,,,,,,,,,,,,,,,,,,,,,
57.0,O,1.0,10.0,M,30.0,Pass,Interception,IOWA BLACK,,L,,,,2.0,,Season_Total,0.0,O,,,,,,,,,,,,,,,,,,,,,,,,,,,,,,,,,,,,,,,,,,,,,,,,,,,,,,,,,,,,,,,,,,,,,,,,,,,,,,,,,,,
58.0,D,1.0,10.0,R,-26.0,Pass,Scramble,TEXAS BROWN,,R,,,,2.0,19.0,Season_Total,19.0,D,,,,,,,,,,,,,,,,,,,,,,,,,,,,,,,,,,,,,,,,,,,,,,,,,,,,,,,,,,,,,,,,,,,,,,,,,,,,,,,,,,,
59.0,D,1.0,10.0,R,-45.0,,Penalty,TEXAS BROWN,,,,,,2.0,-5.0,Season_Total,-5.0,D,,,,,,,,,,,,,,,,,,,,,,,,,,,,,,,,,,,,,,,,,,,,,,,,,,,,,,,,,,,,,,,,,,,,,,,,,,,,,,,,,,,
60.0,D,1.0,15.0,R,-40.0,Pass,Complete,TEXAS BROWN,,L,,,,2.0,6.0,Season_Total,6.0,D,,,,,,,,,,,,,,,,,,,,,,,,,,,,,,,,,,,,,,,,,,,,,,,,,,,,,,,,,,,,,,,,,,,,,,,,,,,,,,,,,,,
61.0,D,2.0,9.0,R,-46.0,Pass,Scramble,TEXAS BROWN,,R,,,,2.0,3.0,Season_Total,3.0,D,,,,,,,,,,,,,,,,,,,,,,,,,,,,,,,,,,,,,,,,,,,,,,,,,,,,,,,,,,,,,,,,,,,,,,,,,,,,,,,,,,,
62.0,D,3.0,6.0,R,-49.0,Pass,Incomplete,TEXAS BROWN,,R,,,,2.0,0.0,Season_Total,0.0,D,,,,,,,,,,,,,,,,,,,,,,,,,,,,,,,,,,,,,,,,,,,,,,,,,,,,,,,,,,,,,,,,,,,,,,,,,,,,,,,,,,,
63.0,K,4.0,6.0,R,-49.0,Punt Rec,Touchback,,,,,,,2.0,51.0,Season_Total,51.0,K,,,,,,,,,,,,,,,,,,,,,,,,,,,,,,,,,,,,,,,,,,,,,,,,,,,,,,,,,,,,,,,,,,,,,,,,,,,,,,,,,,,
64.0,O,1.0,10.0,R,-20.0,Run,Rush,IOWA BLACK,,R,,,,2.0,42.0,Season_Total,42.0,O,,,,,,,,,,,,,,,,,,,,,,,,,,,,,,,,,,,,,,,,,,,,,,,,,,,,,,,,,,,,,,,,,,,,,,,,,,,,,,,,,,,
65.0,O,1.0,10.0,M,38.0,Pass,Complete,IOWA BLACK,,L,,,,2.0,6.0,Season_Total,6.0,O,,,,,,,,,,,,,,,,,,,,,,,,,,,,,,,,,,,,,,,,,,,,,,,,,,,,,,,,,,,,,,,,,,,,,,,,,,,,,,,,,,,
66.0,O,2.0,4.0,L,32.0,Pass,Complete,IOWA BLACK,,R,,,,2.0,-2.0,Season_Total,-2.0,O,,,,,,,,,,,,,,,,,,,,,,,,,,,,,,,,,,,,,,,,,,,,,,,,,,,,,,,,,,,,,,,,,,,,,,,,,,,,,,,,,,,
67.0,S,,,R,,,,,,,,,,2.0,,Season_Total,0.0,S,,,,,,,,,,,,,,,,,,,,,,,,,,,,,,,,,,,,,,,,,,,,,,,,,,,,,,,,,,,,,,,,,,,,,,,,,,,,,,,,,,,
68.0,O,3.0,6.0,R,34.0,Pass,Complete,FLA. BLUE,,L,,,,2.0,26.0,Season_Total,26.0,O,,,,,,,,,,,,,,,,,,,,,,,,,,,,,,,,,,,,,,,,,,,,,,,,,,,,,,,,,,,,,,,,,,,,,,,,,,,,,,,,,,,
69.0,O,1.0,8.0,L,8.0,Run,Rush,IOWA BLACK,,L,,,,2.0,6.0,Season_Total,6.0,O,,,,,,,,,,,,,,,,,,,,,,,,,,,,,,,,,,,,,,,,,,,,,,,,,,,,,,,,,,,,,,,,,,,,,,,,,,,,,,,,,,,
70.0,O,2.0,2.0,L,2.0,Run,Rush,IOWA BLACK,,L,,,,2.0,1.0,Season_Total,1.0,O,,,,,,,,,,,,,,,,,,,,,,,,,,,,,,,,,,,,,,,,,,,,,,,,,,,,,,,,,,,,,,,,,,,,,,,,,,,,,,,,,,,
71.0,O,3.0,1.0,L,1.0,Run,"Rush, TD",FLA. BLUE,,L,,,,2.0,1.0,Season_Total,1.0,O,,,,,,,,,,,,,,,,,,,,,,,,,,,,,,,,,,,,,,,,,,,,,,,,,,,,,,,,,,,,,,,,,,,,,,,,,,,,,,,,,,,
72.0,K,,,M,3.0,Extra Pt.,Good,,,,,,,2.0,,Season_Total,0.0,K,,,,,,,,,,,,,,,,,,,,,,,,,,,,,,,,,,,,,,,,,,,,,,,,,,,,,,,,,,,,,,,,,,,,,,,,,,,,,,,,,,,
73.0,S,,,M,,,,,,,,,,2.0,,Season_Total,0.0,S,,,,,,,,,,,,,,,,,,,,,,,,,,,,,,,,,,,,,,,,,,,,,,,,,,,,,,,,,,,,,,,,,,,,,,,,,,,,,,,,,,,
74.0,K,,,R,-40.0,KO,Touchback,,,,,,,2.0,,Season_Total,0.0,K,,,,,,,,,,,,,,,,,,,,,,,,,,,,,,,,,,,,,,,,,,,,,,,,,,,,,,,,,,,,,,,,,,,,,,,,,,,,,,,,,,,
75.0,D,1.0,10.0,L,-20.0,Pass,Incomplete,,,R,,,,2.0,0.0,Season_Total,0.0,D,,,,,,,,,,,,,,,,,,,,,,,,,,,,,,,,,,,,,,,,,,,,,,,,,,,,,,,,,,,,,,,,,,,,,,,,,,,,,,,,,,,
76.0,D,2.0,10.0,L,-20.0,Pass,Complete,TEXAS BROWN,,R,,,,2.0,18.0,Season_Total,18.0,D,,,,,,,,,,,,,,,,,,,,,,,,,,,,,,,,,,,,,,,,,,,,,,,,,,,,,,,,,,,,,,,,,,,,,,,,,,,,,,,,,,,
77.0,D,1.0,10.0,R,-38.0,Pass,Incomplete,TEXAS BROWN,,R,,,,2.0,0.0,Season_Total,0.0,D,,,,,,,,,,,,,,,,,,,,,,,,,,,,,,,,,,,,,,,,,,,,,,,,,,,,,,,,,,,,,,,,,,,,,,,,,,,,,,,,,,,
78.0,D,2.0,10.0,R,-38.0,,Timeout,,,,,,,2.0,0.0,Season_Total,0.0,D,,,,,,,,,,,,,,,,,,,,,,,,,,,,,,,,,,,,,,,,,,,,,,,,,,,,,,,,,,,,,,,,,,,,,,,,,,,,,,,,,,,
79.0,D,2.0,10.0,R,-38.0,Pass,Penalty,TEXAS BROWN,,R,,,,2.0,-10.0,Season_Total,-10.0,D,,,,,,,,,,,,,,,,,,,,,,,,,,,,,,,,,,,,,,,,,,,,,,,,,,,,,,,,,,,,,,,,,,,,,,,,,,,,,,,,,,,
80.0,D,2.0,20.0,R,-28.0,Pass,Complete,TEXAS BROWN,,R,,,,2.0,-1.0,Season_Total,-1.0,D,,,,,,,,,,,,,,,,,,,,,,,,,,,,,,,,,,,,,,,,,,,,,,,,,,,,,,,,,,,,,,,,,,,,,,,,,,,,,,,,,,,
81.0,D,3.0,21.0,R,-27.0,Pass,Complete,TEXAS BROWN,,L,,,,2.0,11.0,Season_Total,11.0,D,,,,,,,,,,,,,,,,,,,,,,,,,,,,,,,,,,,,,,,,,,,,,,,,,,,,,,,,,,,,,,,,,,,,,,,,,,,,,,,,,,,
82.0,D,4.0,10.0,L,-38.0,Run,Rush,TEXAS BROWN,,R,,,,2.0,-7.0,Season_Total,-7.0,D,,,,,,,,,,,,,,,,,,,,,,,,,,,,,,,,,,,,,,,,,,,,,,,,,,,,,,,,,,,,,,,,,,,,,,,,,,,,,,,,,,,
83.0,O,1.0,10.0,R,31.0,Pass,"Complete, TD",IOWA BLACK,,L,,,,2.0,31.0,Season_Total,31.0,O,,,,,,,,,,,,,,,,,,,,,,,,,,,,,,,,,,,,,,,,,,,,,,,,,,,,,,,,,,,,,,,,,,,,,,,,,,,,,,,,,,,
84.0,K,,,M,3.0,Extra Pt.,Good,,,,,,,2.0,,Season_Total,0.0,K,,,,,,,,,,,,,,,,,,,,,,,,,,,,,,,,,,,,,,,,,,,,,,,,,,,,,,,,,,,,,,,,,,,,,,,,,,,,,,,,,,,
85.0,K,,,R,-40.0,KO,Return,,,,,,,2.0,,Season_Total,0.0,K,,,,,,,,,,,,,,,,,,,,,,,,,,,,,,,,,,,,,,,,,,,,,,,,,,,,,,,,,,,,,,,,,,,,,,,,,,,,,,,,,,,
86.0,D,1.0,10.0,L,-10.0,Pass,Incomplete,TEXAS BROWN,,R,,,,2.0,0.0,Season_Total,0.0,D,,,,,,,,,,,,,,,,,,,,,,,,,,,,,,,,,,,,,,,,,,,,,,,,,,,,,,,,,,,,,,,,,,,,,,,,,,,,,,,,,,,
87.0,D,2.0,10.0,L,-10.0,Pass,Incomplete,FLA. BLUE,,R,,,,2.0,0.0,Season_Total,0.0,D,,,,,,,,,,,,,,,,,,,,,,,,,,,,,,,,,,,,,,,,,,,,,,,,,,,,,,,,,,,,,,,,,,,,,,,,,,,,,,,,,,,
88.0,D,3.0,10.0,L,-10.0,Pass,Incomplete,FLA. BLUE,,R,,,,2.0,0.0,Season_Total,0.0,D,,,,,,,,,,,,,,,,,,,,,,,,,,,,,,,,,,,,,,,,,,,,,,,,,,,,,,,,,,,,,,,,,,,,,,,,,,,,,,,,,,,
89.0,K,4.0,10.0,L,-10.0,Punt Rec,Return,,,,,,,2.0,,Season_Total,0.0,K,,,,,,,,,,,,,,,,,,,,,,,,,,,,,,,,,,,,,,,,,,,,,,,,,,,,,,,,,,,,,,,,,,,,,,,,,,,,,,,,,,,
90.0,O,1.0,10.0,R,32.0,Run,Rush,IOWA BLACK,,L,,,,2.0,1.0,Season_Total,1.0,O,,,,,,,,,,,,,,,,,,,,,,,,,,,,,,,,,,,,,,,,,,,,,,,,,,,,,,,,,,,,,,,,,,,,,,,,,,,,,,,,,,,
91.0,O,2.0,9.0,R,31.0,Pass,Complete,FLA. BLUE,,L,,,,2.0,4.0,Season_Total,4.0,O,,,,,,,,,,,,,,,,,,,,,,,,,,,,,,,,,,,,,,,,,,,,,,,,,,,,,,,,,,,,,,,,,,,,,,,,,,,,,,,,,,,
92.0,O,3.0,5.0,L,27.0,Pass,"Complete, TD",FLA. BLUE,,R,,,,2.0,27.0,Season_Total,27.0,O,,,,,,,,,,,,,,,,,,,,,,,,,,,,,,,,,,,,,,,,,,,,,,,,,,,,,,,,,,,,,,,,,,,,,,,,,,,,,,,,,,,
93.0,K,,,L,3.0,Extra Pt.,Good,,,,,,,2.0,,Season_Total,0.0,K,,,,,,,,,,,,,,,,,,,,,,,,,,,,,,,,,,,,,,,,,,,,,,,,,,,,,,,,,,,,,,,,,,,,,,,,,,,,,,,,,,,
94.0,K,,,R,-40.0,KO,Return,TEXAS BROWN,,,,,,2.0,,Season_Total,0.0,K,,,,,,,,,,,,,,,,,,,,,,,,,,,,,,,,,,,,,,,,,,,,,,,,,,,,,,,,,,,,,,,,,,,,,,,,,,,,,,,,,,,
95.0,S,,,,,,,,,,,,,2.0,,Season_Total,0.0,S,,,,,,,,,,,,,,,,,,,,,,,,,,,,,,,,,,,,,,,,,,,,,,,,,,,,,,,,,,,,,,,,,,,,,,,,,,,,,,,,,,,
96.0,D,1.0,10.0,M,-11.0,Pass,Complete,IOWA BLACK,,R,,,,2.0,2.0,Season_Total,2.0,D,,,,,,,,,,,,,,,,,,,,,,,,,,,,,,,,,,,,,,,,,,,,,,,,,,,,,,,,,,,,,,,,,,,,,,,,,,,,,,,,,,,
97.0,K,,,R,-40.0,KO,Return,,,,,,,3.0,,Season_Total,0.0,K,,,,,,,,,,,,,,,,,,,,,,,,,,,,,,,,,,,,,,,,,,,,,,,,,,,,,,,,,,,,,,,,,,,,,,,,,,,,,,,,,,,
98.0,D,1.0,10.0,M,-20.0,Run,Rush,TEXAS BROWN,,R,,,,3.0,4.0,Season_Total,4.0,D,,,,,,,,,,,,,,,,,,,,,,,,,,,,,,,,,,,,,,,,,,,,,,,,,,,,,,,,,,,,,,,,,,,,,,,,,,,,,,,,,,,
99.0,D,2.0,6.0,R,-24.0,Run,Rush,TEXAS BROWN,,L,,,,3.0,6.0,Season_Total,6.0,D,,,,,,,,,,,,,,,,,,,,,,,,,,,,,,,,,,,,,,,,,,,,,,,,,,,,,,,,,,,,,,,,,,,,,,,,,,,,,,,,,,,
100.0,D,1.0,10.0,L,-30.0,Run,Rush,TEXAS BROWN,,R,,,,3.0,6.0,Season_Total,6.0,D,,,,,,,,,,,,,,,,,,,,,,,,,,,,,,,,,,,,,,,,,,,,,,,,,,,,,,,,,,,,,,,,,,,,,,,,,,,,,,,,,,,
101.0,D,2.0,4.0,R,-36.0,Run,Rush,TEXAS BROWN,,R,,,,3.0,1.0,Season_Total,1.0,D,,,,,,,,,,,,,,,,,,,,,,,,,,,,,,,,,,,,,,,,,,,,,,,,,,,,,,,,,,,,,,,,,,,,,,,,,,,,,,,,,,,
102.0,D,3.0,3.0,R,-37.0,Pass,Complete,TEXAS BROWN,,L,,,,3.0,1.0,Season_Total,1.0,D,,,,,,,,,,,,,,,,,,,,,,,,,,,,,,,,,,,,,,,,,,,,,,,,,,,,,,,,,,,,,,,,,,,,,,,,,,,,,,,,,,,
103.0,D,4.0,2.0,R,-38.0,Run,Rush,TEXAS BROWN,,L,,,,3.0,-1.0,Season_Total,-1.0,D,,,,,,,,,,,,,,,,,,,,,,,,,,,,,,,,,,,,,,,,,,,,,,,,,,,,,,,,,,,,,,,,,,,,,,,,,,,,,,,,,,,
104.0,O,1.0,10.0,R,39.0,Run,Rush,IOWA BLACK,,L,,,,3.0,31.0,Season_Total,31.0,O,,,,,,,,,,,,,,,,,,,,,,,,,,,,,,,,,,,,,,,,,,,,,,,,,,,,,,,,,,,,,,,,,,,,,,,,,,,,,,,,,,,
105.0,O,1.0,8.0,L,8.0,Run,"Rush, TD",IOWA BLACK,,L,,,,3.0,8.0,Season_Total,8.0,O,,,,,,,,,,,,,,,,,,,,,,,,,,,,,,,,,,,,,,,,,,,,,,,,,,,,,,,,,,,,,,,,,,,,,,,,,,,,,,,,,,,
106.0,K,,,M,3.0,Extra Pt.,Good,,,,,,,3.0,,Season_Total,0.0,K,,,,,,,,,,,,,,,,,,,,,,,,,,,,,,,,,,,,,,,,,,,,,,,,,,,,,,,,,,,,,,,,,,,,,,,,,,,,,,,,,,,
107.0,K,,,R,-40.0,KO,Touchback,,,,,,,3.0,,Season_Total,0.0,K,,,,,,,,,,,,,,,,,,,,,,,,,,,,,,,,,,,,,,,,,,,,,,,,,,,,,,,,,,,,,,,,,,,,,,,,,,,,,,,,,,,
108.0,D,1.0,10.0,M,-20.0,Pass,Complete,TEXAS BROWN,,R,,,,3.0,18.0,Season_Total,18.0,D,,,,,,,,,,,,,,,,,,,,,,,,,,,,,,,,,,,,,,,,,,,,,,,,,,,,,,,,,,,,,,,,,,,,,,,,,,,,,,,,,,,
109.0,D,1.0,10.0,R,-38.0,Run,Rush,FLA. BLUE,,L,,,,3.0,0.0,Season_Total,0.0,D,,,,,,,,,,,,,,,,,,,,,,,,,,,,,,,,,,,,,,,,,,,,,,,,,,,,,,,,,,,,,,,,,,,,,,,,,,,,,,,,,,,
110.0,D,2.0,10.0,M,-38.0,,Penalty,TEXAS BROWN,,,,,,3.0,-5.0,Season_Total,-5.0,D,,,,,,,,,,,,,,,,,,,,,,,,,,,,,,,,,,,,,,,,,,,,,,,,,,,,,,,,,,,,,,,,,,,,,,,,,,,,,,,,,,,
111.0,D,2.0,15.0,M,-33.0,Pass,Incomplete,TEXAS BROWN,,R,,,,3.0,0.0,Season_Total,0.0,D,,,,,,,,,,,,,,,,,,,,,,,,,,,,,,,,,,,,,,,,,,,,,,,,,,,,,,,,,,,,,,,,,,,,,,,,,,,,,,,,,,,
112.0,D,3.0,15.0,M,-33.0,Pass,Complete,TEXAS BROWN,,L,,,,3.0,9.0,Season_Total,9.0,D,,,,,,,,,,,,,,,,,,,,,,,,,,,,,,,,,,,,,,,,,,,,,,,,,,,,,,,,,,,,,,,,,,,,,,,,,,,,,,,,,,,
113.0,D,4.0,6.0,M,-42.0,Pass,Incomplete,TEXAS BROWN,,R,,,,3.0,0.0,Season_Total,0.0,D,,,,,,,,,,,,,,,,,,,,,,,,,,,,,,,,,,,,,,,,,,,,,,,,,,,,,,,,,,,,,,,,,,,,,,,,,,,,,,,,,,,
114.0,O,1.0,10.0,M,42.0,Run,Rush,IOWA BLACK,,L,,,,4.0,5.0,Season_Total,5.0,O,,,,,,,,,,,,,,,,,,,,,,,,,,,,,,,,,,,,,,,,,,,,,,,,,,,,,,,,,,,,,,,,,,,,,,,,,,,,,,,,,,,
115.0,O,2.0,5.0,M,37.0,Run,Penalty,IOWA BLACK,,R,,,,4.0,-4.0,Season_Total,-4.0,O,,,,,,,,,,,,,,,,,,,,,,,,,,,,,,,,,,,,,,,,,,,,,,,,,,,,,,,,,,,,,,,,,,,,,,,,,,,,,,,,,,,
116.0,O,2.0,9.0,M,41.0,Run,Rush,FLA. BLUE,,L,,,,4.0,-3.0,Season_Total,-3.0,O,,,,,,,,,,,,,,,,,,,,,,,,,,,,,,,,,,,,,,,,,,,,,,,,,,,,,,,,,,,,,,,,,,,,,,,,,,,,,,,,,,,
117.0,O,3.0,12.0,L,44.0,Run,Rush,IOWA BLACK,,L,,,,4.0,-2.0,Season_Total,-2.0,O,,,,,,,,,,,,,,,,,,,,,,,,,,,,,,,,,,,,,,,,,,,,,,,,,,,,,,,,,,,,,,,,,,,,,,,,,,,,,,,,,,,
118.0,S,,,,,,,,,,,,,4.0,,Season_Total,0.0,S,,,,,,,,,,,,,,,,,,,,,,,,,,,,,,,,,,,,,,,,,,,,,,,,,,,,,,,,,,,,,,,,,,,,,,,,,,,,,,,,,,,
119.0,O,4.0,14.0,L,46.0,Run,Rush,IOWA BLACK,,R,,,,4.0,-3.0,Season_Total,-3.0,O,,,,,,,,,,,,,,,,,,,,,,,,,,,,,,,,,,,,,,,,,,,,,,,,,,,,,,,,,,,,,,,,,,,,,,,,,,,,,,,,,,,
120.0,D,1.0,10.0,M,49.0,Pass,Complete,TEXAS BROWN,,R,,,,4.0,7.0,Season_Total,7.0,D,,,,,,,,,,,,,,,,,,,,,,,,,,,,,,,,,,,,,,,,,,,,,,,,,,,,,,,,,,,,,,,,,,,,,,,,,,,,,,,,,,,
121.0,D,2.0,3.0,R,42.0,Run,Rush,TEXAS BROWN,,L,,,,4.0,-1.0,Season_Total,-1.0,D,,,,,,,,,,,,,,,,,,,,,,,,,,,,,,,,,,,,,,,,,,,,,,,,,,,,,,,,,,,,,,,,,,,,,,,,,,,,,,,,,,,
122.0,D,3.0,4.0,L,43.0,Run,Rush,TEXAS BROWN,,R,,,,4.0,-18.0,Season_Total,-18.0,D,,,,,,,,,,,,,,,,,,,,,,,,,,,,,,,,,,,,,,,,,,,,,,,,,,,,,,,,,,,,,,,,,,,,,,,,,,,,,,,,,,,
123.0,K,4.0,22.0,M,-39.0,Punt Rec,Downed,,,,,,,4.0,,Season_Total,0.0,K,,,,,,,,,,,,,,,,,,,,,,,,,,,,,,,,,,,,,,,,,,,,,,,,,,,,,,,,,,,,,,,,,,,,,,,,,,,,,,,,,,,
124.0,O,1.0,10.0,M,7.0,Run,Rush,IOWA BLACK,,R,,,,4.0,3.0,Season_Total,3.0,O,,,,,,,,,,,,,,,,,,,,,,,,,,,,,,,,,,,,,,,,,,,,,,,,,,,,,,,,,,,,,,,,,,,,,,,,,,,,,,,,,,,
125.0,O,2.0,7.0,M,4.0,Run,"Rush, Safety",WISCONSIN RED,,R,,,,4.0,,Season_Total,0.0,O,,,,,,,,,,,,,,,,,,,,,,,,,,,,,,,,,,,,,,,,,,,,,,,,,,,,,,,,,,,,,,,,,,,,,,,,,,,,,,,,,,,
126.0,S,,,,,,,,,,,,,4.0,,Season_Total,0.0,S,,,,,,,,,,,,,,,,,,,,,,,,,,,,,,,,,,,,,,,,,,,,,,,,,,,,,,,,,,,,,,,,,,,,,,,,,,,,,,,,,,,
127.0,K,,,R,-40.0,KO,Return,,,,,,,4.0,,Season_Total,0.0,K,,,,,,,,,,,,,,,,,,,,,,,,,,,,,,,,,,,,,,,,,,,,,,,,,,,,,,,,,,,,,,,,,,,,,,,,,,,,,,,,,,,
128.0,D,1.0,10.0,L,-32.0,Pass,Complete,Twins Split,,L,,,,4.0,10.0,Season_Total,10.0,D,,,,,,,,,,,,,,,,,,,,,,,,,,,,,,,,,,,,,,,,,,,,,,,,,,,,,,,,,,,,,,,,,,,,,,,,,,,,,,,,,,,
129.0,D,1.0,10.0,M,-42.0,Pass,Complete,Wyoming brown,,R,,,,4.0,3.0,Season_Total,3.0,D,,,,,,,,,,,,,,,,,,,,,,,,,,,,,,,,,,,,,,,,,,,,,,,,,,,,,,,,,,,,,,,,,,,,,,,,,,,,,,,,,,,
130.0,D,2.0,7.0,R,-45.0,Pass,Incomplete,TEXAS BROWN,,R,,,,4.0,0.0,Season_Total,0.0,D,,,,,,,,,,,,,,,,,,,,,,,,,,,,,,,,,,,,,,,,,,,,,,,,,,,,,,,,,,,,,,,,,,,,,,,,,,,,,,,,,,,
131.0,D,3.0,7.0,R,-45.0,Pass,Incomplete,TEXAS BROWN,,R,,,,4.0,0.0,Season_Total,0.0,D,,,,,,,,,,,,,,,,,,,,,,,,,,,,,,,,,,,,,,,,,,,,,,,,,,,,,,,,,,,,,,,,,,,,,,,,,,,,,,,,,,,
1.0,K,,,M,-40.0,Onside Kick,Return,,,,,,,1.0,,Shaw,0.0,K,,,,,,,,,,,,,,,,,,,,,,,,,,,,,,,,,,,,,,,,,,,,,,,,,,,,,,,,,,,,,,,,,,,,,,,,,,,,,,,,,,,
2.0,O,1.0,10.0,M,-45.0,Run,Rush,IOWA BLACK,,R,,,,1.0,2.0,Shaw,2.0,O,,,,,,,,,,,,,,,,,,,,,,,,,,,,,,,,,,,,,,,,,,,,,,,,,,,,,,,,,,,,,,,,,,,,,,,,,,,,,,,,,,,
3.0,O,2.0,8.0,R,-47.0,Run,Rush,IOWA BLACK,,R,,,,1.0,-4.0,Shaw,-4.0,O,,,,,,,,,,,,,,,,,,,,,,,,,,,,,,,,,,,,,,,,,,,,,,,,,,,,,,,,,,,,,,,,,,,,,,,,,,,,,,,,,,,
4.0,O,3.0,12.0,R,-43.0,Pass,Scramble,IOWA BLACK,,L,,,,1.0,3.0,Shaw,3.0,O,,,,,,,,,,,,,,,,,,,,,,,,,,,,,,,,,,,,,,,,,,,,,,,,,,,,,,,,,,,,,,,,,,,,,,,,,,,,,,,,,,,
5.0,S,,,,,,,,,,,,,1.0,,Shaw,0.0,S,,,,,,,,,,,,,,,,,,,,,,,,,,,,,,,,,,,,,,,,,,,,,,,,,,,,,,,,,,,,,,,,,,,,,,,,,,,,,,,,,,,
6.0,K,4.0,9.0,L,-46.0,Punt,Fair Catch,,,,,,,1.0,,Shaw,0.0,K,,,,,,,,,,,,,,,,,,,,,,,,,,,,,,,,,,,,,,,,,,,,,,,,,,,,,,,,,,,,,,,,,,,,,,,,,,,,,,,,,,,
7.0,O,1.0,10.0,M,-15.0,Run,Rush,Twins Split,,R,,,,1.0,2.0,Shaw,2.0,O,,,,,,,,,,,,,,,,,,,,,,,,,,,,,,,,,,,,,,,,,,,,,,,,,,,,,,,,,,,,,,,,,,,,,,,,,,,,,,,,,,,
8.0,O,2.0,8.0,R,-17.0,Run,Rush,Twins Split,,R,,,,1.0,-13.0,Shaw,-13.0,O,,,,,,,,,,,,,,,,,,,,,,,,,,,,,,,,,,,,,,,,,,,,,,,,,,,,,,,,,,,,,,,,,,,,,,,,,,,,,,,,,,,
9.0,O,3.0,21.0,R,-4.0,Run,Rush,IOWA BLACK,,R,,,,1.0,2.0,Shaw,2.0,O,,,,,,,,,,,,,,,,,,,,,,,,,,,,,,,,,,,,,,,,,,,,,,,,,,,,,,,,,,,,,,,,,,,,,,,,,,,,,,,,,,,
10.0,S,,,,,,,,,,,,,1.0,,Shaw,0.0,S,,,,,,,,,,,,,,,,,,,,,,,,,,,,,,,,,,,,,,,,,,,,,,,,,,,,,,,,,,,,,,,,,,,,,,,,,,,,,,,,,,,
11.0,K,4.0,19.0,R,-6.0,Punt Rec,Downed,IOWA BLACK,,,,,,1.0,,Shaw,0.0,K,,,,,,,,,,,,,,,,,,,,,,,,,,,,,,,,,,,,,,,,,,,,,,,,,,,,,,,,,,,,,,,,,,,,,,,,,,,,,,,,,,,
12.0,O,1.0,10.0,R,44.0,Run,Rush,Twins Split,,L,,,,1.0,9.0,Shaw,9.0,O,,,,,,,,,,,,,,,,,,,,,,,,,,,,,,,,,,,,,,,,,,,,,,,,,,,,,,,,,,,,,,,,,,,,,,,,,,,,,,,,,,,
13.0,O,2.0,1.0,M,35.0,Run,Rush,WISCONSIN RED,,R,,,,1.0,16.0,Shaw,16.0,O,,,,,,,,,,,,,,,,,,,,,,,,,,,,,,,,,,,,,,,,,,,,,,,,,,,,,,,,,,,,,,,,,,,,,,,,,,,,,,,,,,,
14.0,O,1.0,10.0,M,19.0,Run,"Rush, TD",Twins Split,,L,,,,1.0,19.0,Shaw,19.0,O,,,,,,,,,,,,,,,,,,,,,,,,,,,,,,,,,,,,,,,,,,,,,,,,,,,,,,,,,,,,,,,,,,,,,,,,,,,,,,,,,,,
15.0,K,,,M,3.0,Extra Pt.,Good,,,,,,,1.0,,Shaw,0.0,K,,,,,,,,,,,,,,,,,,,,,,,,,,,,,,,,,,,,,,,,,,,,,,,,,,,,,,,,,,,,,,,,,,,,,,,,,,,,,,,,,,,
16.0,K,,,M,-40.0,KO,Return,,,,,,,1.0,,Shaw,0.0,K,,,,,,,,,,,,,,,,,,,,,,,,,,,,,,,,,,,,,,,,,,,,,,,,,,,,,,,,,,,,,,,,,,,,,,,,,,,,,,,,,,,
17.0,D,1.0,10.0,L,45.0,Run,Rush,IOWA BLACK,,R,,,,1.0,4.0,Shaw,4.0,D,,,,,,,,,,,,,,,,,,,,,,,,,,,,,,,,,,,,,,,,,,,,,,,,,,,,,,,,,,,,,,,,,,,,,,,,,,,,,,,,,,,
18.0,D,2.0,6.0,R,41.0,Run,Penalty,IOWA BLACK,,L,,,,1.0,-6.0,Shaw,-6.0,D,,,,,,,,,,,,,,,,,,,,,,,,,,,,,,,,,,,,,,,,,,,,,,,,,,,,,,,,,,,,,,,,,,,,,,,,,,,,,,,,,,,
19.0,S,,,,,,,,,,,,,1.0,,Shaw,0.0,S,,,,,,,,,,,,,,,,,,,,,,,,,,,,,,,,,,,,,,,,,,,,,,,,,,,,,,,,,,,,,,,,,,,,,,,,,,,,,,,,,,,
20.0,D,2.0,12.0,R,47.0,,Penalty,IOWA BLACK,,,,,,1.0,-5.0,Shaw,-5.0,D,,,,,,,,,,,,,,,,,,,,,,,,,,,,,,,,,,,,,,,,,,,,,,,,,,,,,,,,,,,,,,,,,,,,,,,,,,,,,,,,,,,
21.0,S,,,,,,,,,,,,,1.0,,Shaw,0.0,S,,,,,,,,,,,,,,,,,,,,,,,,,,,,,,,,,,,,,,,,,,,,,,,,,,,,,,,,,,,,,,,,,,,,,,,,,,,,,,,,,,,
22.0,D,2.0,17.0,R,-48.0,Run,Penalty,IOWA BLACK,,L,,,,1.0,-5.0,Shaw,-5.0,D,,,,,,,,,,,,,,,,,,,,,,,,,,,,,,,,,,,,,,,,,,,,,,,,,,,,,,,,,,,,,,,,,,,,,,,,,,,,,,,,,,,
23.0,D,2.0,22.0,R,-43.0,Run,Rush,IOWA BLACK,,L,,,,1.0,-2.0,Shaw,-2.0,D,,,,,,,,,,,,,,,,,,,,,,,,,,,,,,,,,,,,,,,,,,,,,,,,,,,,,,,,,,,,,,,,,,,,,,,,,,,,,,,,,,,
24.0,D,3.0,24.0,L,-41.0,Run,Rush,IOWA BLACK,,L,,,,1.0,-27.0,Shaw,-27.0,D,,,,,,,,,,,,,,,,,,,,,,,,,,,,,,,,,,,,,,,,,,,,,,,,,,,,,,,,,,,,,,,,,,,,,,,,,,,,,,,,,,,
25.0,K,4.0,51.0,L,-14.0,Punt Rec,Downed,,,,,,,1.0,,Shaw,0.0,K,,,,,,,,,,,,,,,,,,,,,,,,,,,,,,,,,,,,,,,,,,,,,,,,,,,,,,,,,,,,,,,,,,,,,,,,,,,,,,,,,,,
26.0,O,1.0,10.0,M,49.0,Pass,Incomplete,WISCONSIN RED,,L,,,,1.0,0.0,Shaw,0.0,O,,,,,,,,,,,,,,,,,,,,,,,,,,,,,,,,,,,,,,,,,,,,,,,,,,,,,,,,,,,,,,,,,,,,,,,,,,,,,,,,,,,
27.0,O,2.0,10.0,M,49.0,Run,Rush,WISCONSIN RED,,L,,,,1.0,-1.0,Shaw,-1.0,O,,,,,,,,,,,,,,,,,,,,,,,,,,,,,,,,,,,,,,,,,,,,,,,,,,,,,,,,,,,,,,,,,,,,,,,,,,,,,,,,,,,
28.0,S,,,,,,,,,,,,,1.0,,Shaw,0.0,S,,,,,,,,,,,,,,,,,,,,,,,,,,,,,,,,,,,,,,,,,,,,,,,,,,,,,,,,,,,,,,,,,,,,,,,,,,,,,,,,,,,
29.0,O,3.0,11.0,M,50.0,Pass,Complete,IOWA BLACK,,L,,,,1.0,39.0,Shaw,39.0,O,,,,,,,,,,,,,,,,,,,,,,,,,,,,,,,,,,,,,,,,,,,,,,,,,,,,,,,,,,,,,,,,,,,,,,,,,,,,,,,,,,,
30.0,O,1.0,10.0,L,11.0,Run,Rush,Twins Split,,L,,,,1.0,7.0,Shaw,7.0,O,,,,,,,,,,,,,,,,,,,,,,,,,,,,,,,,,,,,,,,,,,,,,,,,,,,,,,,,,,,,,,,,,,,,,,,,,,,,,,,,,,,
31.0,O,2.0,3.0,L,4.0,,Timeout,,,,,,,1.0,0.0,Shaw,0.0,O,,,,,,,,,,,,,,,,,,,,,,,,,,,,,,,,,,,,,,,,,,,,,,,,,,,,,,,,,,,,,,,,,,,,,,,,,,,,,,,,,,,
32.0,O,2.0,3.0,L,4.0,Run,"Rush, TD",Wyoming brown,,L,,,,1.0,4.0,Shaw,4.0,O,,,,,,,,,,,,,,,,,,,,,,,,,,,,,,,,,,,,,,,,,,,,,,,,,,,,,,,,,,,,,,,,,,,,,,,,,,,,,,,,,,,
33.0,K,,,M,3.0,Extra Pt.,Block,,,,,,,1.0,,Shaw,0.0,K,,,,,,,,,,,,,,,,,,,,,,,,,,,,,,,,,,,,,,,,,,,,,,,,,,,,,,,,,,,,,,,,,,,,,,,,,,,,,,,,,,,
34.0,K,,,M,-40.0,KO,Return,,,,,,,1.0,,Shaw,0.0,K,,,,,,,,,,,,,,,,,,,,,,,,,,,,,,,,,,,,,,,,,,,,,,,,,,,,,,,,,,,,,,,,,,,,,,,,,,,,,,,,,,,
35.0,D,1.0,10.0,L,-48.0,Run,Rush,IOWA BLACK,,R,,,,1.0,4.0,Shaw,4.0,D,,,,,,,,,,,,,,,,,,,,,,,,,,,,,,,,,,,,,,,,,,,,,,,,,,,,,,,,,,,,,,,,,,,,,,,,,,,,,,,,,,,
36.0,D,2.0,6.0,M,48.0,Pass,Penalty,TEXAS BROWN,,L,,,,1.0,15.0,Shaw,15.0,D,,,,,,,,,,,,,,,,,,,,,,,,,,,,,,,,,,,,,,,,,,,,,,,,,,,,,,,,,,,,,,,,,,,,,,,,,,,,,,,,,,,
37.0,D,1.0,10.0,M,33.0,Run,Rush,TEXAS BROWN,,L,,,,1.0,-3.0,Shaw,-3.0,D,,,,,,,,,,,,,,,,,,,,,,,,,,,,,,,,,,,,,,,,,,,,,,,,,,,,,,,,,,,,,,,,,,,,,,,,,,,,,,,,,,,
38.0,D,2.0,13.0,M,36.0,Pass,Sack,TEXAS BROWN,,R,,,,1.0,-8.0,Shaw,-8.0,D,,,,,,,,,,,,,,,,,,,,,,,,,,,,,,,,,,,,,,,,,,,,,,,,,,,,,,,,,,,,,,,,,,,,,,,,,,,,,,,,,,,
39.0,S,,,,,,,,,,,,,1.0,,Shaw,0.0,S,,,,,,,,,,,,,,,,,,,,,,,,,,,,,,,,,,,,,,,,,,,,,,,,,,,,,,,,,,,,,,,,,,,,,,,,,,,,,,,,,,,
40.0,D,3.0,21.0,M,44.0,Pass,Scramble,IOWA BLACK,,R,,,,2.0,1.0,Shaw,1.0,D,,,,,,,,,,,,,,,,,,,,,,,,,,,,,,,,,,,,,,,,,,,,,,,,,,,,,,,,,,,,,,,,,,,,,,,,,,,,,,,,,,,
41.0,K,4.0,20.0,M,43.0,Punt Rec,Downed,,,,,,,2.0,,Shaw,0.0,K,,,,,,,,,,,,,,,,,,,,,,,,,,,,,,,,,,,,,,,,,,,,,,,,,,,,,,,,,,,,,,,,,,,,,,,,,,,,,,,,,,,
42.0,O,1.0,10.0,L,-3.0,Pass,Complete,Wyoming brown,,R,,,,2.0,21.0,Shaw,21.0,O,,,,,,,,,,,,,,,,,,,,,,,,,,,,,,,,,,,,,,,,,,,,,,,,,,,,,,,,,,,,,,,,,,,,,,,,,,,,,,,,,,,
43.0,O,1.0,10.0,R,-24.0,Run,Rush,Wyoming brown,,L,,,,2.0,5.0,Shaw,5.0,O,,,,,,,,,,,,,,,,,,,,,,,,,,,,,,,,,,,,,,,,,,,,,,,,,,,,,,,,,,,,,,,,,,,,,,,,,,,,,,,,,,,
44.0,O,2.0,5.0,M,-29.0,Run,Rush,Twins Split,,L,,,,2.0,2.0,Shaw,2.0,O,,,,,,,,,,,,,,,,,,,,,,,,,,,,,,,,,,,,,,,,,,,,,,,,,,,,,,,,,,,,,,,,,,,,,,,,,,,,,,,,,,,
45.0,O,3.0,3.0,L,-31.0,,Penalty,Twins Split,,,,,,2.0,-5.0,Shaw,-5.0,O,,,,,,,,,,,,,,,,,,,,,,,,,,,,,,,,,,,,,,,,,,,,,,,,,,,,,,,,,,,,,,,,,,,,,,,,,,,,,,,,,,,
46.0,O,3.0,8.0,L,-26.0,Pass,Incomplete,WISCONSIN RED,,R,,,,2.0,0.0,Shaw,0.0,O,,,,,,,,,,,,,,,,,,,,,,,,,,,,,,,,,,,,,,,,,,,,,,,,,,,,,,,,,,,,,,,,,,,,,,,,,,,,,,,,,,,
47.0,K,4.0,8.0,L,-26.0,Punt,Return,,,,,,,2.0,,Shaw,0.0,K,,,,,,,,,,,,,,,,,,,,,,,,,,,,,,,,,,,,,,,,,,,,,,,,,,,,,,,,,,,,,,,,,,,,,,,,,,,,,,,,,,,
48.0,D,1.0,10.0,M,-44.0,,Penalty,,,,,,,2.0,-5.0,Shaw,-5.0,D,,,,,,,,,,,,,,,,,,,,,,,,,,,,,,,,,,,,,,,,,,,,,,,,,,,,,,,,,,,,,,,,,,,,,,,,,,,,,,,,,,,
49.0,D,1.0,15.0,M,-39.0,Pass,Complete,IOWA BLACK,,L,,,,2.0,11.0,Shaw,11.0,D,,,,,,,,,,,,,,,,,,,,,,,,,,,,,,,,,,,,,,,,,,,,,,,,,,,,,,,,,,,,,,,,,,,,,,,,,,,,,,,,,,,
50.0,D,2.0,4.0,L,50.0,Run,Rush,Twins Split,,R,,,,2.0,-14.0,Shaw,-14.0,D,,,,,,,,,,,,,,,,,,,,,,,,,,,,,,,,,,,,,,,,,,,,,,,,,,,,,,,,,,,,,,,,,,,,,,,,,,,,,,,,,,,
51.0,D,3.0,18.0,L,-36.0,,Timeout,IOWA BLACK,,,,,,2.0,0.0,Shaw,0.0,D,,,,,,,,,,,,,,,,,,,,,,,,,,,,,,,,,,,,,,,,,,,,,,,,,,,,,,,,,,,,,,,,,,,,,,,,,,,,,,,,,,,
52.0,D,3.0,18.0,L,-36.0,Pass,Sack,IOWA BLACK,,L,,,,2.0,-5.0,Shaw,-5.0,D,,,,,,,,,,,,,,,,,,,,,,,,,,,,,,,,,,,,,,,,,,,,,,,,,,,,,,,,,,,,,,,,,,,,,,,,,,,,,,,,,,,
53.0,K,4.0,23.0,L,-31.0,Punt Rec,Fair Catch,,,,,,,2.0,,Shaw,0.0,K,,,,,,,,,,,,,,,,,,,,,,,,,,,,,,,,,,,,,,,,,,,,,,,,,,,,,,,,,,,,,,,,,,,,,,,,,,,,,,,,,,,
54.0,O,1.0,10.0,R,-38.0,Pass,Complete,WISCONSIN RED,,L,,,,2.0,11.0,Shaw,11.0,O,,,,,,,,,,,,,,,,,,,,,,,,,,,,,,,,,,,,,,,,,,,,,,,,,,,,,,,,,,,,,,,,,,,,,,,,,,,,,,,,,,,
55.0,O,1.0,10.0,L,-49.0,Run,Rush,Twins Split,,R,,,,2.0,31.0,Shaw,31.0,O,,,,,,,,,,,,,,,,,,,,,,,,,,,,,,,,,,,,,,,,,,,,,,,,,,,,,,,,,,,,,,,,,,,,,,,,,,,,,,,,,,,
56.0,O,1.0,10.0,L,20.0,Run,Fumble,Twins Split,,L,,,,2.0,-1.0,Shaw,-1.0,O,,,,,,,,,,,,,,,,,,,,,,,,,,,,,,,,,,,,,,,,,,,,,,,,,,,,,,,,,,,,,,,,,,,,,,,,,,,,,,,,,,,
57.0,D,1.0,10.0,R,-25.0,Run,Rush,IOWA BLACK,,L,,,,2.0,1.0,Shaw,1.0,D,,,,,,,,,,,,,,,,,,,,,,,,,,,,,,,,,,,,,,,,,,,,,,,,,,,,,,,,,,,,,,,,,,,,,,,,,,,,,,,,,,,
58.0,D,2.0,9.0,M,-26.0,Run,Rush,IOWA BLACK,,L,,,,2.0,-5.0,Shaw,-5.0,D,,,,,,,,,,,,,,,,,,,,,,,,,,,,,,,,,,,,,,,,,,,,,,,,,,,,,,,,,,,,,,,,,,,,,,,,,,,,,,,,,,,
59.0,D,3.0,14.0,M,-21.0,Run,Rush,IOWA BLACK,,L,,,,2.0,-4.0,Shaw,-4.0,D,,,,,,,,,,,,,,,,,,,,,,,,,,,,,,,,,,,,,,,,,,,,,,,,,,,,,,,,,,,,,,,,,,,,,,,,,,,,,,,,,,,
60.0,K,4.0,18.0,M,-17.0,Punt Rec,Return,IOWA BLACK,,,,,,2.0,,Shaw,0.0,K,,,,,,,,,,,,,,,,,,,,,,,,,,,,,,,,,,,,,,,,,,,,,,,,,,,,,,,,,,,,,,,,,,,,,,,,,,,,,,,,,,,
61.0,O,1.0,10.0,R,47.0,Run,Rush,Twins Split,,R,,,,2.0,-10.0,Shaw,-10.0,O,,,,,,,,,,,,,,,,,,,,,,,,,,,,,,,,,,,,,,,,,,,,,,,,,,,,,,,,,,,,,,,,,,,,,,,,,,,,,,,,,,,
62.0,O,2.0,20.0,R,-43.0,Pass,Incomplete,WISCONSIN RED,,R,,,,2.0,0.0,Shaw,0.0,O,,,,,,,,,,,,,,,,,,,,,,,,,,,,,,,,,,,,,,,,,,,,,,,,,,,,,,,,,,,,,,,,,,,,,,,,,,,,,,,,,,,
63.0,O,3.0,20.0,R,-43.0,Pass,Scramble,IOWA BLACK,,R,,,,2.0,12.0,Shaw,12.0,O,,,,,,,,,,,,,,,,,,,,,,,,,,,,,,,,,,,,,,,,,,,,,,,,,,,,,,,,,,,,,,,,,,,,,,,,,,,,,,,,,,,
64.0,O,4.0,8.0,R,45.0,Pass,Scramble,FLA. BLUE,,R,,,,2.0,16.0,Shaw,16.0,O,,,,,,,,,,,,,,,,,,,,,,,,,,,,,,,,,,,,,,,,,,,,,,,,,,,,,,,,,,,,,,,,,,,,,,,,,,,,,,,,,,,
65.0,O,1.0,10.0,R,29.0,Pass,Incomplete,FLA. BLUE,,R,,,,2.0,0.0,Shaw,0.0,O,,,,,,,,,,,,,,,,,,,,,,,,,,,,,,,,,,,,,,,,,,,,,,,,,,,,,,,,,,,,,,,,,,,,,,,,,,,,,,,,,,,
66.0,O,2.0,10.0,R,29.0,Pass,Sack,FLA. BLUE,,L,,,,2.0,-3.0,Shaw,-3.0,O,,,,,,,,,,,,,,,,,,,,,,,,,,,,,,,,,,,,,,,,,,,,,,,,,,,,,,,,,,,,,,,,,,,,,,,,,,,,,,,,,,,
67.0,O,3.0,13.0,L,32.0,Pass,Scramble,FLA. BLUE,,R,,,,2.0,13.0,Shaw,13.0,O,,,,,,,,,,,,,,,,,,,,,,,,,,,,,,,,,,,,,,,,,,,,,,,,,,,,,,,,,,,,,,,,,,,,,,,,,,,,,,,,,,,
68.0,S,,,,,,,,,,,,,2.0,,Shaw,0.0,S,,,,,,,,,,,,,,,,,,,,,,,,,,,,,,,,,,,,,,,,,,,,,,,,,,,,,,,,,,,,,,,,,,,,,,,,,,,,,,,,,,,
69.0,O,1.0,10.0,L,19.0,Pass,Penalty,FLA. BLUE,,R,,,,2.0,-10.0,Shaw,-10.0,O,,,,,,,,,,,,,,,,,,,,,,,,,,,,,,,,,,,,,,,,,,,,,,,,,,,,,,,,,,,,,,,,,,,,,,,,,,,,,,,,,,,
70.0,S,,,L,,,,,,,,,,2.0,,Shaw,0.0,S,,,,,,,,,,,,,,,,,,,,,,,,,,,,,,,,,,,,,,,,,,,,,,,,,,,,,,,,,,,,,,,,,,,,,,,,,,,,,,,,,,,
71.0,O,1.0,20.0,M,29.0,Pass,Scramble,IOWA BLACK,,L,,,,2.0,6.0,Shaw,6.0,O,,,,,,,,,,,,,,,,,,,,,,,,,,,,,,,,,,,,,,,,,,,,,,,,,,,,,,,,,,,,,,,,,,,,,,,,,,,,,,,,,,,
72.0,O,2.0,14.0,L,23.0,Pass,Incomplete,IOWA BLACK,,R,,,,2.0,0.0,Shaw,0.0,O,,,,,,,,,,,,,,,,,,,,,,,,,,,,,,,,,,,,,,,,,,,,,,,,,,,,,,,,,,,,,,,,,,,,,,,,,,,,,,,,,,,
73.0,O,3.0,14.0,L,23.0,,Timeout,,,,,,,2.0,0.0,Shaw,0.0,O,,,,,,,,,,,,,,,,,,,,,,,,,,,,,,,,,,,,,,,,,,,,,,,,,,,,,,,,,,,,,,,,,,,,,,,,,,,,,,,,,,,
74.0,O,3.0,14.0,L,23.0,Pass,Incomplete,FLA. BLUE,,R,,,,2.0,0.0,Shaw,0.0,O,,,,,,,,,,,,,,,,,,,,,,,,,,,,,,,,,,,,,,,,,,,,,,,,,,,,,,,,,,,,,,,,,,,,,,,,,,,,,,,,,,,
75.0,S,,,L,,,,,,,,,,2.0,,Shaw,0.0,S,,,,,,,,,,,,,,,,,,,,,,,,,,,,,,,,,,,,,,,,,,,,,,,,,,,,,,,,,,,,,,,,,,,,,,,,,,,,,,,,,,,
76.0,S,,,,,,,,,,,,,2.0,,Shaw,0.0,S,,,,,,,,,,,,,,,,,,,,,,,,,,,,,,,,,,,,,,,,,,,,,,,,,,,,,,,,,,,,,,,,,,,,,,,,,,,,,,,,,,,
77.0,S,,,,,,,,,,,,,2.0,,Shaw,0.0,S,,,,,,,,,,,,,,,,,,,,,,,,,,,,,,,,,,,,,,,,,,,,,,,,,,,,,,,,,,,,,,,,,,,,,,,,,,,,,,,,,,,
78.0,S,,,,,,,,,,,,,2.0,,Shaw,0.0,S,,,,,,,,,,,,,,,,,,,,,,,,,,,,,,,,,,,,,,,,,,,,,,,,,,,,,,,,,,,,,,,,,,,,,,,,,,,,,,,,,,,
79.0,S,,,,,,,,,,,,,2.0,,Shaw,0.0,S,,,,,,,,,,,,,,,,,,,,,,,,,,,,,,,,,,,,,,,,,,,,,,,,,,,,,,,,,,,,,,,,,,,,,,,,,,,,,,,,,,,
80.0,S,,,,,,,,,,,,,2.0,,Shaw,0.0,S,,,,,,,,,,,,,,,,,,,,,,,,,,,,,,,,,,,,,,,,,,,,,,,,,,,,,,,,,,,,,,,,,,,,,,,,,,,,,,,,,,,
81.0,S,,,,,,,,,,,,,2.0,,Shaw,0.0,S,,,,,,,,,,,,,,,,,,,,,,,,,,,,,,,,,,,,,,,,,,,,,,,,,,,,,,,,,,,,,,,,,,,,,,,,,,,,,,,,,,,
82.0,S,,,,,,,,,,,,,2.0,,Shaw,0.0,S,,,,,,,,,,,,,,,,,,,,,,,,,,,,,,,,,,,,,,,,,,,,,,,,,,,,,,,,,,,,,,,,,,,,,,,,,,,,,,,,,,,
83.0,S,,,,,,,,,,,,,2.0,,Shaw,0.0,S,,,,,,,,,,,,,,,,,,,,,,,,,,,,,,,,,,,,,,,,,,,,,,,,,,,,,,,,,,,,,,,,,,,,,,,,,,,,,,,,,,,
84.0,K,,,M,-40.0,KO,Recovered,,,,,,,3.0,,Shaw,0.0,K,,,,,,,,,,,,,,,,,,,,,,,,,,,,,,,,,,,,,,,,,,,,,,,,,,,,,,,,,,,,,,,,,,,,,,,,,,,,,,,,,,,
85.0,O,1.0,10.0,L,23.0,Run,Rush,Twins Split,,L,,,,3.0,-3.0,Shaw,-3.0,O,,,,,,,,,,,,,,,,,,,,,,,,,,,,,,,,,,,,,,,,,,,,,,,,,,,,,,,,,,,,,,,,,,,,,,,,,,,,,,,,,,,
86.0,O,2.0,13.0,L,26.0,Pass,"Complete, TD",Wyoming brown,,R,,,,3.0,26.0,Shaw,26.0,O,,,,,,,,,,,,,,,,,,,,,,,,,,,,,,,,,,,,,,,,,,,,,,,,,,,,,,,,,,,,,,,,,,,,,,,,,,,,,,,,,,,
87.0,S,,,,,,,,,,,,,3.0,,Shaw,0.0,S,,,,,,,,,,,,,,,,,,,,,,,,,,,,,,,,,,,,,,,,,,,,,,,,,,,,,,,,,,,,,,,,,,,,,,,,,,,,,,,,,,,
88.0,K,,,M,3.0,Extra Pt.,Good,,,,,,,3.0,,Shaw,0.0,K,,,,,,,,,,,,,,,,,,,,,,,,,,,,,,,,,,,,,,,,,,,,,,,,,,,,,,,,,,,,,,,,,,,,,,,,,,,,,,,,,,,
89.0,K,,,M,-40.0,KO,Return,,,,,,,3.0,,Shaw,0.0,K,,,,,,,,,,,,,,,,,,,,,,,,,,,,,,,,,,,,,,,,,,,,,,,,,,,,,,,,,,,,,,,,,,,,,,,,,,,,,,,,,,,
90.0,D,1.0,10.0,R,-32.0,Pass,Complete,IOWA BLACK,,L,,,,3.0,2.0,Shaw,2.0,D,,,,,,,,,,,,,,,,,,,,,,,,,,,,,,,,,,,,,,,,,,,,,,,,,,,,,,,,,,,,,,,,,,,,,,,,,,,,,,,,,,,
91.0,D,2.0,8.0,L,-34.0,Pass,Scramble,IOWA BLACK,,R,,,,3.0,15.0,Shaw,15.0,D,,,,,,,,,,,,,,,,,,,,,,,,,,,,,,,,,,,,,,,,,,,,,,,,,,,,,,,,,,,,,,,,,,,,,,,,,,,,,,,,,,,
92.0,D,1.0,10.0,R,-49.0,Pass,Incomplete,IOWA BLACK,,R,,,,3.0,0.0,Shaw,0.0,D,,,,,,,,,,,,,,,,,,,,,,,,,,,,,,,,,,,,,,,,,,,,,,,,,,,,,,,,,,,,,,,,,,,,,,,,,,,,,,,,,,,
93.0,D,2.0,10.0,R,-49.0,,Penalty,IOWA BLACK,,,,,,3.0,-5.0,Shaw,-5.0,D,,,,,,,,,,,,,,,,,,,,,,,,,,,,,,,,,,,,,,,,,,,,,,,,,,,,,,,,,,,,,,,,,,,,,,,,,,,,,,,,,,,
94.0,D,2.0,15.0,R,-44.0,,Penalty,IOWA BLACK,,,,,,3.0,-5.0,Shaw,-5.0,D,,,,,,,,,,,,,,,,,,,,,,,,,,,,,,,,,,,,,,,,,,,,,,,,,,,,,,,,,,,,,,,,,,,,,,,,,,,,,,,,,,,
95.0,D,2.0,20.0,R,-39.0,Pass,Sack,IOWA BLACK,,R,,,,3.0,-2.0,Shaw,-2.0,D,,,,,,,,,,,,,,,,,,,,,,,,,,,,,,,,,,,,,,,,,,,,,,,,,,,,,,,,,,,,,,,,,,,,,,,,,,,,,,,,,,,
96.0,D,3.0,22.0,R,-37.0,Pass,Complete,IOWA BLACK,,R,,,,3.0,19.0,Shaw,19.0,D,,,,,,,,,,,,,,,,,,,,,,,,,,,,,,,,,,,,,,,,,,,,,,,,,,,,,,,,,,,,,,,,,,,,,,,,,,,,,,,,,,,
97.0,D,4.0,3.0,R,44.0,Pass,Scramble,UTAH RED,,R,,,,3.0,2.0,Shaw,2.0,D,,,,,,,,,,,,,,,,,,,,,,,,,,,,,,,,,,,,,,,,,,,,,,,,,,,,,,,,,,,,,,,,,,,,,,,,,,,,,,,,,,,
98.0,O,1.0,10.0,L,-42.0,Run,Rush,UTAH RED,,L,,,,3.0,9.0,Shaw,9.0,O,,,,,,,,,,,,,,,,,,,,,,,,,,,,,,,,,,,,,,,,,,,,,,,,,,,,,,,,,,,,,,,,,,,,,,,,,,,,,,,,,,,
99.0,O,2.0,1.0,L,49.0,Run,Rush,Wyoming brown,,R,,,,3.0,-6.0,Shaw,-6.0,O,,,,,,,,,,,,,,,,,,,,,,,,,,,,,,,,,,,,,,,,,,,,,,,,,,,,,,,,,,,,,,,,,,,,,,,,,,,,,,,,,,,
100.0,O,3.0,7.0,L,-45.0,Pass,Penalty,IOWA BLACK,,L,,,,3.0,5.0,Shaw,5.0,O,,,,,,,,,,,,,,,,,,,,,,,,,,,,,,,,,,,,,,,,,,,,,,,,,,,,,,,,,,,,,,,,,,,,,,,,,,,,,,,,,,,
101.0,K,4.0,2.0,L,50.0,Fake Punt,Rush,,,R,,,,3.0,2.0,Shaw,2.0,K,,,,,,,,,,,,,,,,,,,,,,,,,,,,,,,,,,,,,,,,,,,,,,,,,,,,,,,,,,,,,,,,,,,,,,,,,,,,,,,,,,,
102.0,O,1.0,10.0,R,48.0,Run,Rush,Wyoming brown,,L,,,,3.0,0.0,Shaw,0.0,O,,,,,,,,,,,,,,,,,,,,,,,,,,,,,,,,,,,,,,,,,,,,,,,,,,,,,,,,,,,,,,,,,,,,,,,,,,,,,,,,,,,
103.0,O,2.0,10.0,R,48.0,Run,Rush,Twins Split,,L,,,,3.0,0.0,Shaw,0.0,O,,,,,,,,,,,,,,,,,,,,,,,,,,,,,,,,,,,,,,,,,,,,,,,,,,,,,,,,,,,,,,,,,,,,,,,,,,,,,,,,,,,
104.0,S,,,,,,,,,,,,,3.0,,Shaw,0.0,S,,,,,,,,,,,,,,,,,,,,,,,,,,,,,,,,,,,,,,,,,,,,,,,,,,,,,,,,,,,,,,,,,,,,,,,,,,,,,,,,,,,
105.0,O,3.0,10.0,M,48.0,Pass,Complete,FLA. BLUE,,R,,,,3.0,-4.0,Shaw,-4.0,O,,,,,,,,,,,,,,,,,,,,,,,,,,,,,,,,,,,,,,,,,,,,,,,,,,,,,,,,,,,,,,,,,,,,,,,,,,,,,,,,,,,
106.0,O,1.0,10.0,R,-48.0,,Penalty,IOWA BLACK,,,,,,3.0,-5.0,Shaw,-5.0,O,,,,,,,,,,,,,,,,,,,,,,,,,,,,,,,,,,,,,,,,,,,,,,,,,,,,,,,,,,,,,,,,,,,,,,,,,,,,,,,,,,,
107.0,O,1.0,15.0,R,-43.0,Pass,Scramble,IOWA BLACK,,R,,,,3.0,5.0,Shaw,5.0,O,,,,,,,,,,,,,,,,,,,,,,,,,,,,,,,,,,,,,,,,,,,,,,,,,,,,,,,,,,,,,,,,,,,,,,,,,,,,,,,,,,,
108.0,O,2.0,10.0,R,-48.0,Pass,Incomplete,IOWA BLACK,,L,,,,3.0,0.0,Shaw,0.0,O,,,,,,,,,,,,,,,,,,,,,,,,,,,,,,,,,,,,,,,,,,,,,,,,,,,,,,,,,,,,,,,,,,,,,,,,,,,,,,,,,,,
109.0,O,3.0,10.0,R,-48.0,Pass,Incomplete,IOWA BLACK,,L,,,,3.0,0.0,Shaw,0.0,O,,,,,,,,,,,,,,,,,,,,,,,,,,,,,,,,,,,,,,,,,,,,,,,,,,,,,,,,,,,,,,,,,,,,,,,,,,,,,,,,,,,
110.0,K,4.0,10.0,R,-48.0,Punt,Downed,,,,,,,3.0,,Shaw,0.0,K,,,,,,,,,,,,,,,,,,,,,,,,,,,,,,,,,,,,,,,,,,,,,,,,,,,,,,,,,,,,,,,,,,,,,,,,,,,,,,,,,,,
111.0,D,1.0,10.0,L,-26.0,Pass,Complete,IOWA BLACK,,R,,,,3.0,13.0,Shaw,13.0,D,,,,,,,,,,,,,,,,,,,,,,,,,,,,,,,,,,,,,,,,,,,,,,,,,,,,,,,,,,,,,,,,,,,,,,,,,,,,,,,,,,,
112.0,D,1.0,10.0,R,-39.0,Pass,Sack,IOWA BLACK,,R,,,,3.0,-8.0,Shaw,-8.0,D,,,,,,,,,,,,,,,,,,,,,,,,,,,,,,,,,,,,,,,,,,,,,,,,,,,,,,,,,,,,,,,,,,,,,,,,,,,,,,,,,,,
113.0,D,2.0,18.0,R,-31.0,Pass,Scramble,IOWA BLACK,,R,,,,3.0,-10.0,Shaw,-10.0,D,,,,,,,,,,,,,,,,,,,,,,,,,,,,,,,,,,,,,,,,,,,,,,,,,,,,,,,,,,,,,,,,,,,,,,,,,,,,,,,,,,,
114.0,D,2.0,28.0,R,-21.0,Pass,Complete,IOWA BLACK,,L,,,,3.0,21.0,Shaw,21.0,D,,,,,,,,,,,,,,,,,,,,,,,,,,,,,,,,,,,,,,,,,,,,,,,,,,,,,,,,,,,,,,,,,,,,,,,,,,,,,,,,,,,
115.0,S,,,,,,,,,,,,,3.0,,Shaw,0.0,S,,,,,,,,,,,,,,,,,,,,,,,,,,,,,,,,,,,,,,,,,,,,,,,,,,,,,,,,,,,,,,,,,,,,,,,,,,,,,,,,,,,
116.0,D,3.0,7.0,R,-42.0,,Penalty,TEXAS BROWN,,,,,,3.0,-5.0,Shaw,-5.0,D,,,,,,,,,,,,,,,,,,,,,,,,,,,,,,,,,,,,,,,,,,,,,,,,,,,,,,,,,,,,,,,,,,,,,,,,,,,,,,,,,,,
117.0,D,3.0,12.0,R,-37.0,Pass,Scramble,TEXAS BROWN,,L,,,,3.0,0.0,Shaw,0.0,D,,,,,,,,,,,,,,,,,,,,,,,,,,,,,,,,,,,,,,,,,,,,,,,,,,,,,,,,,,,,,,,,,,,,,,,,,,,,,,,,,,,
118.0,D,4.0,12.0,R,-37.0,,Timeout,,,,,,,3.0,0.0,Shaw,0.0,D,,,,,,,,,,,,,,,,,,,,,,,,,,,,,,,,,,,,,,,,,,,,,,,,,,,,,,,,,,,,,,,,,,,,,,,,,,,,,,,,,,,
119.0,D,4.0,12.0,R,-37.0,Pass,Incomplete,TEXAS BROWN,,R,,,,4.0,0.0,Shaw,0.0,D,,,,,,,,,,,,,,,,,,,,,,,,,,,,,,,,,,,,,,,,,,,,,,,,,,,,,,,,,,,,,,,,,,,,,,,,,,,,,,,,,,,
120.0,O,1.0,10.0,L,37.0,Run,Rush,Twins Split,,L,,,,4.0,4.0,Shaw,4.0,O,,,,,,,,,,,,,,,,,,,,,,,,,,,,,,,,,,,,,,,,,,,,,,,,,,,,,,,,,,,,,,,,,,,,,,,,,,,,,,,,,,,
121.0,O,2.0,6.0,L,33.0,Run,Rush,Twins Split,,L,,,,4.0,17.0,Shaw,17.0,O,,,,,,,,,,,,,,,,,,,,,,,,,,,,,,,,,,,,,,,,,,,,,,,,,,,,,,,,,,,,,,,,,,,,,,,,,,,,,,,,,,,
122.0,S,,,,,,,,,,,,,4.0,,Shaw,0.0,S,,,,,,,,,,,,,,,,,,,,,,,,,,,,,,,,,,,,,,,,,,,,,,,,,,,,,,,,,,,,,,,,,,,,,,,,,,,,,,,,,,,
123.0,O,1.0,10.0,L,16.0,Run,Rush,Twins Split,,L,,,,4.0,0.0,Shaw,0.0,O,,,,,,,,,,,,,,,,,,,,,,,,,,,,,,,,,,,,,,,,,,,,,,,,,,,,,,,,,,,,,,,,,,,,,,,,,,,,,,,,,,,
124.0,O,2.0,10.0,L,16.0,Run,Rush,Twins Split,,R,,,,4.0,1.0,Shaw,1.0,O,,,,,,,,,,,,,,,,,,,,,,,,,,,,,,,,,,,,,,,,,,,,,,,,,,,,,,,,,,,,,,,,,,,,,,,,,,,,,,,,,,,
125.0,O,3.0,9.0,M,15.0,Pass,Incomplete,Twins Split,,R,,,,4.0,0.0,Shaw,0.0,O,,,,,,,,,,,,,,,,,,,,,,,,,,,,,,,,,,,,,,,,,,,,,,,,,,,,,,,,,,,,,,,,,,,,,,,,,,,,,,,,,,,
126.0,O,4.0,9.0,M,15.0,Pass,Sack,FLA. BLUE,,R,,,,4.0,-1.0,Shaw,-1.0,O,,,,,,,,,,,,,,,,,,,,,,,,,,,,,,,,,,,,,,,,,,,,,,,,,,,,,,,,,,,,,,,,,,,,,,,,,,,,,,,,,,,
127.0,S,,,,,,,,,,,,,4.0,,Shaw,0.0,S,,,,,,,,,,,,,,,,,,,,,,,,,,,,,,,,,,,,,,,,,,,,,,,,,,,,,,,,,,,,,,,,,,,,,,,,,,,,,,,,,,,
128.0,D,1.0,10.0,M,-16.0,Run,Rush,IOWA BLACK,,L,,,,4.0,-1.0,Shaw,-1.0,D,,,,,,,,,,,,,,,,,,,,,,,,,,,,,,,,,,,,,,,,,,,,,,,,,,,,,,,,,,,,,,,,,,,,,,,,,,,,,,,,,,,
129.0,D,2.0,11.0,M,-15.0,Run,Rush,IOWA BLACK,,R,,,,4.0,-10.0,Shaw,-10.0,D,,,,,,,,,,,,,,,,,,,,,,,,,,,,,,,,,,,,,,,,,,,,,,,,,,,,,,,,,,,,,,,,,,,,,,,,,,,,,,,,,,,
130.0,D,3.0,21.0,M,-5.0,Run,"Rush, Safety",IOWA BLACK,,L,,,,4.0,-5.0,Shaw,-5.0,D,,,,,,,,,,,,,,,,,,,,,,,,,,,,,,,,,,,,,,,,,,,,,,,,,,,,,,,,,,,,,,,,,,,,,,,,,,,,,,,,,,,
131.0,S,,,,,,,,,,,,,4.0,,Shaw,0.0,S,,,,,,,,,,,,,,,,,,,,,,,,,,,,,,,,,,,,,,,,,,,,,,,,,,,,,,,,,,,,,,,,,,,,,,,,,,,,,,,,,,,
132.0,K,,,M,-20.0,KO Rec,Return,,,,,,,4.0,,Shaw,0.0,K,,,,,,,,,,,,,,,,,,,,,,,,,,,,,,,,,,,,,,,,,,,,,,,,,,,,,,,,,,,,,,,,,,,,,,,,,,,,,,,,,,,
133.0,O,1.0,10.0,L,2.0,Run,"Rush, TD",Twins Split,,R,,,,4.0,2.0,Shaw,2.0,O,,,,,,,,,,,,,,,,,,,,,,,,,,,,,,,,,,,,,,,,,,,,,,,,,,,,,,,,,,,,,,,,,,,,,,,,,,,,,,,,,,,
134.0,K,,,M,3.0,Extra Pt.,Good,,,,,,,4.0,,Shaw,0.0,K,,,,,,,,,,,,,,,,,,,,,,,,,,,,,,,,,,,,,,,,,,,,,,,,,,,,,,,,,,,,,,,,,,,,,,,,,,,,,,,,,,,
135.0,K,,,M,30.0,KO,Touchback,,,,,,,4.0,,Shaw,0.0,K,,,,,,,,,,,,,,,,,,,,,,,,,,,,,,,,,,,,,,,,,,,,,,,,,,,,,,,,,,,,,,,,,,,,,,,,,,,,,,,,,,,
136.0,D,1.0,10.0,M,-20.0,Pass,Incomplete,IOWA BLACK,,R,,,,4.0,0.0,Shaw,0.0,D,,,,,,,,,,,,,,,,,,,,,,,,,,,,,,,,,,,,,,,,,,,,,,,,,,,,,,,,,,,,,,,,,,,,,,,,,,,,,,,,,,,
137.0,D,2.0,10.0,M,-20.0,Pass,Interception,IOWA BLACK,,R,,,,4.0,,Shaw,0.0,D,,,,,,,,,,,,,,,,,,,,,,,,,,,,,,,,,,,,,,,,,,,,,,,,,,,,,,,,,,,,,,,,,,,,,,,,,,,,,,,,,,,
138.0,O,1.0,10.0,M,31.0,Run,Rush,Twins Split,,R,,,,4.0,0.0,Shaw,0.0,O,,,,,,,,,,,,,,,,,,,,,,,,,,,,,,,,,,,,,,,,,,,,,,,,,,,,,,,,,,,,,,,,,,,,,,,,,,,,,,,,,,,
139.0,O,2.0,10.0,R,31.0,,Penalty,WISCONSIN RED,,,,,,4.0,5.0,Shaw,5.0,O,,,,,,,,,,,,,,,,,,,,,,,,,,,,,,,,,,,,,,,,,,,,,,,,,,,,,,,,,,,,,,,,,,,,,,,,,,,,,,,,,,,
140.0,O,2.0,5.0,R,26.0,Run,Penalty,Twins Split,,L,,,,4.0,-9.0,Shaw,-9.0,O,,,,,,,,,,,,,,,,,,,,,,,,,,,,,,,,,,,,,,,,,,,,,,,,,,,,,,,,,,,,,,,,,,,,,,,,,,,,,,,,,,,
141.0,O,2.0,14.0,M,35.0,,Timeout,,,,,,,4.0,0.0,Shaw,0.0,O,,,,,,,,,,,,,,,,,,,,,,,,,,,,,,,,,,,,,,,,,,,,,,,,,,,,,,,,,,,,,,,,,,,,,,,,,,,,,,,,,,,
142.0,O,2.0,14.0,M,35.0,Pass,Complete,Twins Split,,R,,,,4.0,-15.0,Shaw,-15.0,O,,,,,,,,,,,,,,,,,,,,,,,,,,,,,,,,,,,,,,,,,,,,,,,,,,,,,,,,,,,,,,,,,,,,,,,,,,,,,,,,,,,
143.0,O,2.0,10.0,R,50.0,Pass,Incomplete,,,R,,,,4.0,0.0,Shaw,0.0,O,,,,,,,,,,,,,,,,,,,,,,,,,,,,,,,,,,,,,,,,,,,,,,,,,,,,,,,,,,,,,,,,,,,,,,,,,,,,,,,,,,,
144.0,O,3.0,10.0,R,50.0,Pass,Incomplete,FLA. BLUE,,L,,,,4.0,0.0,Shaw,0.0,O,,,,,,,,,,,,,,,,,,,,,,,,,,,,,,,,,,,,,,,,,,,,,,,,,,,,,,,,,,,,,,,,,,,,,,,,,,,,,,,,,,,
145.0,K,4.0,10.0,R,50.0,Punt,Downed,,,,,,,4.0,,Shaw,0.0,K,,,,,,,,,,,,,,,,,,,,,,,,,,,,,,,,,,,,,,,,,,,,,,,,,,,,,,,,,,,,,,,,,,,,,,,,,,,,,,,,,,,
146.0,D,1.0,10.0,R,-8.0,Run,Rush,IOWA BLACK,,L,,,,4.0,8.0,Shaw,8.0,D,,,,,,,,,,,,,,,,,,,,,,,,,,,,,,,,,,,,,,,,,,,,,,,,,,,,,,,,,,,,,,,,,,,,,,,,,,,,,,,,,,,
147.0,D,2.0,2.0,L,-16.0,Run,Rush,IOWA BLACK,,R,,,,4.0,-3.0,Shaw,-3.0,D,,,,,,,,,,,,,,,,,,,,,,,,,,,,,,,,,,,,,,,,,,,,,,,,,,,,,,,,,,,,,,,,,,,,,,,,,,,,,,,,,,,
148.0,D,3.0,5.0,M,-13.0,Run,Rush,IOWA BLACK,,R,,,,4.0,-7.0,Shaw,-7.0,D,,,,,,,,,,,,,,,,,,,,,,,,,,,,,,,,,,,,,,,,,,,,,,,,,,,,,,,,,,,,,,,,,,,,,,,,,,,,,,,,,,,
149.0,S,,,,,,,,,,,,,4.0,,Shaw,0.0,S,,,,,,,,,,,,,,,,,,,,,,,,,,,,,,,,,,,,,,,,,,,,,,,,,,,,,,,,,,,,,,,,,,,,,,,,,,,,,,,,,,,
150.0,O,4.0,12.0,M,-6.0,Run,Safety,,,R,,,,4.0,-6.0,Shaw,-6.0,O,,,,,,,,,,,,,,,,,,,,,,,,,,,,,,,,,,,,,,,,,,,,,,,,,,,,,,,,,,,,,,,,,,,,,,,,,,,,,,,,,,,
151.0,K,1.0,10.0,M,-20.0,KO Rec,Return,TEXAS BROWN,,,,,,4.0,,Shaw,0.0,K,,,,,,,,,,,,,,,,,,,,,,,,,,,,,,,,,,,,,,,,,,,,,,,,,,,,,,,,,,,,,,,,,,,,,,,,,,,,,,,,,,,
152.0,O,1.0,10.0,L,45.0,Run,Rush,Wyoming brown,,L,,,,4.0,4.0,Shaw,4.0,O,,,,,,,,,,,,,,,,,,,,,,,,,,,,,,,,,,,,,,,,,,,,,,,,,,,,,,,,,,,,,,,,,,,,,,,,,,,,,,,,,,,
153.0,O,2.0,6.0,L,41.0,Run,Rush,Wyoming brown,,L,,,,4.0,8.0,Shaw,8.0,O,,,,,,,,,,,,,,,,,,,,,,,,,,,,,,,,,,,,,,,,,,,,,,,,,,,,,,,,,,,,,,,,,,,,,,,,,,,,,,,,,,,
154.0,O,1.0,10.0,L,33.0,,Timeout,,,,,,,4.0,0.0,Shaw,0.0,O,,,,,,,,,,,,,,,,,,,,,,,,,,,,,,,,,,,,,,,,,,,,,,,,,,,,,,,,,,,,,,,,,,,,,,,,,,,,,,,,,,,
155.0,S,,,,,,,,,,,,,4.0,,Shaw,0.0,S,,,,,,,,,,,,,,,,,,,,,,,,,,,,,,,,,,,,,,,,,,,,,,,,,,,,,,,,,,,,,,,,,,,,,,,,,,,,,,,,,,,
1.0,,,,,,,,,,,,,,,,Shaw,0.0,,,,,,,,,,,,,,,,,,,,,,,,,,,,,,,,,,,,,,,,,,,,,,,,,,,,,,,,,,,,,,,,,,,,,,,,,,,,,,,,,,,,
2.0,,,,,,,,,,,,,,,,Shaw,0.0,,,,,,,,,,,,,,,,,,,,,,,,,,,,,,,,,,,,,,,,,,,,,,,,,,,,,,,,,,,,,,,,,,,,,,,,,,,,,,,,,,,,
3.0,,,,,,,,,,,,,,,,Shaw,0.0,,,,,,,,,,,,,,,,,,,,,,,,,,,,,,,,,,,,,,,,,,,,,,,,,,,,,,,,,,,,,,,,,,,,,,,,,,,,,,,,,,,,
4.0,,,,,,,,,,,,,,,,Shaw,0.0,,,,,,,,,,,,,,,,,,,,,,,,,,,,,,,,,,,,,,,,,,,,,,,,,,,,,,,,,,,,,,,,,,,,,,,,,,,,,,,,,,,,
5.0,,,,,,,,,,,,,,,,Shaw,0.0,,,,,,,,,,,,,,,,,,,,,,,,,,,,,,,,,,,,,,,,,,,,,,,,,,,,,,,,,,,,,,,,,,,,,,,,,,,,,,,,,,,,
6.0,,,,,,,,,,,,,,,,Shaw,0.0,,,,,,,,,,,,,,,,,,,,,,,,,,,,,,,,,,,,,,,,,,,,,,,,,,,,,,,,,,,,,,,,,,,,,,,,,,,,,,,,,,,,
7.0,,,,,,,,,,,,,,,,Shaw,0.0,,,,,,,,,,,,,,,,,,,,,,,,,,,,,,,,,,,,,,,,,,,,,,,,,,,,,,,,,,,,,,,,,,,,,,,,,,,,,,,,,,,,
8.0,,,,,,,,,,,,,,,,Shaw,0.0,,,,,,,,,,,,,,,,,,,,,,,,,,,,,,,,,,,,,,,,,,,,,,,,,,,,,,,,,,,,,,,,,,,,,,,,,,,,,,,,,,,,
9.0,,,,,,,,,,,,,,,,Shaw,0.0,,,,,,,,,,,,,,,,,,,,,,,,,,,,,,,,,,,,,,,,,,,,,,,,,,,,,,,,,,,,,,,,,,,,,,,,,,,,,,,,,,,,
10.0,,,,,,,,,,,,,,,,Shaw,0.0,,,,,,,,,,,,,,,,,,,,,,,,,,,,,,,,,,,,,,,,,,,,,,,,,,,,,,,,,,,,,,,,,,,,,,,,,,,,,,,,,,,,
11.0,,,,,,,,,,,,,,,,Shaw,0.0,,,,,,,,,,,,,,,,,,,,,,,,,,,,,,,,,,,,,,,,,,,,,,,,,,,,,,,,,,,,,,,,,,,,,,,,,,,,,,,,,,,,
12.0,,,,,,,,,,,,,,,,Shaw,0.0,,,,,,,,,,,,,,,,,,,,,,,,,,,,,,,,,,,,,,,,,,,,,,,,,,,,,,,,,,,,,,,,,,,,,,,,,,,,,,,,,,,,
13.0,,,,,,,,,,,,,,,,Shaw,0.0,,,,,,,,,,,,,,,,,,,,,,,,,,,,,,,,,,,,,,,,,,,,,,,,,,,,,,,,,,,,,,,,,,,,,,,,,,,,,,,,,,,,
14.0,,,,,,,,,,,,,,,,Shaw,0.0,,,,,,,,,,,,,,,,,,,,,,,,,,,,,,,,,,,,,,,,,,,,,,,,,,,,,,,,,,,,,,,,,,,,,,,,,,,,,,,,,,,,
15.0,,,,,,,,,,,,,,,,Shaw,0.0,,,,,,,,,,,,,,,,,,,,,,,,,,,,,,,,,,,,,,,,,,,,,,,,,,,,,,,,,,,,,,,,,,,,,,,,,,,,,,,,,,,,
16.0,,,,,,,,,,,,,,,,Shaw,0.0,,,,,,,,,,,,,,,,,,,,,,,,,,,,,,,,,,,,,,,,,,,,,,,,,,,,,,,,,,,,,,,,,,,,,,,,,,,,,,,,,,,,
17.0,,,,,,,,,,,,,,,,Shaw,0.0,,,,,,,,,,,,,,,,,,,,,,,,,,,,,,,,,,,,,,,,,,,,,,,,,,,,,,,,,,,,,,,,,,,,,,,,,,,,,,,,,,,,
18.0,,,,,,,,,,,,,,,,Shaw,0.0,,,,,,,,,,,,,,,,,,,,,,,,,,,,,,,,,,,,,,,,,,,,,,,,,,,,,,,,,,,,,,,,,,,,,,,,,,,,,,,,,,,,
19.0,,,,,,,,,,,,,,,,Shaw,0.0,,,,,,,,,,,,,,,,,,,,,,,,,,,,,,,,,,,,,,,,,,,,,,,,,,,,,,,,,,,,,,,,,,,,,,,,,,,,,,,,,,,,
20.0,,,,,,,,,,,,,,,,Shaw,0.0,,,,,,,,,,,,,,,,,,,,,,,,,,,,,,,,,,,,,,,,,,,,,,,,,,,,,,,,,,,,,,,,,,,,,,,,,,,,,,,,,,,,
21.0,,,,,,,,,,,,,,,,Shaw,0.0,,,,,,,,,,,,,,,,,,,,,,,,,,,,,,,,,,,,,,,,,,,,,,,,,,,,,,,,,,,,,,,,,,,,,,,,,,,,,,,,,,,,
22.0,,,,,,,,,,,,,,,,Shaw,0.0,,,,,,,,,,,,,,,,,,,,,,,,,,,,,,,,,,,,,,,,,,,,,,,,,,,,,,,,,,,,,,,,,,,,,,,,,,,,,,,,,,,,
23.0,,,,,,,,,,,,,,,,Shaw,0.0,,,,,,,,,,,,,,,,,,,,,,,,,,,,,,,,,,,,,,,,,,,,,,,,,,,,,,,,,,,,,,,,,,,,,,,,,,,,,,,,,,,,
24.0,,,,,,,,,,,,,,,,Shaw,0.0,,,,,,,,,,,,,,,,,,,,,,,,,,,,,,,,,,,,,,,,,,,,,,,,,,,,,,,,,,,,,,,,,,,,,,,,,,,,,,,,,,,,
25.0,,,,,,,,,,,,,,,,Shaw,0.0,,,,,,,,,,,,,,,,,,,,,,,,,,,,,,,,,,,,,,,,,,,,,,,,,,,,,,,,,,,,,,,,,,,,,,,,,,,,,,,,,,,,
26.0,,,,,,,,,,,,,,,,Shaw,0.0,,,,,,,,,,,,,,,,,,,,,,,,,,,,,,,,,,,,,,,,,,,,,,,,,,,,,,,,,,,,,,,,,,,,,,,,,,,,,,,,,,,,
27.0,,,,,,,,,,,,,,,,Shaw,0.0,,,,,,,,,,,,,,,,,,,,,,,,,,,,,,,,,,,,,,,,,,,,,,,,,,,,,,,,,,,,,,,,,,,,,,,,,,,,,,,,,,,,
28.0,,,,,,,,,,,,,,,,Shaw,0.0,,,,,,,,,,,,,,,,,,,,,,,,,,,,,,,,,,,,,,,,,,,,,,,,,,,,,,,,,,,,,,,,,,,,,,,,,,,,,,,,,,,,
29.0,,,,,,,,,,,,,,,,Shaw,0.0,,,,,,,,,,,,,,,,,,,,,,,,,,,,,,,,,,,,,,,,,,,,,,,,,,,,,,,,,,,,,,,,,,,,,,,,,,,,,,,,,,,,
30.0,,,,,,,,,,,,,,,,Shaw,0.0,,,,,,,,,,,,,,,,,,,,,,,,,,,,,,,,,,,,,,,,,,,,,,,,,,,,,,,,,,,,,,,,,,,,,,,,,,,,,,,,,,,,
31.0,,,,,,,,,,,,,,,,Shaw,0.0,,,,,,,,,,,,,,,,,,,,,,,,,,,,,,,,,,,,,,,,,,,,,,,,,,,,,,,,,,,,,,,,,,,,,,,,,,,,,,,,,,,,
32.0,,,,,,,,,,,,,,,,Shaw,0.0,,,,,,,,,,,,,,,,,,,,,,,,,,,,,,,,,,,,,,,,,,,,,,,,,,,,,,,,,,,,,,,,,,,,,,,,,,,,,,,,,,,,
33.0,,,,,,,,,,,,,,,,Shaw,0.0,,,,,,,,,,,,,,,,,,,,,,,,,,,,,,,,,,,,,,,,,,,,,,,,,,,,,,,,,,,,,,,,,,,,,,,,,,,,,,,,,,,,
34.0,,,,,,,,,,,,,,,,Shaw,0.0,,,,,,,,,,,,,,,,,,,,,,,,,,,,,,,,,,,,,,,,,,,,,,,,,,,,,,,,,,,,,,,,,,,,,,,,,,,,,,,,,,,,
35.0,,,,,,,,,,,,,,,,Shaw,0.0,,,,,,,,,,,,,,,,,,,,,,,,,,,,,,,,,,,,,,,,,,,,,,,,,,,,,,,,,,,,,,,,,,,,,,,,,,,,,,,,,,,,
36.0,,,,,,,,,,,,,,,,Shaw,0.0,,,,,,,,,,,,,,,,,,,,,,,,,,,,,,,,,,,,,,,,,,,,,,,,,,,,,,,,,,,,,,,,,,,,,,,,,,,,,,,,,,,,
37.0,,,,,,,,,,,,,,,,Shaw,0.0,,,,,,,,,,,,,,,,,,,,,,,,,,,,,,,,,,,,,,,,,,,,,,,,,,,,,,,,,,,,,,,,,,,,,,,,,,,,,,,,,,,,
38.0,,,,,,,,,,,,,,,,Shaw,0.0,,,,,,,,,,,,,,,,,,,,,,,,,,,,,,,,,,,,,,,,,,,,,,,,,,,,,,,,,,,,,,,,,,,,,,,,,,,,,,,,,,,,
39.0,,,,,,,,,,,,,,,,Shaw,0.0,,,,,,,,,,,,,,,,,,,,,,,,,,,,,,,,,,,,,,,,,,,,,,,,,,,,,,,,,,,,,,,,,,,,,,,,,,,,,,,,,,,,
40.0,,,,,,,,,,,,,,,,Shaw,0.0,,,,,,,,,,,,,,,,,,,,,,,,,,,,,,,,,,,,,,,,,,,,,,,,,,,,,,,,,,,,,,,,,,,,,,,,,,,,,,,,,,,,
41.0,,,,,,,,,,,,,,,,Shaw,0.0,,,,,,,,,,,,,,,,,,,,,,,,,,,,,,,,,,,,,,,,,,,,,,,,,,,,,,,,,,,,,,,,,,,,,,,,,,,,,,,,,,,,
42.0,,,,,,,,,,,,,,,,Shaw,0.0,,,,,,,,,,,,,,,,,,,,,,,,,,,,,,,,,,,,,,,,,,,,,,,,,,,,,,,,,,,,,,,,,,,,,,,,,,,,,,,,,,,,
43.0,,,,,,,,,,,,,,,,Shaw,0.0,,,,,,,,,,,,,,,,,,,,,,,,,,,,,,,,,,,,,,,,,,,,,,,,,,,,,,,,,,,,,,,,,,,,,,,,,,,,,,,,,,,,
44.0,,,,,,,,,,,,,,,,Shaw,0.0,,,,,,,,,,,,,,,,,,,,,,,,,,,,,,,,,,,,,,,,,,,,,,,,,,,,,,,,,,,,,,,,,,,,,,,,,,,,,,,,,,,,
45.0,,,,,,,,,,,,,,,,Shaw,0.0,,,,,,,,,,,,,,,,,,,,,,,,,,,,,,,,,,,,,,,,,,,,,,,,,,,,,,,,,,,,,,,,,,,,,,,,,,,,,,,,,,,,
46.0,,,,,,,,,,,,,,,,Shaw,0.0,,,,,,,,,,,,,,,,,,,,,,,,,,,,,,,,,,,,,,,,,,,,,,,,,,,,,,,,,,,,,,,,,,,,,,,,,,,,,,,,,,,,
47.0,,,,,,,,,,,,,,,,Shaw,0.0,,,,,,,,,,,,,,,,,,,,,,,,,,,,,,,,,,,,,,,,,,,,,,,,,,,,,,,,,,,,,,,,,,,,,,,,,,,,,,,,,,,,
48.0,,,,,,,,,,,,,,,,Shaw,0.0,,,,,,,,,,,,,,,,,,,,,,,,,,,,,,,,,,,,,,,,,,,,,,,,,,,,,,,,,,,,,,,,,,,,,,,,,,,,,,,,,,,,
49.0,,,,,,,,,,,,,,,,Shaw,0.0,,,,,,,,,,,,,,,,,,,,,,,,,,,,,,,,,,,,,,,,,,,,,,,,,,,,,,,,,,,,,,,,,,,,,,,,,,,,,,,,,,,,
50.0,,,,,,,,,,,,,,,,Shaw,0.0,,,,,,,,,,,,,,,,,,,,,,,,,,,,,,,,,,,,,,,,,,,,,,,,,,,,,,,,,,,,,,,,,,,,,,,,,,,,,,,,,,,,
51.0,,,,,,,,,,,,,,,,Shaw,0.0,,,,,,,,,,,,,,,,,,,,,,,,,,,,,,,,,,,,,,,,,,,,,,,,,,,,,,,,,,,,,,,,,,,,,,,,,,,,,,,,,,,,
52.0,,,,,,,,,,,,,,,,Shaw,0.0,,,,,,,,,,,,,,,,,,,,,,,,,,,,,,,,,,,,,,,,,,,,,,,,,,,,,,,,,,,,,,,,,,,,,,,,,,,,,,,,,,,,
53.0,,,,,,,,,,,,,,,,Shaw,0.0,,,,,,,,,,,,,,,,,,,,,,,,,,,,,,,,,,,,,,,,,,,,,,,,,,,,,,,,,,,,,,,,,,,,,,,,,,,,,,,,,,,,
54.0,,,,,,,,,,,,,,,,Shaw,0.0,,,,,,,,,,,,,,,,,,,,,,,,,,,,,,,,,,,,,,,,,,,,,,,,,,,,,,,,,,,,,,,,,,,,,,,,,,,,,,,,,,,,
55.0,,,,,,,,,,,,,,,,Shaw,0.0,,,,,,,,,,,,,,,,,,,,,,,,,,,,,,,,,,,,,,,,,,,,,,,,,,,,,,,,,,,,,,,,,,,,,,,,,,,,,,,,,,,,
56.0,,,,,,,,,,,,,,,,Shaw,0.0,,,,,,,,,,,,,,,,,,,,,,,,,,,,,,,,,,,,,,,,,,,,,,,,,,,,,,,,,,,,,,,,,,,,,,,,,,,,,,,,,,,,
57.0,,,,,,,,,,,,,,,,Shaw,0.0,,,,,,,,,,,,,,,,,,,,,,,,,,,,,,,,,,,,,,,,,,,,,,,,,,,,,,,,,,,,,,,,,,,,,,,,,,,,,,,,,,,,
58.0,,,,,,,,,,,,,,,,Shaw,0.0,,,,,,,,,,,,,,,,,,,,,,,,,,,,,,,,,,,,,,,,,,,,,,,,,,,,,,,,,,,,,,,,,,,,,,,,,,,,,,,,,,,,
59.0,,,,,,,,,,,,,,,,Shaw,0.0,,,,,,,,,,,,,,,,,,,,,,,,,,,,,,,,,,,,,,,,,,,,,,,,,,,,,,,,,,,,,,,,,,,,,,,,,,,,,,,,,,,,
60.0,,,,,,,,,,,,,,,,Shaw,0.0,,,,,,,,,,,,,,,,,,,,,,,,,,,,,,,,,,,,,,,,,,,,,,,,,,,,,,,,,,,,,,,,,,,,,,,,,,,,,,,,,,,,
61.0,,,,,,,,,,,,,,,,Shaw,0.0,,,,,,,,,,,,,,,,,,,,,,,,,,,,,,,,,,,,,,,,,,,,,,,,,,,,,,,,,,,,,,,,,,,,,,,,,,,,,,,,,,,,
62.0,,,,,,,,,,,,,,,,Shaw,0.0,,,,,,,,,,,,,,,,,,,,,,,,,,,,,,,,,,,,,,,,,,,,,,,,,,,,,,,,,,,,,,,,,,,,,,,,,,,,,,,,,,,,
63.0,,,,,,,,,,,,,,,,Shaw,0.0,,,,,,,,,,,,,,,,,,,,,,,,,,,,,,,,,,,,,,,,,,,,,,,,,,,,,,,,,,,,,,,,,,,,,,,,,,,,,,,,,,,,
64.0,,,,,,,,,,,,,,,,Shaw,0.0,,,,,,,,,,,,,,,,,,,,,,,,,,,,,,,,,,,,,,,,,,,,,,,,,,,,,,,,,,,,,,,,,,,,,,,,,,,,,,,,,,,,
65.0,,,,,,,,,,,,,,,,Shaw,0.0,,,,,,,,,,,,,,,,,,,,,,,,,,,,,,,,,,,,,,,,,,,,,,,,,,,,,,,,,,,,,,,,,,,,,,,,,,,,,,,,,,,,
66.0,,,,,,,,,,,,,,,,Shaw,0.0,,,,,,,,,,,,,,,,,,,,,,,,,,,,,,,,,,,,,,,,,,,,,,,,,,,,,,,,,,,,,,,,,,,,,,,,,,,,,,,,,,,,
67.0,,,,,,,,,,,,,,,,Shaw,0.0,,,,,,,,,,,,,,,,,,,,,,,,,,,,,,,,,,,,,,,,,,,,,,,,,,,,,,,,,,,,,,,,,,,,,,,,,,,,,,,,,,,,
68.0,,,,,,,,,,,,,,,,Shaw,0.0,,,,,,,,,,,,,,,,,,,,,,,,,,,,,,,,,,,,,,,,,,,,,,,,,,,,,,,,,,,,,,,,,,,,,,,,,,,,,,,,,,,,
69.0,,,,,,,,,,,,,,,,Shaw,0.0,,,,,,,,,,,,,,,,,,,,,,,,,,,,,,,,,,,,,,,,,,,,,,,,,,,,,,,,,,,,,,,,,,,,,,,,,,,,,,,,,,,,
70.0,,,,,,,,,,,,,,,,Shaw,0.0,,,,,,,,,,,,,,,,,,,,,,,,,,,,,,,,,,,,,,,,,,,,,,,,,,,,,,,,,,,,,,,,,,,,,,,,,,,,,,,,,,,,
71.0,,,,,,,,,,,,,,,,Shaw,0.0,,,,,,,,,,,,,,,,,,,,,,,,,,,,,,,,,,,,,,,,,,,,,,,,,,,,,,,,,,,,,,,,,,,,,,,,,,,,,,,,,,,,
72.0,,,,,,,,,,,,,,,,Shaw,0.0,,,,,,,,,,,,,,,,,,,,,,,,,,,,,,,,,,,,,,,,,,,,,,,,,,,,,,,,,,,,,,,,,,,,,,,,,,,,,,,,,,,,
73.0,,,,,,,,,,,,,,,,Shaw,0.0,,,,,,,,,,,,,,,,,,,,,,,,,,,,,,,,,,,,,,,,,,,,,,,,,,,,,,,,,,,,,,,,,,,,,,,,,,,,,,,,,,,,
74.0,,,,,,,,,,,,,,,,Shaw,0.0,,,,,,,,,,,,,,,,,,,,,,,,,,,,,,,,,,,,,,,,,,,,,,,,,,,,,,,,,,,,,,,,,,,,,,,,,,,,,,,,,,,,
75.0,,,,,,,,,,,,,,,,Shaw,0.0,,,,,,,,,,,,,,,,,,,,,,,,,,,,,,,,,,,,,,,,,,,,,,,,,,,,,,,,,,,,,,,,,,,,,,,,,,,,,,,,,,,,
76.0,,,,,,,,,,,,,,,,Shaw,0.0,,,,,,,,,,,,,,,,,,,,,,,,,,,,,,,,,,,,,,,,,,,,,,,,,,,,,,,,,,,,,,,,,,,,,,,,,,,,,,,,,,,,
77.0,,,,,,,,,,,,,,,,Shaw,0.0,,,,,,,,,,,,,,,,,,,,,,,,,,,,,,,,,,,,,,,,,,,,,,,,,,,,,,,,,,,,,,,,,,,,,,,,,,,,,,,,,,,,
78.0,,,,,,,,,,,,,,,,Shaw,0.0,,,,,,,,,,,,,,,,,,,,,,,,,,,,,,,,,,,,,,,,,,,,,,,,,,,,,,,,,,,,,,,,,,,,,,,,,,,,,,,,,,,,
79.0,,,,,,,,,,,,,,,,Shaw,0.0,,,,,,,,,,,,,,,,,,,,,,,,,,,,,,,,,,,,,,,,,,,,,,,,,,,,,,,,,,,,,,,,,,,,,,,,,,,,,,,,,,,,
80.0,,,,,,,,,,,,,,,,Shaw,0.0,,,,,,,,,,,,,,,,,,,,,,,,,,,,,,,,,,,,,,,,,,,,,,,,,,,,,,,,,,,,,,,,,,,,,,,,,,,,,,,,,,,,
81.0,,,,,,,,,,,,,,,,Shaw,0.0,,,,,,,,,,,,,,,,,,,,,,,,,,,,,,,,,,,,,,,,,,,,,,,,,,,,,,,,,,,,,,,,,,,,,,,,,,,,,,,,,,,,
82.0,,,,,,,,,,,,,,,,Shaw,0.0,,,,,,,,,,,,,,,,,,,,,,,,,,,,,,,,,,,,,,,,,,,,,,,,,,,,,,,,,,,,,,,,,,,,,,,,,,,,,,,,,,,,
83.0,,,,,,,,,,,,,,,,Shaw,0.0,,,,,,,,,,,,,,,,,,,,,,,,,,,,,,,,,,,,,,,,,,,,,,,,,,,,,,,,,,,,,,,,,,,,,,,,,,,,,,,,,,,,
84.0,,,,,,,,,,,,,,,,Shaw,0.0,,,,,,,,,,,,,,,,,,,,,,,,,,,,,,,,,,,,,,,,,,,,,,,,,,,,,,,,,,,,,,,,,,,,,,,,,,,,,,,,,,,,
85.0,,,,,,,,,,,,,,,,Shaw,0.0,,,,,,,,,,,,,,,,,,,,,,,,,,,,,,,,,,,,,,,,,,,,,,,,,,,,,,,,,,,,,,,,,,,,,,,,,,,,,,,,,,,,
86.0,,,,,,,,,,,,,,,,Shaw,0.0,,,,,,,,,,,,,,,,,,,,,,,,,,,,,,,,,,,,,,,,,,,,,,,,,,,,,,,,,,,,,,,,,,,,,,,,,,,,,,,,,,,,
87.0,,,,,,,,,,,,,,,,Shaw,0.0,,,,,,,,,,,,,,,,,,,,,,,,,,,,,,,,,,,,,,,,,,,,,,,,,,,,,,,,,,,,,,,,,,,,,,,,,,,,,,,,,,,,
88.0,,,,,,,,,,,,,,,,Shaw,0.0,,,,,,,,,,,,,,,,,,,,,,,,,,,,,,,,,,,,,,,,,,,,,,,,,,,,,,,,,,,,,,,,,,,,,,,,,,,,,,,,,,,,
89.0,,,,,,,,,,,,,,,,Shaw,0.0,,,,,,,,,,,,,,,,,,,,,,,,,,,,,,,,,,,,,,,,,,,,,,,,,,,,,,,,,,,,,,,,,,,,,,,,,,,,,,,,,,,,
90.0,,,,,,,,,,,,,,,,Shaw,0.0,,,,,,,,,,,,,,,,,,,,,,,,,,,,,,,,,,,,,,,,,,,,,,,,,,,,,,,,,,,,,,,,,,,,,,,,,,,,,,,,,,,,
91.0,,,,,,,,,,,,,,,,Shaw,0.0,,,,,,,,,,,,,,,,,,,,,,,,,,,,,,,,,,,,,,,,,,,,,,,,,,,,,,,,,,,,,,,,,,,,,,,,,,,,,,,,,,,,
92.0,,,,,,,,,,,,,,,,Shaw,0.0,,,,,,,,,,,,,,,,,,,,,,,,,,,,,,,,,,,,,,,,,,,,,,,,,,,,,,,,,,,,,,,,,,,,,,,,,,,,,,,,,,,,
93.0,,,,,,,,,,,,,,,,Shaw,0.0,,,,,,,,,,,,,,,,,,,,,,,,,,,,,,,,,,,,,,,,,,,,,,,,,,,,,,,,,,,,,,,,,,,,,,,,,,,,,,,,,,,,
94.0,,,,,,,,,,,,,,,,Shaw,0.0,,,,,,,,,,,,,,,,,,,,,,,,,,,,,,,,,,,,,,,,,,,,,,,,,,,,,,,,,,,,,,,,,,,,,,,,,,,,,,,,,,,,
95.0,,,,,,,,,,,,,,,,Shaw,0.0,,,,,,,,,,,,,,,,,,,,,,,,,,,,,,,,,,,,,,,,,,,,,,,,,,,,,,,,,,,,,,,,,,,,,,,,,,,,,,,,,,,,
96.0,,,,,,,,,,,,,,,,Shaw,0.0,,,,,,,,,,,,,,,,,,,,,,,,,,,,,,,,,,,,,,,,,,,,,,,,,,,,,,,,,,,,,,,,,,,,,,,,,,,,,,,,,,,,
97.0,,,,,,,,,,,,,,,,Shaw,0.0,,,,,,,,,,,,,,,,,,,,,,,,,,,,,,,,,,,,,,,,,,,,,,,,,,,,,,,,,,,,,,,,,,,,,,,,,,,,,,,,,,,,
98.0,,,,,,,,,,,,,,,,Shaw,0.0,,,,,,,,,,,,,,,,,,,,,,,,,,,,,,,,,,,,,,,,,,,,,,,,,,,,,,,,,,,,,,,,,,,,,,,,,,,,,,,,,,,,
99.0,,,,,,,,,,,,,,,,Shaw,0.0,,,,,,,,,,,,,,,,,,,,,,,,,,,,,,,,,,,,,,,,,,,,,,,,,,,,,,,,,,,,,,,,,,,,,,,,,,,,,,,,,,,,
100.0,,,,,,,,,,,,,,,,Shaw,0.0,,,,,,,,,,,,,,,,,,,,,,,,,,,,,,,,,,,,,,,,,,,,,,,,,,,,,,,,,,,,,,,,,,,,,,,,,,,,,,,,,,,,
101.0,,,,,,,,,,,,,,,,Shaw,0.0,,,,,,,,,,,,,,,,,,,,,,,,,,,,,,,,,,,,,,,,,,,,,,,,,,,,,,,,,,,,,,,,,,,,,,,,,,,,,,,,,,,,
102.0,,,,,,,,,,,,,,,,Shaw,0.0,,,,,,,,,,,,,,,,,,,,,,,,,,,,,,,,,,,,,,,,,,,,,,,,,,,,,,,,,,,,,,,,,,,,,,,,,,,,,,,,,,,,
103.0,,,,,,,,,,,,,,,,Shaw,0.0,,,,,,,,,,,,,,,,,,,,,,,,,,,,,,,,,,,,,,,,,,,,,,,,,,,,,,,,,,,,,,,,,,,,,,,,,,,,,,,,,,,,
104.0,,,,,,,,,,,,,,,,Shaw,0.0,,,,,,,,,,,,,,,,,,,,,,,,,,,,,,,,,,,,,,,,,,,,,,,,,,,,,,,,,,,,,,,,,,,,,,,,,,,,,,,,,,,,
105.0,,,,,,,,,,,,,,,,Shaw,0.0,,,,,,,,,,,,,,,,,,,,,,,,,,,,,,,,,,,,,,,,,,,,,,,,,,,,,,,,,,,,,,,,,,,,,,,,,,,,,,,,,,,,
106.0,,,,,,,,,,,,,,,,Shaw,0.0,,,,,,,,,,,,,,,,,,,,,,,,,,,,,,,,,,,,,,,,,,,,,,,,,,,,,,,,,,,,,,,,,,,,,,,,,,,,,,,,,,,,
107.0,,,,,,,,,,,,,,,,Shaw,0.0,,,,,,,,,,,,,,,,,,,,,,,,,,,,,,,,,,,,,,,,,,,,,,,,,,,,,,,,,,,,,,,,,,,,,,,,,,,,,,,,,,,,
108.0,,,,,,,,,,,,,,,,Shaw,0.0,,,,,,,,,,,,,,,,,,,,,,,,,,,,,,,,,,,,,,,,,,,,,,,,,,,,,,,,,,,,,,,,,,,,,,,,,,,,,,,,,,,,
109.0,,,,,,,,,,,,,,,,Shaw,0.0,,,,,,,,,,,,,,,,,,,,,,,,,,,,,,,,,,,,,,,,,,,,,,,,,,,,,,,,,,,,,,,,,,,,,,,,,,,,,,,,,,,,
110.0,,,,,,,,,,,,,,,,Shaw,0.0,,,,,,,,,,,,,,,,,,,,,,,,,,,,,,,,,,,,,,,,,,,,,,,,,,,,,,,,,,,,,,,,,,,,,,,,,,,,,,,,,,,,
111.0,,,,,,,,,,,,,,,,Shaw,0.0,,,,,,,,,,,,,,,,,,,,,,,,,,,,,,,,,,,,,,,,,,,,,,,,,,,,,,,,,,,,,,,,,,,,,,,,,,,,,,,,,,,,
112.0,,,,,,,,,,,,,,,,Shaw,0.0,,,,,,,,,,,,,,,,,,,,,,,,,,,,,,,,,,,,,,,,,,,,,,,,,,,,,,,,,,,,,,,,,,,,,,,,,,,,,,,,,,,,
113.0,,,,,,,,,,,,,,,,Shaw,0.0,,,,,,,,,,,,,,,,,,,,,,,,,,,,,,,,,,,,,,,,,,,,,,,,,,,,,,,,,,,,,,,,,,,,,,,,,,,,,,,,,,,,
114.0,,,,,,,,,,,,,,,,Shaw,0.0,,,,,,,,,,,,,,,,,,,,,,,,,,,,,,,,,,,,,,,,,,,,,,,,,,,,,,,,,,,,,,,,,,,,,,,,,,,,,,,,,,,,
115.0,,,,,,,,,,,,,,,,Shaw,0.0,,,,,,,,,,,,,,,,,,,,,,,,,,,,,,,,,,,,,,,,,,,,,,,,,,,,,,,,,,,,,,,,,,,,,,,,,,,,,,,,,,,,
116.0,,,,,,,,,,,,,,,,Shaw,0.0,,,,,,,,,,,,,,,,,,,,,,,,,,,,,,,,,,,,,,,,,,,,,,,,,,,,,,,,,,,,,,,,,,,,,,,,,,,,,,,,,,,,
117.0,,,,,,,,,,,,,,,,Shaw,0.0,,,,,,,,,,,,,,,,,,,,,,,,,,,,,,,,,,,,,,,,,,,,,,,,,,,,,,,,,,,,,,,,,,,,,,,,,,,,,,,,,,,,
118.0,,,,,,,,,,,,,,,,Shaw,0.0,,,,,,,,,,,,,,,,,,,,,,,,,,,,,,,,,,,,,,,,,,,,,,,,,,,,,,,,,,,,,,,,,,,,,,,,,,,,,,,,,,,,
119.0,,,,,,,,,,,,,,,,Shaw,0.0,,,,,,,,,,,,,,,,,,,,,,,,,,,,,,,,,,,,,,,,,,,,,,,,,,,,,,,,,,,,,,,,,,,,,,,,,,,,,,,,,,,,
120.0,,,,,,,,,,,,,,,,Shaw,0.0,,,,,,,,,,,,,,,,,,,,,,,,,,,,,,,,,,,,,,,,,,,,,,,,,,,,,,,,,,,,,,,,,,,,,,,,,,,,,,,,,,,,
121.0,,,,,,,,,,,,,,,,Shaw,0.0,,,,,,,,,,,,,,,,,,,,,,,,,,,,,,,,,,,,,,,,,,,,,,,,,,,,,,,,,,,,,,,,,,,,,,,,,,,,,,,,,,,,
122.0,,,,,,,,,,,,,,,,Shaw,0.0,,,,,,,,,,,,,,,,,,,,,,,,,,,,,,,,,,,,,,,,,,,,,,,,,,,,,,,,,,,,,,,,,,,,,,,,,,,,,,,,,,,,
123.0,,,,,,,,,,,,,,,,Shaw,0.0,,,,,,,,,,,,,,,,,,,,,,,,,,,,,,,,,,,,,,,,,,,,,,,,,,,,,,,,,,,,,,,,,,,,,,,,,,,,,,,,,,,,
124.0,,,,,,,,,,,,,,,,Shaw,0.0,,,,,,,,,,,,,,,,,,,,,,,,,,,,,,,,,,,,,,,,,,,,,,,,,,,,,,,,,,,,,,,,,,,,,,,,,,,,,,,,,,,,
125.0,,,,,,,,,,,,,,,,Shaw,0.0,,,,,,,,,,,,,,,,,,,,,,,,,,,,,,,,,,,,,,,,,,,,,,,,,,,,,,,,,,,,,,,,,,,,,,,,,,,,,,,,,,,,
126.0,,,,,,,,,,,,,,,,Shaw,0.0,,,,,,,,,,,,,,,,,,,,,,,,,,,,,,,,,,,,,,,,,,,,,,,,,,,,,,,,,,,,,,,,,,,,,,,,,,,,,,,,,,,,
127.0,,,,,,,,,,,,,,,,Shaw,0.0,,,,,,,,,,,,,,,,,,,,,,,,,,,,,,,,,,,,,,,,,,,,,,,,,,,,,,,,,,,,,,,,,,,,,,,,,,,,,,,,,,,,
128.0,,,,,,,,,,,,,,,,Shaw,0.0,,,,,,,,,,,,,,,,,,,,,,,,,,,,,,,,,,,,,,,,,,,,,,,,,,,,,,,,,,,,,,,,,,,,,,,,,,,,,,,,,,,,
129.0,,,,,,,,,,,,,,,,Shaw,0.0,,,,,,,,,,,,,,,,,,,,,,,,,,,,,,,,,,,,,,,,,,,,,,,,,,,,,,,,,,,,,,,,,,,,,,,,,,,,,,,,,,,,
130.0,,,,,,,,,,,,,,,,Shaw,0.0,,,,,,,,,,,,,,,,,,,,,,,,,,,,,,,,,,,,,,,,,,,,,,,,,,,,,,,,,,,,,,,,,,,,,,,,,,,,,,,,,,,,
131.0,,,,,,,,,,,,,,,,Shaw,0.0,,,,,,,,,,,,,,,,,,,,,,,,,,,,,,,,,,,,,,,,,,,,,,,,,,,,,,,,,,,,,,,,,,,,,,,,,,,,,,,,,,,,
132.0,,,,,,,,,,,,,,,,Shaw,0.0,,,,,,,,,,,,,,,,,,,,,,,,,,,,,,,,,,,,,,,,,,,,,,,,,,,,,,,,,,,,,,,,,,,,,,,,,,,,,,,,,,,,
133.0,,,,,,,,,,,,,,,,Shaw,0.0,,,,,,,,,,,,,,,,,,,,,,,,,,,,,,,,,,,,,,,,,,,,,,,,,,,,,,,,,,,,,,,,,,,,,,,,,,,,,,,,,,,,
134.0,,,,,,,,,,,,,,,,Shaw,0.0,,,,,,,,,,,,,,,,,,,,,,,,,,,,,,,,,,,,,,,,,,,,,,,,,,,,,,,,,,,,,,,,,,,,,,,,,,,,,,,,,,,,
135.0,,,,,,,,,,,,,,,,Shaw,0.0,,,,,,,,,,,,,,,,,,,,,,,,,,,,,,,,,,,,,,,,,,,,,,,,,,,,,,,,,,,,,,,,,,,,,,,,,,,,,,,,,,,,
136.0,,,,,,,,,,,,,,,,Shaw,0.0,,,,,,,,,,,,,,,,,,,,,,,,,,,,,,,,,,,,,,,,,,,,,,,,,,,,,,,,,,,,,,,,,,,,,,,,,,,,,,,,,,,,
137.0,,,,,,,,,,,,,,,,Shaw,0.0,,,,,,,,,,,,,,,,,,,,,,,,,,,,,,,,,,,,,,,,,,,,,,,,,,,,,,,,,,,,,,,,,,,,,,,,,,,,,,,,,,,,
138.0,,,,,,,,,,,,,,,,Shaw,0.0,,,,,,,,,,,,,,,,,,,,,,,,,,,,,,,,,,,,,,,,,,,,,,,,,,,,,,,,,,,,,,,,,,,,,,,,,,,,,,,,,,,,
139.0,,,,,,,,,,,,,,,,Shaw,0.0,,,,,,,,,,,,,,,,,,,,,,,,,,,,,,,,,,,,,,,,,,,,,,,,,,,,,,,,,,,,,,,,,,,,,,,,,,,,,,,,,,,,
140.0,,,,,,,,,,,,,,,,Shaw,0.0,,,,,,,,,,,,,,,,,,,,,,,,,,,,,,,,,,,,,,,,,,,,,,,,,,,,,,,,,,,,,,,,,,,,,,,,,,,,,,,,,,,,
141.0,,,,,,,,,,,,,,,,Shaw,0.0,,,,,,,,,,,,,,,,,,,,,,,,,,,,,,,,,,,,,,,,,,,,,,,,,,,,,,,,,,,,,,,,,,,,,,,,,,,,,,,,,,,,
142.0,,,,,,,,,,,,,,,,Shaw,0.0,,,,,,,,,,,,,,,,,,,,,,,,,,,,,,,,,,,,,,,,,,,,,,,,,,,,,,,,,,,,,,,,,,,,,,,,,,,,,,,,,,,,
143.0,,,,,,,,,,,,,,,,Shaw,0.0,,,,,,,,,,,,,,,,,,,,,,,,,,,,,,,,,,,,,,,,,,,,,,,,,,,,,,,,,,,,,,,,,,,,,,,,,,,,,,,,,,,,
144.0,,,,,,,,,,,,,,,,Shaw,0.0,,,,,,,,,,,,,,,,,,,,,,,,,,,,,,,,,,,,,,,,,,,,,,,,,,,,,,,,,,,,,,,,,,,,,,,,,,,,,,,,,,,,
145.0,,,,,,,,,,,,,,,,Shaw,0.0,,,,,,,,,,,,,,,,,,,,,,,,,,,,,,,,,,,,,,,,,,,,,,,,,,,,,,,,,,,,,,,,,,,,,,,,,,,,,,,,,,,,
146.0,,,,,,,,,,,,,,,,Shaw,0.0,,,,,,,,,,,,,,,,,,,,,,,,,,,,,,,,,,,,,,,,,,,,,,,,,,,,,,,,,,,,,,,,,,,,,,,,,,,,,,,,,,,,
147.0,,,,,,,,,,,,,,,,Shaw,0.0,,,,,,,,,,,,,,,,,,,,,,,,,,,,,,,,,,,,,,,,,,,,,,,,,,,,,,,,,,,,,,,,,,,,,,,,,,,,,,,,,,,,
148.0,,,,,,,,,,,,,,,,Shaw,0.0,,,,,,,,,,,,,,,,,,,,,,,,,,,,,,,,,,,,,,,,,,,,,,,,,,,,,,,,,,,,,,,,,,,,,,,,,,,,,,,,,,,,
149.0,,,,,,,,,,,,,,,,Shaw,0.0,,,,,,,,,,,,,,,,,,,,,,,,,,,,,,,,,,,,,,,,,,,,,,,,,,,,,,,,,,,,,,,,,,,,,,,,,,,,,,,,,,,,
150.0,,,,,,,,,,,,,,,,Shaw,0.0,,,,,,,,,,,,,,,,,,,,,,,,,,,,,,,,,,,,,,,,,,,,,,,,,,,,,,,,,,,,,,,,,,,,,,,,,,,,,,,,,,,,
151.0,,,,,,,,,,,,,,,,Shaw,0.0,,,,,,,,,,,,,,,,,,,,,,,,,,,,,,,,,,,,,,,,,,,,,,,,,,,,,,,,,,,,,,,,,,,,,,,,,,,,,,,,,,,,
152.0,,,,,,,,,,,,,,,,Shaw,0.0,,,,,,,,,,,,,,,,,,,,,,,,,,,,,,,,,,,,,,,,,,,,,,,,,,,,,,,,,,,,,,,,,,,,,,,,,,,,,,,,,,,,
153.0,,,,,,,,,,,,,,,,Shaw,0.0,,,,,,,,,,,,,,,,,,,,,,,,,,,,,,,,,,,,,,,,,,,,,,,,,,,,,,,,,,,,,,,,,,,,,,,,,,,,,,,,,,,,
154.0,,,,,,,,,,,,,,,,Shaw,0.0,,,,,,,,,,,,,,,,,,,,,,,,,,,,,,,,,,,,,,,,,,,,,,,,,,,,,,,,,,,,,,,,,,,,,,,,,,,,,,,,,,,,
155.0,,,,,,,,,,,,,,,,Shaw,0.0,,,,,,,,,,,,,,,,,,,,,,,,,,,,,,,,,,,,,,,,,,,,,,,,,,,,,,,,,,,,,,,,,,,,,,,,,,,,,,,,,,,,
1.0,K,,,M,-40.0,KO Rec,Return,,,,,,,1.0,,Shaw,0.0,K,,,,,,,,,,,,,,,,,,,,,,,,,,,,,,,,,,,,,,,,,,,,,,,,,,,,,,,,,,,,,,,,,,,,,,,,,,,,,,,,,,,
2.0,O,1.0,10.0,M,-45.0,Run,Rush,IOWA BLACK,YIP READ LEFT,R,,,,1.0,2.0,Shaw,2.0,O,,,,,,,,,,,,,,,,,,,,,,,,,,,,,,,,,,,,,,,,,,,,,,,,,,,,,,,,,,,,,,,,,,,,,,,,,,,,,,,,,,,
3.0,O,2.0,8.0,R,-47.0,Run,Rush,IOWA BLACK,,R,,,,1.0,-4.0,Shaw,-4.0,O,,,,,,,,,,,,,,,,,,,,,,,,,,,,,,,,,,,,,,,,,,,,,,,,,,,,,,,,,,,,,,,,,,,,,,,,,,,,,,,,,,,
4.0,O,3.0,12.0,R,-43.0,Run,Rush,IOWA BLACK,60 Y OVER,L,,,,1.0,3.0,Shaw,3.0,O,,,,,,,,,,,,,,,,,,,,,,,,,,,,,,,,,,,,,,,,,,,,,,,,,,,,,,,,,,,,,,,,,,,,,,,,,,,,,,,,,,,
5.0,K,4.0,9.0,L,-46.0,Punt Rec,Fair Catch,,,,,,,1.0,,Shaw,0.0,K,,,,,,,,,,,,,,,,,,,,,,,,,,,,,,,,,,,,,,,,,,,,,,,,,,,,,,,,,,,,,,,,,,,,,,,,,,,,,,,,,,,
6.0,D,1.0,10.0,M,-15.0,Run,Rush,Twins Split,,R,,,,1.0,2.0,Shaw,2.0,D,,,,,,,,,,,,,,,,,,,,,,,,,,,,,,,,,,,,,,,,,,,,,,,,,,,,,,,,,,,,,,,,,,,,,,,,,,,,,,,,,,,
7.0,D,2.0,8.0,R,-17.0,Run,Rush,Twins Split,,R,,,,1.0,-13.0,Shaw,-13.0,D,,,,,,,,,,,,,,,,,,,,,,,,,,,,,,,,,,,,,,,,,,,,,,,,,,,,,,,,,,,,,,,,,,,,,,,,,,,,,,,,,,,
8.0,D,3.0,21.0,R,-4.0,Run,Rush,IOWA BLACK,,R,,,,1.0,2.0,Shaw,2.0,D,,,,,,,,,,,,,,,,,,,,,,,,,,,,,,,,,,,,,,,,,,,,,,,,,,,,,,,,,,,,,,,,,,,,,,,,,,,,,,,,,,,
9.0,K,4.0,19.0,R,-6.0,Punt Rec,Downed,IOWA BLACK,,,,,,1.0,,Shaw,0.0,K,,,,,,,,,,,,,,,,,,,,,,,,,,,,,,,,,,,,,,,,,,,,,,,,,,,,,,,,,,,,,,,,,,,,,,,,,,,,,,,,,,,
10.0,O,1.0,10.0,R,44.0,Run,Rush,,,L,,,,1.0,9.0,Shaw,9.0,O,,,,,,,,,,,,,,,,,,,,,,,,,,,,,,,,,,,,,,,,,,,,,,,,,,,,,,,,,,,,,,,,,,,,,,,,,,,,,,,,,,,
11.0,O,2.0,1.0,M,35.0,Run,Rush,WISCONSIN WHITE,ISO RIGHT,R,,,,1.0,16.0,Shaw,16.0,O,,,,,,,,,,,,,,,,,,,,,,,,,,,,,,,,,,,,,,,,,,,,,,,,,,,,,,,,,,,,,,,,,,,,,,,,,,,,,,,,,,,
12.0,O,1.0,10.0,M,19.0,Run,"Rush, TD",WISCONSIN WHITE,HIP ISO LEFT,L,,,,1.0,19.0,Shaw,19.0,O,,,,,,,,,,,,,,,,,,,,,,,,,,,,,,,,,,,,,,,,,,,,,,,,,,,,,,,,,,,,,,,,,,,,,,,,,,,,,,,,,,,
13.0,K,,,M,3.0,Extra Pt.,Good,,,,,,,1.0,,Shaw,0.0,K,,,,,,,,,,,,,,,,,,,,,,,,,,,,,,,,,,,,,,,,,,,,,,,,,,,,,,,,,,,,,,,,,,,,,,,,,,,,,,,,,,,
14.0,K,,,M,-40.0,KO,Return,,,,,,,1.0,,Shaw,0.0,K,,,,,,,,,,,,,,,,,,,,,,,,,,,,,,,,,,,,,,,,,,,,,,,,,,,,,,,,,,,,,,,,,,,,,,,,,,,,,,,,,,,
15.0,D,1.0,10.0,L,45.0,Run,Rush,IOWA BLACK,,R,,,,1.0,4.0,Shaw,4.0,D,,,,,,,,,,,,,,,,,,,,,,,,,,,,,,,,,,,,,,,,,,,,,,,,,,,,,,,,,,,,,,,,,,,,,,,,,,,,,,,,,,,
16.0,D,2.0,6.0,R,41.0,Run,Rush,IOWA BLACK,,L,,,,1.0,-6.0,Shaw,-6.0,D,,,,,,,,,,,,,,,,,,,,,,,,,,,,,,,,,,,,,,,,,,,,,,,,,,,,,,,,,,,,,,,,,,,,,,,,,,,,,,,,,,,
17.0,D,2.0,12.0,R,47.0,,Penalty,IOWA BLACK,,,,,,1.0,-5.0,Shaw,-5.0,D,,,,,,,,,,,,,,,,,,,,,,,,,,,,,,,,,,,,,,,,,,,,,,,,,,,,,,,,,,,,,,,,,,,,,,,,,,,,,,,,,,,
18.0,D,2.0,17.0,R,-48.0,,Penalty,IOWA BLACK,,,,,,1.0,-5.0,Shaw,-5.0,D,,,,,,,,,,,,,,,,,,,,,,,,,,,,,,,,,,,,,,,,,,,,,,,,,,,,,,,,,,,,,,,,,,,,,,,,,,,,,,,,,,,
19.0,D,2.0,22.0,R,-43.0,Run,Rush,IOWA BLACK,,L,,,,1.0,-2.0,Shaw,-2.0,D,,,,,,,,,,,,,,,,,,,,,,,,,,,,,,,,,,,,,,,,,,,,,,,,,,,,,,,,,,,,,,,,,,,,,,,,,,,,,,,,,,,
20.0,D,3.0,24.0,L,-41.0,Run,Rush,IOWA BLACK,,L,,,,1.0,-27.0,Shaw,-27.0,D,,,,,,,,,,,,,,,,,,,,,,,,,,,,,,,,,,,,,,,,,,,,,,,,,,,,,,,,,,,,,,,,,,,,,,,,,,,,,,,,,,,
21.0,K,4.0,51.0,L,-14.0,Punt Rec,Downed,IOWA BLACK,,,,,,1.0,,Shaw,0.0,K,,,,,,,,,,,,,,,,,,,,,,,,,,,,,,,,,,,,,,,,,,,,,,,,,,,,,,,,,,,,,,,,,,,,,,,,,,,,,,,,,,,
22.0,O,1.0,10.0,M,49.0,Pass,Incomplete,WISCONSIN RED,YIP 51 SATURN,L,,,,1.0,0.0,Shaw,0.0,O,,,,,,,,,,,,,,,,,,,,,,,,,,,,,,,,,,,,,,,,,,,,,,,,,,,,,,,,,,,,,,,,,,,,,,,,,,,,,,,,,,,
23.0,O,2.0,10.0,R,49.0,Run,Rush,WISCONSIN RED,DUO RIGHT,L,,,,1.0,0.0,Shaw,0.0,O,,,,,,,,,,,,,,,,,,,,,,,,,,,,,,,,,,,,,,,,,,,,,,,,,,,,,,,,,,,,,,,,,,,,,,,,,,,,,,,,,,,
24.0,O,3.0,10.0,M,49.0,Pass,Complete,IOWA BLACK,61 H OVER,L,,,,1.0,38.0,Shaw,38.0,O,,,,,,,,,,,,,,,,,,,,,,,,,,,,,,,,,,,,,,,,,,,,,,,,,,,,,,,,,,,,,,,,,,,,,,,,,,,,,,,,,,,
25.0,O,1.0,10.0,L,11.0,Run,Rush,WYOMING GOLD,ISO LEFT,L,,,,1.0,8.0,Shaw,8.0,O,,,,,,,,,,,,,,,,,,,,,,,,,,,,,,,,,,,,,,,,,,,,,,,,,,,,,,,,,,,,,,,,,,,,,,,,,,,,,,,,,,,
26.0,O,2.0,2.0,L,3.0,Run,"Rush, TD",Wyoming brown,,L,,,,1.0,3.0,Shaw,3.0,O,,,,,,,,,,,,,,,,,,,,,,,,,,,,,,,,,,,,,,,,,,,,,,,,,,,,,,,,,,,,,,,,,,,,,,,,,,,,,,,,,,,
27.0,K,,,M,3.0,Extra Pt.,Block,,,,,,,1.0,,Shaw,0.0,K,,,,,,,,,,,,,,,,,,,,,,,,,,,,,,,,,,,,,,,,,,,,,,,,,,,,,,,,,,,,,,,,,,,,,,,,,,,,,,,,,,,
28.0,K,,,M,-40.0,KO,Return,,,,,,,1.0,,Shaw,0.0,K,,,,,,,,,,,,,,,,,,,,,,,,,,,,,,,,,,,,,,,,,,,,,,,,,,,,,,,,,,,,,,,,,,,,,,,,,,,,,,,,,,,
29.0,D,1.0,10.0,L,-48.0,Run,Rush,IOWA BLACK,,R,,,,1.0,4.0,Shaw,4.0,D,,,,,,,,,,,,,,,,,,,,,,,,,,,,,,,,,,,,,,,,,,,,,,,,,,,,,,,,,,,,,,,,,,,,,,,,,,,,,,,,,,,
30.0,D,2.0,6.0,M,48.0,Pass,Penalty,TEXAS BROWN,,L,,,,1.0,15.0,Shaw,15.0,D,,,,,,,,,,,,,,,,,,,,,,,,,,,,,,,,,,,,,,,,,,,,,,,,,,,,,,,,,,,,,,,,,,,,,,,,,,,,,,,,,,,
31.0,D,1.0,10.0,M,33.0,Run,Rush,TEXAS BROWN,,L,,,,1.0,-3.0,Shaw,-3.0,D,,,,,,,,,,,,,,,,,,,,,,,,,,,,,,,,,,,,,,,,,,,,,,,,,,,,,,,,,,,,,,,,,,,,,,,,,,,,,,,,,,,
32.0,D,2.0,13.0,M,36.0,Pass,Sack,TEXAS BROWN,,L,,,,1.0,-8.0,Shaw,-8.0,D,,,,,,,,,,,,,,,,,,,,,,,,,,,,,,,,,,,,,,,,,,,,,,,,,,,,,,,,,,,,,,,,,,,,,,,,,,,,,,,,,,,
33.0,D,3.0,21.0,M,44.0,Run,Rush,,,R,,,,2.0,1.0,Shaw,1.0,D,,,,,,,,,,,,,,,,,,,,,,,,,,,,,,,,,,,,,,,,,,,,,,,,,,,,,,,,,,,,,,,,,,,,,,,,,,,,,,,,,,,
34.0,K,4.0,20.0,M,43.0,Punt Rec,Downed,,,,,,,2.0,,Shaw,0.0,K,,,,,,,,,,,,,,,,,,,,,,,,,,,,,,,,,,,,,,,,,,,,,,,,,,,,,,,,,,,,,,,,,,,,,,,,,,,,,,,,,,,
35.0,O,1.0,10.0,L,-3.0,Pass,Complete,Wyoming brown,ISO LEFT BOOT RIGHT H UNDER (LOCK),R,,,,2.0,21.0,Shaw,21.0,O,,,,,,,,,,,,,,,,,,,,,,,,,,,,,,,,,,,,,,,,,,,,,,,,,,,,,,,,,,,,,,,,,,,,,,,,,,,,,,,,,,,
36.0,O,1.0,10.0,R,-24.0,Run,Rush,Wyoming brown,READ LEFT,L,,,,2.0,5.0,Shaw,5.0,O,,,,,,,,,,,,,,,,,,,,,,,,,,,,,,,,,,,,,,,,,,,,,,,,,,,,,,,,,,,,,,,,,,,,,,,,,,,,,,,,,,,
37.0,O,2.0,5.0,M,-29.0,Run,Rush,Twins Split,,L,,,,2.0,2.0,Shaw,2.0,O,,,,,,,,,,,,,,,,,,,,,,,,,,,,,,,,,,,,,,,,,,,,,,,,,,,,,,,,,,,,,,,,,,,,,,,,,,,,,,,,,,,
38.0,O,3.0,3.0,L,-31.0,,Penalty,Twins Split,,,,,,2.0,-5.0,Shaw,-5.0,O,,,,,,,,,,,,,,,,,,,,,,,,,,,,,,,,,,,,,,,,,,,,,,,,,,,,,,,,,,,,,,,,,,,,,,,,,,,,,,,,,,,
39.0,O,3.0,8.0,L,-26.0,Pass,Incomplete,WISCONSIN RED,50 DODGE/FORD,R,,,,2.0,0.0,Shaw,0.0,O,,,,,,,,,,,,,,,,,,,,,,,,,,,,,,,,,,,,,,,,,,,,,,,,,,,,,,,,,,,,,,,,,,,,,,,,,,,,,,,,,,,
40.0,K,4.0,8.0,L,-26.0,Punt,Return,,,,,,,2.0,,Shaw,0.0,K,,,,,,,,,,,,,,,,,,,,,,,,,,,,,,,,,,,,,,,,,,,,,,,,,,,,,,,,,,,,,,,,,,,,,,,,,,,,,,,,,,,
41.0,D,1.0,10.0,M,-44.0,,Penalty,IOWA BLACK,,,,,,2.0,-5.0,Shaw,-5.0,D,,,,,,,,,,,,,,,,,,,,,,,,,,,,,,,,,,,,,,,,,,,,,,,,,,,,,,,,,,,,,,,,,,,,,,,,,,,,,,,,,,,
42.0,D,1.0,15.0,M,-39.0,Pass,Complete,IOWA BLACK,,L,,,,2.0,11.0,Shaw,11.0,D,,,,,,,,,,,,,,,,,,,,,,,,,,,,,,,,,,,,,,,,,,,,,,,,,,,,,,,,,,,,,,,,,,,,,,,,,,,,,,,,,,,
43.0,D,2.0,4.0,L,50.0,Run,Rush,Twins Split,,L,,,,2.0,-14.0,Shaw,-14.0,D,,,,,,,,,,,,,,,,,,,,,,,,,,,,,,,,,,,,,,,,,,,,,,,,,,,,,,,,,,,,,,,,,,,,,,,,,,,,,,,,,,,
44.0,D,3.0,18.0,L,-36.0,Run,Rush,IOWA BLACK,,L,,,,2.0,-5.0,Shaw,-5.0,D,,,,,,,,,,,,,,,,,,,,,,,,,,,,,,,,,,,,,,,,,,,,,,,,,,,,,,,,,,,,,,,,,,,,,,,,,,,,,,,,,,,
45.0,K,4.0,23.0,L,-31.0,Punt Rec,Fair Catch,,,,,,,2.0,,Shaw,0.0,K,,,,,,,,,,,,,,,,,,,,,,,,,,,,,,,,,,,,,,,,,,,,,,,,,,,,,,,,,,,,,,,,,,,,,,,,,,,,,,,,,,,
46.0,O,1.0,10.0,R,-38.0,Run,Rush,WISCONSIN RED,,L,,,,2.0,11.0,Shaw,11.0,O,,,,,,,,,,,,,,,,,,,,,,,,,,,,,,,,,,,,,,,,,,,,,,,,,,,,,,,,,,,,,,,,,,,,,,,,,,,,,,,,,,,
47.0,O,1.0,10.0,L,-49.0,Run,Rush,Wyoming brown,ISO RIGHT,L,,,,2.0,31.0,Shaw,31.0,O,,,,,,,,,,,,,,,,,,,,,,,,,,,,,,,,,,,,,,,,,,,,,,,,,,,,,,,,,,,,,,,,,,,,,,,,,,,,,,,,,,,
48.0,O,1.0,10.0,L,20.0,Run,Fumble,Twins Split,,L,,,,2.0,0.0,Shaw,0.0,O,,,,,,,,,,,,,,,,,,,,,,,,,,,,,,,,,,,,,,,,,,,,,,,,,,,,,,,,,,,,,,,,,,,,,,,,,,,,,,,,,,,
49.0,D,1.0,10.0,R,-25.0,Run,Rush,IOWA BLACK,,L,,,,2.0,1.0,Shaw,1.0,D,,,,,,,,,,,,,,,,,,,,,,,,,,,,,,,,,,,,,,,,,,,,,,,,,,,,,,,,,,,,,,,,,,,,,,,,,,,,,,,,,,,
50.0,D,2.0,9.0,R,-26.0,Run,Rush,IOWA BLACK,,L,,,,2.0,-5.0,Shaw,-5.0,D,,,,,,,,,,,,,,,,,,,,,,,,,,,,,,,,,,,,,,,,,,,,,,,,,,,,,,,,,,,,,,,,,,,,,,,,,,,,,,,,,,,
51.0,D,3.0,14.0,R,-21.0,Run,Rush,IOWA BLACK,,L,,,,2.0,-3.0,Shaw,-3.0,D,,,,,,,,,,,,,,,,,,,,,,,,,,,,,,,,,,,,,,,,,,,,,,,,,,,,,,,,,,,,,,,,,,,,,,,,,,,,,,,,,,,
52.0,K,4.0,17.0,M,-18.0,Punt Rec,Return,,,,,,,2.0,,Shaw,0.0,K,,,,,,,,,,,,,,,,,,,,,,,,,,,,,,,,,,,,,,,,,,,,,,,,,,,,,,,,,,,,,,,,,,,,,,,,,,,,,,,,,,,
53.0,O,1.0,10.0,R,47.0,Run,Penalty,,,R,,,,2.0,-10.0,Shaw,-10.0,O,,,,,,,,,,,,,,,,,,,,,,,,,,,,,,,,,,,,,,,,,,,,,,,,,,,,,,,,,,,,,,,,,,,,,,,,,,,,,,,,,,,
54.0,S,,,,,,,,,,,,,2.0,,Shaw,0.0,S,,,,,,,,,,,,,,,,,,,,,,,,,,,,,,,,,,,,,,,,,,,,,,,,,,,,,,,,,,,,,,,,,,,,,,,,,,,,,,,,,,,
55.0,S,,,,,,,,,,,,,2.0,,Shaw,0.0,S,,,,,,,,,,,,,,,,,,,,,,,,,,,,,,,,,,,,,,,,,,,,,,,,,,,,,,,,,,,,,,,,,,,,,,,,,,,,,,,,,,,
56.0,O,1.0,20.0,R,-43.0,Pass,Incomplete,WISCONSIN RED,,R,,,,2.0,0.0,Shaw,0.0,O,,,,,,,,,,,,,,,,,,,,,,,,,,,,,,,,,,,,,,,,,,,,,,,,,,,,,,,,,,,,,,,,,,,,,,,,,,,,,,,,,,,
57.0,O,2.0,20.0,R,-43.0,Run,Rush,IOWA BLACK,,R,,,,2.0,12.0,Shaw,12.0,O,,,,,,,,,,,,,,,,,,,,,,,,,,,,,,,,,,,,,,,,,,,,,,,,,,,,,,,,,,,,,,,,,,,,,,,,,,,,,,,,,,,
58.0,O,3.0,8.0,R,45.0,Run,Rush,FLA. BLUE,,R,,,,2.0,16.0,Shaw,16.0,O,,,,,,,,,,,,,,,,,,,,,,,,,,,,,,,,,,,,,,,,,,,,,,,,,,,,,,,,,,,,,,,,,,,,,,,,,,,,,,,,,,,
59.0,O,1.0,10.0,R,29.0,Pass,Incomplete,FLA. BLUE,,R,,,,2.0,0.0,Shaw,0.0,O,,,,,,,,,,,,,,,,,,,,,,,,,,,,,,,,,,,,,,,,,,,,,,,,,,,,,,,,,,,,,,,,,,,,,,,,,,,,,,,,,,,
60.0,O,2.0,10.0,R,29.0,Run,Rush,FLA. BLUE,,L,,,,2.0,-3.0,Shaw,-3.0,O,,,,,,,,,,,,,,,,,,,,,,,,,,,,,,,,,,,,,,,,,,,,,,,,,,,,,,,,,,,,,,,,,,,,,,,,,,,,,,,,,,,
61.0,O,3.0,13.0,L,32.0,Run,Rush,FLA. BLUE,,L,,,,2.0,13.0,Shaw,13.0,O,,,,,,,,,,,,,,,,,,,,,,,,,,,,,,,,,,,,,,,,,,,,,,,,,,,,,,,,,,,,,,,,,,,,,,,,,,,,,,,,,,,
62.0,O,1.0,10.0,L,19.0,,Penalty,FLA. BLUE,,,,,,2.0,-10.0,Shaw,-10.0,O,,,,,,,,,,,,,,,,,,,,,,,,,,,,,,,,,,,,,,,,,,,,,,,,,,,,,,,,,,,,,,,,,,,,,,,,,,,,,,,,,,,
63.0,O,1.0,20.0,L,29.0,Run,Rush,IOWA BLACK,,L,,,,2.0,6.0,Shaw,6.0,O,,,,,,,,,,,,,,,,,,,,,,,,,,,,,,,,,,,,,,,,,,,,,,,,,,,,,,,,,,,,,,,,,,,,,,,,,,,,,,,,,,,
64.0,O,2.0,14.0,L,23.0,Pass,Incomplete,IOWA BLACK,,R,,,,2.0,0.0,Shaw,0.0,O,,,,,,,,,,,,,,,,,,,,,,,,,,,,,,,,,,,,,,,,,,,,,,,,,,,,,,,,,,,,,,,,,,,,,,,,,,,,,,,,,,,
65.0,O,3.0,14.0,L,23.0,Pass,Incomplete,FLA. BLUE,,R,,,,2.0,0.0,Shaw,0.0,O,,,,,,,,,,,,,,,,,,,,,,,,,,,,,,,,,,,,,,,,,,,,,,,,,,,,,,,,,,,,,,,,,,,,,,,,,,,,,,,,,,,
66.0,K,4.0,14.0,R,-40.0,KO,Fumble,,,,,,,3.0,,Shaw,0.0,K,,,,,,,,,,,,,,,,,,,,,,,,,,,,,,,,,,,,,,,,,,,,,,,,,,,,,,,,,,,,,,,,,,,,,,,,,,,,,,,,,,,
67.0,O,1.0,10.0,L,23.0,Run,Rush,Twins Split,,L,,,,3.0,-3.0,Shaw,-3.0,O,,,,,,,,,,,,,,,,,,,,,,,,,,,,,,,,,,,,,,,,,,,,,,,,,,,,,,,,,,,,,,,,,,,,,,,,,,,,,,,,,,,
68.0,O,2.0,13.0,L,26.0,Pass,"Complete, TD",,,R,,,,3.0,26.0,Shaw,26.0,O,,,,,,,,,,,,,,,,,,,,,,,,,,,,,,,,,,,,,,,,,,,,,,,,,,,,,,,,,,,,,,,,,,,,,,,,,,,,,,,,,,,
69.0,K,,,M,3.0,Extra Pt.,Good,,,,,,,3.0,,Shaw,0.0,K,,,,,,,,,,,,,,,,,,,,,,,,,,,,,,,,,,,,,,,,,,,,,,,,,,,,,,,,,,,,,,,,,,,,,,,,,,,,,,,,,,,
70.0,K,,,M,-40.0,KO,Return,,,,,,,3.0,,Shaw,0.0,K,,,,,,,,,,,,,,,,,,,,,,,,,,,,,,,,,,,,,,,,,,,,,,,,,,,,,,,,,,,,,,,,,,,,,,,,,,,,,,,,,,,
71.0,D,1.0,10.0,R,-32.0,Pass,Complete,IOWA BLACK,,L,,,,3.0,2.0,Shaw,2.0,D,,,,,,,,,,,,,,,,,,,,,,,,,,,,,,,,,,,,,,,,,,,,,,,,,,,,,,,,,,,,,,,,,,,,,,,,,,,,,,,,,,,
72.0,D,2.0,8.0,L,-34.0,Run,Rush,IOWA BLACK,,R,,,,3.0,15.0,Shaw,15.0,D,,,,,,,,,,,,,,,,,,,,,,,,,,,,,,,,,,,,,,,,,,,,,,,,,,,,,,,,,,,,,,,,,,,,,,,,,,,,,,,,,,,
73.0,D,1.0,10.0,R,-49.0,Pass,Incomplete,IOWA BLACK,,R,,,,3.0,0.0,Shaw,0.0,D,,,,,,,,,,,,,,,,,,,,,,,,,,,,,,,,,,,,,,,,,,,,,,,,,,,,,,,,,,,,,,,,,,,,,,,,,,,,,,,,,,,
74.0,D,2.0,10.0,R,-49.0,,Penalty,IOWA BLACK,,,,,,3.0,-5.0,Shaw,-5.0,D,,,,,,,,,,,,,,,,,,,,,,,,,,,,,,,,,,,,,,,,,,,,,,,,,,,,,,,,,,,,,,,,,,,,,,,,,,,,,,,,,,,
75.0,D,2.0,15.0,R,-44.0,,Penalty,IOWA BLACK,,,,,,3.0,-5.0,Shaw,-5.0,D,,,,,,,,,,,,,,,,,,,,,,,,,,,,,,,,,,,,,,,,,,,,,,,,,,,,,,,,,,,,,,,,,,,,,,,,,,,,,,,,,,,
76.0,D,2.0,20.0,R,-39.0,Run,Rush,IOWA BLACK,,R,,,,3.0,-2.0,Shaw,-2.0,D,,,,,,,,,,,,,,,,,,,,,,,,,,,,,,,,,,,,,,,,,,,,,,,,,,,,,,,,,,,,,,,,,,,,,,,,,,,,,,,,,,,
77.0,D,3.0,22.0,R,-37.0,Run,Rush,IOWA BLACK,,R,,,,3.0,19.0,Shaw,19.0,D,,,,,,,,,,,,,,,,,,,,,,,,,,,,,,,,,,,,,,,,,,,,,,,,,,,,,,,,,,,,,,,,,,,,,,,,,,,,,,,,,,,
78.0,D,4.0,3.0,R,44.0,Run,Rush,UTAH RED,,R,,,,3.0,-2.0,Shaw,-2.0,D,,,,,,,,,,,,,,,,,,,,,,,,,,,,,,,,,,,,,,,,,,,,,,,,,,,,,,,,,,,,,,,,,,,,,,,,,,,,,,,,,,,
79.0,S,,,,,,,,,,,,,3.0,,Shaw,0.0,S,,,,,,,,,,,,,,,,,,,,,,,,,,,,,,,,,,,,,,,,,,,,,,,,,,,,,,,,,,,,,,,,,,,,,,,,,,,,,,,,,,,
80.0,O,1.0,10.0,L,-42.0,Run,Rush,UTAH RED,,L,,,,3.0,9.0,Shaw,9.0,O,,,,,,,,,,,,,,,,,,,,,,,,,,,,,,,,,,,,,,,,,,,,,,,,,,,,,,,,,,,,,,,,,,,,,,,,,,,,,,,,,,,
81.0,O,2.0,1.0,L,49.0,Run,Rush,,,L,,,,3.0,-6.0,Shaw,-6.0,O,,,,,,,,,,,,,,,,,,,,,,,,,,,,,,,,,,,,,,,,,,,,,,,,,,,,,,,,,,,,,,,,,,,,,,,,,,,,,,,,,,,
82.0,O,3.0,7.0,L,-45.0,Pass,Penalty,IOWA BLACK,,L,,,,3.0,5.0,Shaw,5.0,O,,,,,,,,,,,,,,,,,,,,,,,,,,,,,,,,,,,,,,,,,,,,,,,,,,,,,,,,,,,,,,,,,,,,,,,,,,,,,,,,,,,
83.0,O,4.0,2.0,L,50.0,Run,Rush,,,R,,,,3.0,2.0,Shaw,2.0,O,,,,,,,,,,,,,,,,,,,,,,,,,,,,,,,,,,,,,,,,,,,,,,,,,,,,,,,,,,,,,,,,,,,,,,,,,,,,,,,,,,,
84.0,S,,,,,,,,,,,,,3.0,,Shaw,0.0,S,,,,,,,,,,,,,,,,,,,,,,,,,,,,,,,,,,,,,,,,,,,,,,,,,,,,,,,,,,,,,,,,,,,,,,,,,,,,,,,,,,,
85.0,O,1.0,10.0,R,48.0,Run,Rush,Twins Split,,R,,,,3.0,0.0,Shaw,0.0,O,,,,,,,,,,,,,,,,,,,,,,,,,,,,,,,,,,,,,,,,,,,,,,,,,,,,,,,,,,,,,,,,,,,,,,,,,,,,,,,,,,,
86.0,O,2.0,10.0,R,48.0,Run,Rush,Twins Split,,L,,,,3.0,0.0,Shaw,0.0,O,,,,,,,,,,,,,,,,,,,,,,,,,,,,,,,,,,,,,,,,,,,,,,,,,,,,,,,,,,,,,,,,,,,,,,,,,,,,,,,,,,,
87.0,O,3.0,10.0,M,48.0,Pass,Complete,FLA. BLUE,,R,,,,3.0,-4.0,Shaw,-4.0,O,,,,,,,,,,,,,,,,,,,,,,,,,,,,,,,,,,,,,,,,,,,,,,,,,,,,,,,,,,,,,,,,,,,,,,,,,,,,,,,,,,,
88.0,O,1.0,10.0,R,-48.0,,Penalty,IOWA BLACK,,,,,,3.0,-5.0,Shaw,-5.0,O,,,,,,,,,,,,,,,,,,,,,,,,,,,,,,,,,,,,,,,,,,,,,,,,,,,,,,,,,,,,,,,,,,,,,,,,,,,,,,,,,,,
89.0,O,1.0,15.0,R,-43.0,Run,Rush,IOWA BLACK,,R,,,,3.0,5.0,Shaw,5.0,O,,,,,,,,,,,,,,,,,,,,,,,,,,,,,,,,,,,,,,,,,,,,,,,,,,,,,,,,,,,,,,,,,,,,,,,,,,,,,,,,,,,
90.0,O,2.0,10.0,R,-48.0,Pass,Incomplete,IOWA BLACK,,L,,,,3.0,0.0,Shaw,0.0,O,,,,,,,,,,,,,,,,,,,,,,,,,,,,,,,,,,,,,,,,,,,,,,,,,,,,,,,,,,,,,,,,,,,,,,,,,,,,,,,,,,,
91.0,O,3.0,10.0,R,-48.0,Pass,Incomplete,IOWA BLACK,,L,,,,3.0,0.0,Shaw,0.0,O,,,,,,,,,,,,,,,,,,,,,,,,,,,,,,,,,,,,,,,,,,,,,,,,,,,,,,,,,,,,,,,,,,,,,,,,,,,,,,,,,,,
92.0,K,4.0,10.0,R,-48.0,Punt,Downed,,,,,,,3.0,,Shaw,0.0,K,,,,,,,,,,,,,,,,,,,,,,,,,,,,,,,,,,,,,,,,,,,,,,,,,,,,,,,,,,,,,,,,,,,,,,,,,,,,,,,,,,,
93.0,D,1.0,10.0,L,-26.0,Pass,Complete,IOWA BLACK,,R,,,,3.0,13.0,Shaw,13.0,D,,,,,,,,,,,,,,,,,,,,,,,,,,,,,,,,,,,,,,,,,,,,,,,,,,,,,,,,,,,,,,,,,,,,,,,,,,,,,,,,,,,
94.0,D,1.0,10.0,R,-39.0,Run,Rush,IOWA BLACK,,R,,,,3.0,-8.0,Shaw,-8.0,D,,,,,,,,,,,,,,,,,,,,,,,,,,,,,,,,,,,,,,,,,,,,,,,,,,,,,,,,,,,,,,,,,,,,,,,,,,,,,,,,,,,
95.0,D,2.0,18.0,R,-31.0,Run,Penalty,IOWA BLACK,,R,,,,3.0,-10.0,Shaw,-10.0,D,,,,,,,,,,,,,,,,,,,,,,,,,,,,,,,,,,,,,,,,,,,,,,,,,,,,,,,,,,,,,,,,,,,,,,,,,,,,,,,,,,,
96.0,D,2.0,28.0,R,-21.0,Pass,Complete,IOWA BLACK,,R,,,,3.0,21.0,Shaw,21.0,D,,,,,,,,,,,,,,,,,,,,,,,,,,,,,,,,,,,,,,,,,,,,,,,,,,,,,,,,,,,,,,,,,,,,,,,,,,,,,,,,,,,
97.0,D,3.0,7.0,R,-42.0,,Penalty,,,,,,,3.0,-5.0,Shaw,-5.0,D,,,,,,,,,,,,,,,,,,,,,,,,,,,,,,,,,,,,,,,,,,,,,,,,,,,,,,,,,,,,,,,,,,,,,,,,,,,,,,,,,,,
98.0,D,3.0,12.0,R,-37.0,Run,Penalty,TEXAS BROWN,,R,,,,3.0,0.0,Shaw,0.0,D,,,,,,,,,,,,,,,,,,,,,,,,,,,,,,,,,,,,,,,,,,,,,,,,,,,,,,,,,,,,,,,,,,,,,,,,,,,,,,,,,,,
99.0,S,,,,,,,,,,,,,3.0,,Shaw,0.0,S,,,,,,,,,,,,,,,,,,,,,,,,,,,,,,,,,,,,,,,,,,,,,,,,,,,,,,,,,,,,,,,,,,,,,,,,,,,,,,,,,,,
100.0,S,,,,,,,,,,,,,3.0,,Shaw,0.0,S,,,,,,,,,,,,,,,,,,,,,,,,,,,,,,,,,,,,,,,,,,,,,,,,,,,,,,,,,,,,,,,,,,,,,,,,,,,,,,,,,,,
101.0,D,4.0,12.0,R,-37.0,Pass,Incomplete,TEXAS BROWN,,L,,,,4.0,0.0,Shaw,0.0,D,,,,,,,,,,,,,,,,,,,,,,,,,,,,,,,,,,,,,,,,,,,,,,,,,,,,,,,,,,,,,,,,,,,,,,,,,,,,,,,,,,,
102.0,O,1.0,10.0,L,37.0,Run,Fumble,Wyoming brown,,R,,,,4.0,4.0,Shaw,4.0,O,,,,,,,,,,,,,,,,,,,,,,,,,,,,,,,,,,,,,,,,,,,,,,,,,,,,,,,,,,,,,,,,,,,,,,,,,,,,,,,,,,,
103.0,O,2.0,6.0,L,33.0,Run,Rush,WYOMING GOLD,DUO LEFT,L,,,,4.0,17.0,Shaw,17.0,O,,,,,,,,,,,,,,,,,,,,,,,,,,,,,,,,,,,,,,,,,,,,,,,,,,,,,,,,,,,,,,,,,,,,,,,,,,,,,,,,,,,
104.0,O,1.0,10.0,L,16.0,Run,Rush,Twins Split,,L,,,,4.0,0.0,Shaw,0.0,O,,,,,,,,,,,,,,,,,,,,,,,,,,,,,,,,,,,,,,,,,,,,,,,,,,,,,,,,,,,,,,,,,,,,,,,,,,,,,,,,,,,
105.0,O,2.0,10.0,L,16.0,Run,Rush,Twins Split,,R,,,,4.0,1.0,Shaw,1.0,O,,,,,,,,,,,,,,,,,,,,,,,,,,,,,,,,,,,,,,,,,,,,,,,,,,,,,,,,,,,,,,,,,,,,,,,,,,,,,,,,,,,
106.0,O,3.0,9.0,M,15.0,Pass,Incomplete,Twins Split,,R,,,,4.0,0.0,Shaw,0.0,O,,,,,,,,,,,,,,,,,,,,,,,,,,,,,,,,,,,,,,,,,,,,,,,,,,,,,,,,,,,,,,,,,,,,,,,,,,,,,,,,,,,
107.0,O,4.0,9.0,M,15.0,Run,Rush,FLA. BLUE,,R,,,,4.0,1.0,Shaw,1.0,O,,,,,,,,,,,,,,,,,,,,,,,,,,,,,,,,,,,,,,,,,,,,,,,,,,,,,,,,,,,,,,,,,,,,,,,,,,,,,,,,,,,
108.0,D,1.0,10.0,R,-16.0,Run,Rush,IOWA BLACK,,L,,,,4.0,-1.0,Shaw,-1.0,D,,,,,,,,,,,,,,,,,,,,,,,,,,,,,,,,,,,,,,,,,,,,,,,,,,,,,,,,,,,,,,,,,,,,,,,,,,,,,,,,,,,
109.0,D,2.0,11.0,M,-15.0,Run,Rush,IOWA BLACK,,R,,,,4.0,-10.0,Shaw,-10.0,D,,,,,,,,,,,,,,,,,,,,,,,,,,,,,,,,,,,,,,,,,,,,,,,,,,,,,,,,,,,,,,,,,,,,,,,,,,,,,,,,,,,
110.0,S,,,,,,,IOWA BLACK,,,,,,4.0,,Shaw,0.0,S,,,,,,,,,,,,,,,,,,,,,,,,,,,,,,,,,,,,,,,,,,,,,,,,,,,,,,,,,,,,,,,,,,,,,,,,,,,,,,,,,,,
111.0,D,3.0,21.0,M,-5.0,Run,Safety,IOWA BLACK,,L,,,,4.0,0.0,Shaw,0.0,D,,,,,,,,,,,,,,,,,,,,,,,,,,,,,,,,,,,,,,,,,,,,,,,,,,,,,,,,,,,,,,,,,,,,,,,,,,,,,,,,,,,
112.0,K,4.0,,M,-40.0,KO,Return,,,,,,,4.0,,Shaw,0.0,K,,,,,,,,,,,,,,,,,,,,,,,,,,,,,,,,,,,,,,,,,,,,,,,,,,,,,,,,,,,,,,,,,,,,,,,,,,,,,,,,,,,
113.0,O,1.0,10.0,L,2.0,Run,"Rush, TD",Twins Split,,R,,,,4.0,2.0,Shaw,2.0,O,,,,,,,,,,,,,,,,,,,,,,,,,,,,,,,,,,,,,,,,,,,,,,,,,,,,,,,,,,,,,,,,,,,,,,,,,,,,,,,,,,,
114.0,K,,,M,3.0,Extra Pt.,Good,,,,,,,4.0,,Shaw,0.0,K,,,,,,,,,,,,,,,,,,,,,,,,,,,,,,,,,,,,,,,,,,,,,,,,,,,,,,,,,,,,,,,,,,,,,,,,,,,,,,,,,,,
115.0,S,,,,,,,,,,,,,4.0,,Shaw,0.0,S,,,,,,,,,,,,,,,,,,,,,,,,,,,,,,,,,,,,,,,,,,,,,,,,,,,,,,,,,,,,,,,,,,,,,,,,,,,,,,,,,,,
116.0,K,,,M,-40.0,KO,Return,,,,,,,4.0,,Shaw,0.0,K,,,,,,,,,,,,,,,,,,,,,,,,,,,,,,,,,,,,,,,,,,,,,,,,,,,,,,,,,,,,,,,,,,,,,,,,,,,,,,,,,,,
117.0,D,1.0,10.0,M,-20.0,Pass,Incomplete,IOWA BLACK,,R,,,,4.0,0.0,Shaw,0.0,D,,,,,,,,,,,,,,,,,,,,,,,,,,,,,,,,,,,,,,,,,,,,,,,,,,,,,,,,,,,,,,,,,,,,,,,,,,,,,,,,,,,
118.0,D,2.0,10.0,M,-20.0,Pass,Interception,IOWA BLACK,,R,,,,4.0,0.0,Shaw,0.0,D,,,,,,,,,,,,,,,,,,,,,,,,,,,,,,,,,,,,,,,,,,,,,,,,,,,,,,,,,,,,,,,,,,,,,,,,,,,,,,,,,,,
119.0,O,1.0,10.0,M,31.0,Run,Rush,Twins Split,,R,,,,4.0,0.0,Shaw,0.0,O,,,,,,,,,,,,,,,,,,,,,,,,,,,,,,,,,,,,,,,,,,,,,,,,,,,,,,,,,,,,,,,,,,,,,,,,,,,,,,,,,,,
120.0,O,2.0,10.0,R,31.0,,Penalty,DBL Slot,,,,,,4.0,5.0,Shaw,5.0,O,,,,,,,,,,,,,,,,,,,,,,,,,,,,,,,,,,,,,,,,,,,,,,,,,,,,,,,,,,,,,,,,,,,,,,,,,,,,,,,,,,,
121.0,O,2.0,5.0,R,26.0,Run,Penalty,Twins Split,,R,,,,4.0,-9.0,Shaw,-9.0,O,,,,,,,,,,,,,,,,,,,,,,,,,,,,,,,,,,,,,,,,,,,,,,,,,,,,,,,,,,,,,,,,,,,,,,,,,,,,,,,,,,,
122.0,S,2.0,14.0,,,,,,,,,,,4.0,,Shaw,0.0,S,,,,,,,,,,,,,,,,,,,,,,,,,,,,,,,,,,,,,,,,,,,,,,,,,,,,,,,,,,,,,,,,,,,,,,,,,,,,,,,,,,,
123.0,O,2.0,14.0,R,35.0,Run,Penalty,Twins Split,,R,,,,4.0,-15.0,Shaw,-15.0,O,,,,,,,,,,,,,,,,,,,,,,,,,,,,,,,,,,,,,,,,,,,,,,,,,,,,,,,,,,,,,,,,,,,,,,,,,,,,,,,,,,,
124.0,O,2.0,29.0,R,50.0,Pass,Incomplete,TEXAS BROWN,,R,,,,4.0,0.0,Shaw,0.0,O,,,,,,,,,,,,,,,,,,,,,,,,,,,,,,,,,,,,,,,,,,,,,,,,,,,,,,,,,,,,,,,,,,,,,,,,,,,,,,,,,,,
125.0,O,3.0,29.0,R,50.0,Pass,Incomplete,FLA. BLUE,,L,,,,4.0,0.0,Shaw,0.0,O,,,,,,,,,,,,,,,,,,,,,,,,,,,,,,,,,,,,,,,,,,,,,,,,,,,,,,,,,,,,,,,,,,,,,,,,,,,,,,,,,,,
126.0,K,4.0,29.0,R,50.0,Punt,Downed,,,,,,,4.0,,Shaw,0.0,K,,,,,,,,,,,,,,,,,,,,,,,,,,,,,,,,,,,,,,,,,,,,,,,,,,,,,,,,,,,,,,,,,,,,,,,,,,,,,,,,,,,
127.0,S,,,,,,,,,,,,,4.0,,Shaw,0.0,S,,,,,,,,,,,,,,,,,,,,,,,,,,,,,,,,,,,,,,,,,,,,,,,,,,,,,,,,,,,,,,,,,,,,,,,,,,,,,,,,,,,
128.0,S,,,,,,,,,,,,,4.0,,Shaw,0.0,S,,,,,,,,,,,,,,,,,,,,,,,,,,,,,,,,,,,,,,,,,,,,,,,,,,,,,,,,,,,,,,,,,,,,,,,,,,,,,,,,,,,
129.0,S,,,,,,,,,,,,,4.0,,Shaw,0.0,S,,,,,,,,,,,,,,,,,,,,,,,,,,,,,,,,,,,,,,,,,,,,,,,,,,,,,,,,,,,,,,,,,,,,,,,,,,,,,,,,,,,
130.0,D,1.0,10.0,L,-8.0,Run,Rush,,,L,,,,4.0,8.0,Shaw,8.0,D,,,,,,,,,,,,,,,,,,,,,,,,,,,,,,,,,,,,,,,,,,,,,,,,,,,,,,,,,,,,,,,,,,,,,,,,,,,,,,,,,,,
131.0,D,2.0,2.0,L,-16.0,Run,Rush,IOWA BLACK,,R,,,,4.0,-3.0,Shaw,-3.0,D,,,,,,,,,,,,,,,,,,,,,,,,,,,,,,,,,,,,,,,,,,,,,,,,,,,,,,,,,,,,,,,,,,,,,,,,,,,,,,,,,,,
132.0,D,3.0,5.0,M,-13.0,Run,Rush,IOWA BLACK,,R,,,,4.0,-7.0,Shaw,-7.0,D,,,,,,,,,,,,,,,,,,,,,,,,,,,,,,,,,,,,,,,,,,,,,,,,,,,,,,,,,,,,,,,,,,,,,,,,,,,,,,,,,,,
133.0,D,4.0,12.0,M,-6.0,Run,Safety,WISCONSIN RED,,R,,,,4.0,0.0,Shaw,0.0,D,,,,,,,,,,,,,,,,,,,,,,,,,,,,,,,,,,,,,,,,,,,,,,,,,,,,,,,,,,,,,,,,,,,,,,,,,,,,,,,,,,,
134.0,K,,,M,-20.0,KO Rec,Return,,,,,,,4.0,,Shaw,0.0,K,,,,,,,,,,,,,,,,,,,,,,,,,,,,,,,,,,,,,,,,,,,,,,,,,,,,,,,,,,,,,,,,,,,,,,,,,,,,,,,,,,,
135.0,O,1.0,10.0,L,45.0,Run,Rush,Wyoming brown,,L,,,,4.0,4.0,Shaw,4.0,O,,,,,,,,,,,,,,,,,,,,,,,,,,,,,,,,,,,,,,,,,,,,,,,,,,,,,,,,,,,,,,,,,,,,,,,,,,,,,,,,,,,
136.0,O,2.0,6.0,L,41.0,Run,Rush,Wyoming brown,,L,,,,4.0,8.0,Shaw,8.0,O,,,,,,,,,,,,,,,,,,,,,,,,,,,,,,,,,,,,,,,,,,,,,,,,,,,,,,,,,,,,,,,,,,,,,,,,,,,,,,,,,,,
137.0,S,,,,,,,Twins Split,,,,,,4.0,,Shaw,0.0,S,,,,,,,,,,,,,,,,,,,,,,,,,,,,,,,,,,,,,,,,,,,,,,,,,,,,,,,,,,,,,,,,,,,,,,,,,,,,,,,,,,,
1.0,K,,,L,-40.0,KO Rec,Return,,,,,,,1.0,,Warrensville,0.0,K,,,,,,,,,,,,,,,,,,,,,,,,,,,,,,,,,,,,,,,,,,,,,,,,,,,,,,,,,,,,,,,,,,,,,,,,,,,,,,,,,,,
2.0,O,1.0,10.0,R,-35.0,Run,Rush,WISCONSIN RED,DUO LEFT,R,,,,1.0,2.0,Warrensville,2.0,O,,,,,,,,,,,,,,,,,,,,,,,,,,,,,,,,,,,,,,,,,,,,,,,,,,,,,,,,,,,,,,,,,,,,,,,,,,,,,,,,,,,
3.0,O,2.0,8.0,M,-37.0,Pass,Incomplete,WYOMING GOLD,ISO RIGHT BOOT LEFT H UNDER,R,,,,1.0,0.0,Warrensville,0.0,O,,,,,,,,,,,,,,,,,,,,,,,,,,,,,,,,,,,,,,,,,,,,,,,,,,,,,,,,,,,,,,,,,,,,,,,,,,,,,,,,,,,
4.0,O,3.0,8.0,M,-37.0,Run,Rush,WISCONSIN RED,51 SURBARU/FORD,L,,,,1.0,-5.0,Warrensville,-5.0,O,,,,,,,,,,,,,,,,,,,,,,,,,,,,,,,,,,,,,,,,,,,,,,,,,,,,,,,,,,,,,,,,,,,,,,,,,,,,,,,,,,,
5.0,K,4.0,13.0,L,-32.0,Punt,Return,,,,,,,1.0,,Warrensville,0.0,K,,,,,,,,,,,,,,,,,,,,,,,,,,,,,,,,,,,,,,,,,,,,,,,,,,,,,,,,,,,,,,,,,,,,,,,,,,,,,,,,,,,
6.0,D,1.0,10.0,R,-41.0,Pass,Complete,WISCONSIN RED,,L,,,,1.0,29.0,Warrensville,29.0,D,,,,,,,,,,,,,,,,,,,,,,,,,,,,,,,,,,,,,,,,,,,,,,,,,,,,,,,,,,,,,,,,,,,,,,,,,,,,,,,,,,,
7.0,D,1.0,10.0,L,30.0,Run,Rush,IOWA BLACK,,L,,,,1.0,3.0,Warrensville,3.0,D,,,,,,,,,,,,,,,,,,,,,,,,,,,,,,,,,,,,,,,,,,,,,,,,,,,,,,,,,,,,,,,,,,,,,,,,,,,,,,,,,,,
8.0,D,2.0,7.0,L,27.0,Run,Rush,WISCONSIN RED,,R,,,,1.0,8.0,Warrensville,8.0,D,,,,,,,,,,,,,,,,,,,,,,,,,,,,,,,,,,,,,,,,,,,,,,,,,,,,,,,,,,,,,,,,,,,,,,,,,,,,,,,,,,,
9.0,D,1.0,10.0,R,19.0,Run,Rush,WISCONSIN RED,,R,,,,1.0,2.0,Warrensville,2.0,D,,,,,,,,,,,,,,,,,,,,,,,,,,,,,,,,,,,,,,,,,,,,,,,,,,,,,,,,,,,,,,,,,,,,,,,,,,,,,,,,,,,
10.0,D,2.0,8.0,R,17.0,Run,Rush,IOWA BLACK,,L,,,,1.0,2.0,Warrensville,2.0,D,,,,,,,,,,,,,,,,,,,,,,,,,,,,,,,,,,,,,,,,,,,,,,,,,,,,,,,,,,,,,,,,,,,,,,,,,,,,,,,,,,,
11.0,D,3.0,6.0,M,15.0,Run,Rush,WISCONSIN RED,,L,,,,1.0,12.0,Warrensville,12.0,D,,,,,,,,,,,,,,,,,,,,,,,,,,,,,,,,,,,,,,,,,,,,,,,,,,,,,,,,,,,,,,,,,,,,,,,,,,,,,,,,,,,
12.0,D,1.0,3.0,L,3.0,Run,Penalty,WISCONSIN RED,,L,,,,1.0,1.0,Warrensville,1.0,D,,,,,,,,,,,,,,,,,,,,,,,,,,,,,,,,,,,,,,,,,,,,,,,,,,,,,,,,,,,,,,,,,,,,,,,,,,,,,,,,,,,
13.0,D,1.0,2.0,L,2.0,Run,"Rush, TD",UTAH RED,,R,,,,1.0,2.0,Warrensville,2.0,D,,,,,,,,,,,,,,,,,,,,,,,,,,,,,,,,,,,,,,,,,,,,,,,,,,,,,,,,,,,,,,,,,,,,,,,,,,,,,,,,,,,
14.0,K,,,M,3.0,2 Pt. Defend,No Good,,,L,,,,1.0,,Warrensville,0.0,K,,,,,,,,,,,,,,,,,,,,,,,,,,,,,,,,,,,,,,,,,,,,,,,,,,,,,,,,,,,,,,,,,,,,,,,,,,,,,,,,,,,
15.0,K,,,L,-40.0,KO Rec,Out of Bounds,,,,,,,1.0,,Warrensville,0.0,K,,,,,,,,,,,,,,,,,,,,,,,,,,,,,,,,,,,,,,,,,,,,,,,,,,,,,,,,,,,,,,,,,,,,,,,,,,,,,,,,,,,
16.0,O,1.0,10.0,M,-35.0,Run,Rush,WISCONSIN RED T LEFT,Y JET SWEEP,L,,,,1.0,7.0,Warrensville,7.0,O,,,,,,,,,,,,,,,,,,,,,,,,,,,,,,,,,,,,,,,,,,,,,,,,,,,,,,,,,,,,,,,,,,,,,,,,,,,,,,,,,,,
17.0,O,2.0,3.0,L,-42.0,Pass,Incomplete,WYOMING GOLD,ISO LEFT,L,,,,1.0,0.0,Warrensville,0.0,O,,,,,,,,,,,,,,,,,,,,,,,,,,,,,,,,,,,,,,,,,,,,,,,,,,,,,,,,,,,,,,,,,,,,,,,,,,,,,,,,,,,
18.0,O,3.0,3.0,L,-42.0,Pass,Complete,Wyoming brown,QUICK PITCH RIGHT,R,,,,1.0,2.0,Warrensville,2.0,O,,,,,,,,,,,,,,,,,,,,,,,,,,,,,,,,,,,,,,,,,,,,,,,,,,,,,,,,,,,,,,,,,,,,,,,,,,,,,,,,,,,
19.0,O,4.0,1.0,M,-44.0,Run,Rush,WISCONSIN RED,ISO LEFT (LOCK),L,,,,1.0,0.0,Warrensville,0.0,O,,,,,,,,,,,,,,,,,,,,,,,,,,,,,,,,,,,,,,,,,,,,,,,,,,,,,,,,,,,,,,,,,,,,,,,,,,,,,,,,,,,
20.0,D,1.0,10.0,M,44.0,Pass,Interception,WISCONSIN RED,,L,,,,1.0,,Warrensville,0.0,D,,,,,,,,,,,,,,,,,,,,,,,,,,,,,,,,,,,,,,,,,,,,,,,,,,,,,,,,,,,,,,,,,,,,,,,,,,,,,,,,,,,
21.0,O,1.0,10.0,R,-35.0,Run,Rush,Wyoming brown,HIP ISO LEFT,L,,,,1.0,8.0,Warrensville,8.0,O,,,,,,,,,,,,,,,,,,,,,,,,,,,,,,,,,,,,,,,,,,,,,,,,,,,,,,,,,,,,,,,,,,,,,,,,,,,,,,,,,,,
22.0,O,2.0,2.0,M,-43.0,Pass,Incomplete,Wyoming brown,51 CADILLAC,L,,,,1.0,0.0,Warrensville,0.0,O,,,,,,,,,,,,,,,,,,,,,,,,,,,,,,,,,,,,,,,,,,,,,,,,,,,,,,,,,,,,,,,,,,,,,,,,,,,,,,,,,,,
23.0,O,3.0,2.0,M,-43.0,,Timeout,Twins Split,,,,,,1.0,0.0,Warrensville,0.0,O,,,,,,,,,,,,,,,,,,,,,,,,,,,,,,,,,,,,,,,,,,,,,,,,,,,,,,,,,,,,,,,,,,,,,,,,,,,,,,,,,,,
24.0,O,3.0,2.0,M,-43.0,,Penalty,,,,,,,1.0,-5.0,Warrensville,-5.0,O,,,,,,,,,,,,,,,,,,,,,,,,,,,,,,,,,,,,,,,,,,,,,,,,,,,,,,,,,,,,,,,,,,,,,,,,,,,,,,,,,,,
25.0,O,3.0,7.0,M,-38.0,Pass,Complete,Wyoming brown,,L,,,,1.0,-1.0,Warrensville,-1.0,O,,,,,,,,,,,,,,,,,,,,,,,,,,,,,,,,,,,,,,,,,,,,,,,,,,,,,,,,,,,,,,,,,,,,,,,,,,,,,,,,,,,
26.0,K,4.0,8.0,L,-37.0,Punt,Return,,,,,,,1.0,,Warrensville,0.0,K,,,,,,,,,,,,,,,,,,,,,,,,,,,,,,,,,,,,,,,,,,,,,,,,,,,,,,,,,,,,,,,,,,,,,,,,,,,,,,,,,,,
27.0,D,1.0,10.0,R,-34.0,Run,Rush,UTAH RED,,R,,,,1.0,1.0,Warrensville,1.0,D,,,,,,,,,,,,,,,,,,,,,,,,,,,,,,,,,,,,,,,,,,,,,,,,,,,,,,,,,,,,,,,,,,,,,,,,,,,,,,,,,,,
28.0,D,2.0,9.0,R,-35.0,Run,Rush,UTAH RED,,L,,,,1.0,4.0,Warrensville,4.0,D,,,,,,,,,,,,,,,,,,,,,,,,,,,,,,,,,,,,,,,,,,,,,,,,,,,,,,,,,,,,,,,,,,,,,,,,,,,,,,,,,,,
29.0,D,3.0,5.0,M,-39.0,,Timeout,,,,,,,1.0,0.0,Warrensville,0.0,D,,,,,,,,,,,,,,,,,,,,,,,,,,,,,,,,,,,,,,,,,,,,,,,,,,,,,,,,,,,,,,,,,,,,,,,,,,,,,,,,,,,
30.0,D,3.0,5.0,M,-39.0,Pass,Complete,WISCONSIN RED,,R,,,,1.0,7.0,Warrensville,7.0,D,,,,,,,,,,,,,,,,,,,,,,,,,,,,,,,,,,,,,,,,,,,,,,,,,,,,,,,,,,,,,,,,,,,,,,,,,,,,,,,,,,,
31.0,D,1.0,10.0,R,-46.0,Run,Rush,IOWA BLACK,,R,,,,1.0,3.0,Warrensville,3.0,D,,,,,,,,,,,,,,,,,,,,,,,,,,,,,,,,,,,,,,,,,,,,,,,,,,,,,,,,,,,,,,,,,,,,,,,,,,,,,,,,,,,
32.0,D,2.0,7.0,R,-49.0,Run,Rush,WISCONSIN RED,,L,,,,1.0,8.0,Warrensville,8.0,D,,,,,,,,,,,,,,,,,,,,,,,,,,,,,,,,,,,,,,,,,,,,,,,,,,,,,,,,,,,,,,,,,,,,,,,,,,,,,,,,,,,
33.0,D,1.0,10.0,L,43.0,,Penalty,,,,,,,1.0,-5.0,Warrensville,-5.0,D,,,,,,,,,,,,,,,,,,,,,,,,,,,,,,,,,,,,,,,,,,,,,,,,,,,,,,,,,,,,,,,,,,,,,,,,,,,,,,,,,,,
34.0,D,1.0,15.0,L,48.0,Run,Penalty,WISCONSIN RED,,R,,,,1.0,16.0,Warrensville,16.0,D,,,,,,,,,,,,,,,,,,,,,,,,,,,,,,,,,,,,,,,,,,,,,,,,,,,,,,,,,,,,,,,,,,,,,,,,,,,,,,,,,,,
35.0,D,1.0,10.0,R,32.0,,Timeout,WISCONSIN RED,,,,,,1.0,0.0,Warrensville,0.0,D,,,,,,,,,,,,,,,,,,,,,,,,,,,,,,,,,,,,,,,,,,,,,,,,,,,,,,,,,,,,,,,,,,,,,,,,,,,,,,,,,,,
36.0,D,1.0,10.0,R,32.0,Run,Rush,Wyoming brown,,L,,,,2.0,-3.0,Warrensville,-3.0,D,,,,,,,,,,,,,,,,,,,,,,,,,,,,,,,,,,,,,,,,,,,,,,,,,,,,,,,,,,,,,,,,,,,,,,,,,,,,,,,,,,,
37.0,D,2.0,13.0,L,35.0,Pass,Incomplete,Wyoming brown,,R,,,,2.0,0.0,Warrensville,0.0,D,,,,,,,,,,,,,,,,,,,,,,,,,,,,,,,,,,,,,,,,,,,,,,,,,,,,,,,,,,,,,,,,,,,,,,,,,,,,,,,,,,,
38.0,D,3.0,13.0,L,35.0,Run,Rush,IOWA BLACK,,L,,,,2.0,10.0,Warrensville,10.0,D,,,,,,,,,,,,,,,,,,,,,,,,,,,,,,,,,,,,,,,,,,,,,,,,,,,,,,,,,,,,,,,,,,,,,,,,,,,,,,,,,,,
39.0,D,4.0,3.0,L,25.0,Run,Penalty,UTAH RED,,L,,,,2.0,4.0,Warrensville,4.0,D,,,,,,,,,,,,,,,,,,,,,,,,,,,,,,,,,,,,,,,,,,,,,,,,,,,,,,,,,,,,,,,,,,,,,,,,,,,,,,,,,,,
40.0,D,1.0,10.0,L,21.0,Run,Rush,UTAH RED,,R,,,,2.0,2.0,Warrensville,2.0,D,,,,,,,,,,,,,,,,,,,,,,,,,,,,,,,,,,,,,,,,,,,,,,,,,,,,,,,,,,,,,,,,,,,,,,,,,,,,,,,,,,,
41.0,D,2.0,8.0,M,19.0,Run,Rush,,,R,,,,2.0,4.0,Warrensville,4.0,D,,,,,,,,,,,,,,,,,,,,,,,,,,,,,,,,,,,,,,,,,,,,,,,,,,,,,,,,,,,,,,,,,,,,,,,,,,,,,,,,,,,
42.0,D,3.0,5.0,R,15.0,Run,Rush,UTAH RED,,R,,,,2.0,-2.0,Warrensville,-2.0,D,,,,,,,,,,,,,,,,,,,,,,,,,,,,,,,,,,,,,,,,,,,,,,,,,,,,,,,,,,,,,,,,,,,,,,,,,,,,,,,,,,,
43.0,K,4.0,7.0,R,17.0,FG Block,No Good,,,,,,,2.0,,Warrensville,0.0,K,,,,,,,,,,,,,,,,,,,,,,,,,,,,,,,,,,,,,,,,,,,,,,,,,,,,,,,,,,,,,,,,,,,,,,,,,,,,,,,,,,,
44.0,O,1.0,10.0,L,-24.0,Pass,Incomplete,IOWA BLACK,61 H OVER,R,,,,2.0,0.0,Warrensville,0.0,O,,,,,,,,,,,,,,,,,,,,,,,,,,,,,,,,,,,,,,,,,,,,,,,,,,,,,,,,,,,,,,,,,,,,,,,,,,,,,,,,,,,
45.0,O,2.0,10.0,L,-24.0,Run,Rush,FLA. BLUE,,R,,,,2.0,3.0,Warrensville,3.0,O,,,,,,,,,,,,,,,,,,,,,,,,,,,,,,,,,,,,,,,,,,,,,,,,,,,,,,,,,,,,,,,,,,,,,,,,,,,,,,,,,,,
46.0,O,3.0,7.0,R,-27.0,,Timeout,,,,,,,2.0,0.0,Warrensville,0.0,O,,,,,,,,,,,,,,,,,,,,,,,,,,,,,,,,,,,,,,,,,,,,,,,,,,,,,,,,,,,,,,,,,,,,,,,,,,,,,,,,,,,
47.0,O,4.0,7.0,R,-27.0,Pass,Penalty,WISCONSIN RED,,L,,,,2.0,10.0,Warrensville,10.0,O,,,,,,,,,,,,,,,,,,,,,,,,,,,,,,,,,,,,,,,,,,,,,,,,,,,,,,,,,,,,,,,,,,,,,,,,,,,,,,,,,,,
48.0,O,1.0,10.0,R,-37.0,Run,Rush,Wyoming brown,HIP ISO LEFT,L,,,,2.0,-2.0,Warrensville,-2.0,O,,,,,,,,,,,,,,,,,,,,,,,,,,,,,,,,,,,,,,,,,,,,,,,,,,,,,,,,,,,,,,,,,,,,,,,,,,,,,,,,,,,
49.0,O,2.0,12.0,L,-35.0,Pass,Complete,WISCONSIN RED,50 DODGE,R,,,,2.0,29.0,Warrensville,29.0,O,,,,,,,,,,,,,,,,,,,,,,,,,,,,,,,,,,,,,,,,,,,,,,,,,,,,,,,,,,,,,,,,,,,,,,,,,,,,,,,,,,,
50.0,O,1.0,10.0,L,36.0,Run,Rush,IOWA BLACK,,R,,,,2.0,-3.0,Warrensville,-3.0,O,,,,,,,,,,,,,,,,,,,,,,,,,,,,,,,,,,,,,,,,,,,,,,,,,,,,,,,,,,,,,,,,,,,,,,,,,,,,,,,,,,,
51.0,O,2.0,13.0,M,39.0,Pass,Complete,Wyoming brown,80 Z COMEBACK,R,,,,2.0,12.0,Warrensville,12.0,O,,,,,,,,,,,,,,,,,,,,,,,,,,,,,,,,,,,,,,,,,,,,,,,,,,,,,,,,,,,,,,,,,,,,,,,,,,,,,,,,,,,
52.0,O,3.0,1.0,R,27.0,Run,Rush,Wyoming brown,,R,,,,2.0,-7.0,Warrensville,-7.0,O,,,,,,,,,,,,,,,,,,,,,,,,,,,,,,,,,,,,,,,,,,,,,,,,,,,,,,,,,,,,,,,,,,,,,,,,,,,,,,,,,,,
53.0,O,4.0,8.0,R,34.0,Run,Rush,IOWA BLACK,,R,,,,2.0,9.0,Warrensville,9.0,O,,,,,,,,,,,,,,,,,,,,,,,,,,,,,,,,,,,,,,,,,,,,,,,,,,,,,,,,,,,,,,,,,,,,,,,,,,,,,,,,,,,
54.0,O,1.0,10.0,R,25.0,Pass,Incomplete,IOWA BLACK,51 FORD,L,,,,2.0,0.0,Warrensville,0.0,O,,,,,,,,,,,,,,,,,,,,,,,,,,,,,,,,,,,,,,,,,,,,,,,,,,,,,,,,,,,,,,,,,,,,,,,,,,,,,,,,,,,
55.0,O,2.0,10.0,R,25.0,Pass,Incomplete,IOWA BLACK,51 SATURN,L,,,,2.0,0.0,Warrensville,0.0,O,,,,,,,,,,,,,,,,,,,,,,,,,,,,,,,,,,,,,,,,,,,,,,,,,,,,,,,,,,,,,,,,,,,,,,,,,,,,,,,,,,,
56.0,O,3.0,10.0,R,25.0,Pass,Incomplete,FLA. BLUE,60 Y OVER,R,,,,2.0,0.0,Warrensville,0.0,O,,,,,,,,,,,,,,,,,,,,,,,,,,,,,,,,,,,,,,,,,,,,,,,,,,,,,,,,,,,,,,,,,,,,,,,,,,,,,,,,,,,
57.0,O,4.0,10.0,R,25.0,Pass,Incomplete,FLA ORANGE T RT,60 FLAT,R,,,,2.0,0.0,Warrensville,0.0,O,,,,,,,,,,,,,,,,,,,,,,,,,,,,,,,,,,,,,,,,,,,,,,,,,,,,,,,,,,,,,,,,,,,,,,,,,,,,,,,,,,,
58.0,D,1.0,10.0,L,-25.0,Pass,Sack,IOWA BLACK,,L,,,,2.0,-5.0,Warrensville,-5.0,D,,,,,,,,,,,,,,,,,,,,,,,,,,,,,,,,,,,,,,,,,,,,,,,,,,,,,,,,,,,,,,,,,,,,,,,,,,,,,,,,,,,
59.0,D,2.0,15.0,L,-20.0,Pass,Sack,WISCONSIN RED,,L,,,,2.0,-7.0,Warrensville,-7.0,D,,,,,,,,,,,,,,,,,,,,,,,,,,,,,,,,,,,,,,,,,,,,,,,,,,,,,,,,,,,,,,,,,,,,,,,,,,,,,,,,,,,
60.0,D,3.0,22.0,L,-13.0,Run,Rush,IOWA BLACK,,L,,,,2.0,7.0,Warrensville,7.0,D,,,,,,,,,,,,,,,,,,,,,,,,,,,,,,,,,,,,,,,,,,,,,,,,,,,,,,,,,,,,,,,,,,,,,,,,,,,,,,,,,,,
61.0,K,4.0,15.0,L,-20.0,Punt Rec,Downed,,,,,,,2.0,,Warrensville,0.0,K,,,,,,,,,,,,,,,,,,,,,,,,,,,,,,,,,,,,,,,,,,,,,,,,,,,,,,,,,,,,,,,,,,,,,,,,,,,,,,,,,,,
62.0,O,1.0,10.0,R,39.0,Pass,Scramble,FLA. BLUE,,L,,,,2.0,11.0,Warrensville,11.0,O,,,,,,,,,,,,,,,,,,,,,,,,,,,,,,,,,,,,,,,,,,,,,,,,,,,,,,,,,,,,,,,,,,,,,,,,,,,,,,,,,,,
63.0,O,1.0,10.0,L,28.0,Pass,Complete,IOWA BLACK,50 FORD,R,,,,2.0,8.0,Warrensville,8.0,O,,,,,,,,,,,,,,,,,,,,,,,,,,,,,,,,,,,,,,,,,,,,,,,,,,,,,,,,,,,,,,,,,,,,,,,,,,,,,,,,,,,
64.0,O,2.0,2.0,R,20.0,Pass,Incomplete,IOWA BLACK,,L,,,,2.0,0.0,Warrensville,0.0,O,,,,,,,,,,,,,,,,,,,,,,,,,,,,,,,,,,,,,,,,,,,,,,,,,,,,,,,,,,,,,,,,,,,,,,,,,,,,,,,,,,,
65.0,O,3.0,2.0,R,20.0,Pass,Complete,IOWA BLACK,50 HONDA,R,,,,2.0,5.0,Warrensville,5.0,O,,,,,,,,,,,,,,,,,,,,,,,,,,,,,,,,,,,,,,,,,,,,,,,,,,,,,,,,,,,,,,,,,,,,,,,,,,,,,,,,,,,
66.0,O,1.0,10.0,R,15.0,Pass,"Scramble, TD",TEXAS BROWN,,R,,,,2.0,15.0,Warrensville,15.0,O,,,,,,,,,,,,,,,,,,,,,,,,,,,,,,,,,,,,,,,,,,,,,,,,,,,,,,,,,,,,,,,,,,,,,,,,,,,,,,,,,,,
67.0,K,,,M,3.0,Extra Pt.,Good,,,,,,,2.0,,Warrensville,0.0,K,,,,,,,,,,,,,,,,,,,,,,,,,,,,,,,,,,,,,,,,,,,,,,,,,,,,,,,,,,,,,,,,,,,,,,,,,,,,,,,,,,,
68.0,K,,,M,-40.0,KO,Return,,,,,,,2.0,,Warrensville,0.0,K,,,,,,,,,,,,,,,,,,,,,,,,,,,,,,,,,,,,,,,,,,,,,,,,,,,,,,,,,,,,,,,,,,,,,,,,,,,,,,,,,,,
69.0,D,1.0,10.0,L,34.0,Pass,Penalty,Wyoming brown,,R,,,,2.0,-16.0,Warrensville,-16.0,D,,,,,,,,,,,,,,,,,,,,,,,,,,,,,,,,,,,,,,,,,,,,,,,,,,,,,,,,,,,,,,,,,,,,,,,,,,,,,,,,,,,
70.0,D,1.0,26.0,L,50.0,Run,Rush,Twins Split,,,,,,2.0,-2.0,Warrensville,-2.0,D,,,,,,,,,,,,,,,,,,,,,,,,,,,,,,,,,,,,,,,,,,,,,,,,,,,,,,,,,,,,,,,,,,,,,,,,,,,,,,,,,,,
71.0,K,2.0,28.0,M,-40.0,KO,Return,,,,,,,3.0,,Warrensville,0.0,K,,,,,,,,,,,,,,,,,,,,,,,,,,,,,,,,,,,,,,,,,,,,,,,,,,,,,,,,,,,,,,,,,,,,,,,,,,,,,,,,,,,
72.0,D,1.0,10.0,M,-32.0,Run,Rush,WISCONSIN RED,,L,,,,3.0,2.0,Warrensville,2.0,D,,,,,,,,,,,,,,,,,,,,,,,,,,,,,,,,,,,,,,,,,,,,,,,,,,,,,,,,,,,,,,,,,,,,,,,,,,,,,,,,,,,
73.0,D,2.0,8.0,L,-34.0,Run,Rush,Wyoming brown,,R,,,,3.0,6.0,Warrensville,6.0,D,,,,,,,,,,,,,,,,,,,,,,,,,,,,,,,,,,,,,,,,,,,,,,,,,,,,,,,,,,,,,,,,,,,,,,,,,,,,,,,,,,,
74.0,D,3.0,2.0,M,-40.0,Run,Rush,WISCONSIN RED,,L,,,,3.0,8.0,Warrensville,8.0,D,,,,,,,,,,,,,,,,,,,,,,,,,,,,,,,,,,,,,,,,,,,,,,,,,,,,,,,,,,,,,,,,,,,,,,,,,,,,,,,,,,,
75.0,D,1.0,10.0,L,-48.0,Run,Rush,WISCONSIN RED,,L,,,,3.0,3.0,Warrensville,3.0,D,,,,,,,,,,,,,,,,,,,,,,,,,,,,,,,,,,,,,,,,,,,,,,,,,,,,,,,,,,,,,,,,,,,,,,,,,,,,,,,,,,,
76.0,D,2.0,7.0,L,49.0,Run,Rush,WISCONSIN RED,,L,,,,3.0,-3.0,Warrensville,-3.0,D,,,,,,,,,,,,,,,,,,,,,,,,,,,,,,,,,,,,,,,,,,,,,,,,,,,,,,,,,,,,,,,,,,,,,,,,,,,,,,,,,,,
77.0,D,3.0,10.0,L,-48.0,Pass,Incomplete,WISCONSIN RED,,L,,,,3.0,0.0,Warrensville,0.0,D,,,,,,,,,,,,,,,,,,,,,,,,,,,,,,,,,,,,,,,,,,,,,,,,,,,,,,,,,,,,,,,,,,,,,,,,,,,,,,,,,,,
78.0,K,4.0,10.0,L,-48.0,Punt Rec,Downed,,,,,,,3.0,,Warrensville,0.0,K,,,,,,,,,,,,,,,,,,,,,,,,,,,,,,,,,,,,,,,,,,,,,,,,,,,,,,,,,,,,,,,,,,,,,,,,,,,,,,,,,,,
79.0,O,1.0,10.0,R,45.0,Run,Rush,TEXAS BROWN,TIT DAVE RIGHT,L,,,,3.0,5.0,Warrensville,5.0,O,,,,,,,,,,,,,,,,,,,,,,,,,,,,,,,,,,,,,,,,,,,,,,,,,,,,,,,,,,,,,,,,,,,,,,,,,,,,,,,,,,,
80.0,O,2.0,5.0,M,40.0,Pass,Scramble,TEXAS BROWN,50 SUBARU,L,,,,3.0,6.0,Warrensville,6.0,O,,,,,,,,,,,,,,,,,,,,,,,,,,,,,,,,,,,,,,,,,,,,,,,,,,,,,,,,,,,,,,,,,,,,,,,,,,,,,,,,,,,
81.0,O,1.0,10.0,L,34.0,Run,Rush,FLA. BLUE,TIT DAVE RIGHT,R,,,,3.0,3.0,Warrensville,3.0,O,,,,,,,,,,,,,,,,,,,,,,,,,,,,,,,,,,,,,,,,,,,,,,,,,,,,,,,,,,,,,,,,,,,,,,,,,,,,,,,,,,,
82.0,O,2.0,7.0,L,31.0,Run,Penalty,IOWA BLACK,TIT DUO GUT LEFT,L,,,,3.0,19.0,Warrensville,19.0,O,,,,,,,,,,,,,,,,,,,,,,,,,,,,,,,,,,,,,,,,,,,,,,,,,,,,,,,,,,,,,,,,,,,,,,,,,,,,,,,,,,,
83.0,O,1.0,10.0,L,12.0,Run,Rush,,,R,,,,3.0,3.0,Warrensville,3.0,O,,,,,,,,,,,,,,,,,,,,,,,,,,,,,,,,,,,,,,,,,,,,,,,,,,,,,,,,,,,,,,,,,,,,,,,,,,,,,,,,,,,
84.0,O,2.0,7.0,R,9.0,Run,Penalty,,,L,,,,3.0,-10.0,Warrensville,-10.0,O,,,,,,,,,,,,,,,,,,,,,,,,,,,,,,,,,,,,,,,,,,,,,,,,,,,,,,,,,,,,,,,,,,,,,,,,,,,,,,,,,,,
85.0,O,2.0,17.0,M,19.0,Pass,Complete,,,L,,,,3.0,4.0,Warrensville,4.0,O,,,,,,,,,,,,,,,,,,,,,,,,,,,,,,,,,,,,,,,,,,,,,,,,,,,,,,,,,,,,,,,,,,,,,,,,,,,,,,,,,,,
86.0,O,3.0,13.0,L,15.0,Pass,"Complete, TD",TEXAS BROWN,,R,,,,3.0,15.0,Warrensville,15.0,O,,,,,,,,,,,,,,,,,,,,,,,,,,,,,,,,,,,,,,,,,,,,,,,,,,,,,,,,,,,,,,,,,,,,,,,,,,,,,,,,,,,
87.0,K,,,M,3.0,Extra Pt.,Good,,,,,,,3.0,,Warrensville,0.0,K,,,,,,,,,,,,,,,,,,,,,,,,,,,,,,,,,,,,,,,,,,,,,,,,,,,,,,,,,,,,,,,,,,,,,,,,,,,,,,,,,,,
88.0,K,,,M,-40.0,KO,Return,,,,,,,3.0,,Warrensville,0.0,K,,,,,,,,,,,,,,,,,,,,,,,,,,,,,,,,,,,,,,,,,,,,,,,,,,,,,,,,,,,,,,,,,,,,,,,,,,,,,,,,,,,
89.0,D,1.0,10.0,M,-16.0,Run,Rush,WISCONSIN RED,,R,,,,3.0,-2.0,Warrensville,-2.0,D,,,,,,,,,,,,,,,,,,,,,,,,,,,,,,,,,,,,,,,,,,,,,,,,,,,,,,,,,,,,,,,,,,,,,,,,,,,,,,,,,,,
90.0,D,2.0,12.0,M,-14.0,Run,Rush,WISCONSIN RED,,L,,,,3.0,2.0,Warrensville,2.0,D,,,,,,,,,,,,,,,,,,,,,,,,,,,,,,,,,,,,,,,,,,,,,,,,,,,,,,,,,,,,,,,,,,,,,,,,,,,,,,,,,,,
91.0,D,3.0,10.0,L,-16.0,Run,Rush,IOWA BLACK,,R,,,,3.0,9.0,Warrensville,9.0,D,,,,,,,,,,,,,,,,,,,,,,,,,,,,,,,,,,,,,,,,,,,,,,,,,,,,,,,,,,,,,,,,,,,,,,,,,,,,,,,,,,,
92.0,D,4.0,1.0,R,-25.0,Run,Rush,WISCONSIN RED,,R,,,,3.0,-3.0,Warrensville,-3.0,D,,,,,,,,,,,,,,,,,,,,,,,,,,,,,,,,,,,,,,,,,,,,,,,,,,,,,,,,,,,,,,,,,,,,,,,,,,,,,,,,,,,
93.0,O,1.0,10.0,L,22.0,Pass,Scramble,TEXAS BROWN,,L,,,,3.0,2.0,Warrensville,2.0,O,,,,,,,,,,,,,,,,,,,,,,,,,,,,,,,,,,,,,,,,,,,,,,,,,,,,,,,,,,,,,,,,,,,,,,,,,,,,,,,,,,,
94.0,O,2.0,8.0,L,20.0,Run,Rush,IOWA BLACK,TIT DUO GUT LEFT,L,,,,3.0,7.0,Warrensville,7.0,O,,,,,,,,,,,,,,,,,,,,,,,,,,,,,,,,,,,,,,,,,,,,,,,,,,,,,,,,,,,,,,,,,,,,,,,,,,,,,,,,,,,
95.0,O,3.0,1.0,L,13.0,Run,"Rush, TD",,,L,,,,3.0,13.0,Warrensville,13.0,O,,,,,,,,,,,,,,,,,,,,,,,,,,,,,,,,,,,,,,,,,,,,,,,,,,,,,,,,,,,,,,,,,,,,,,,,,,,,,,,,,,,
96.0,K,,,M,3.0,Extra Pt.,Good,,,,,,,3.0,,Warrensville,0.0,K,,,,,,,,,,,,,,,,,,,,,,,,,,,,,,,,,,,,,,,,,,,,,,,,,,,,,,,,,,,,,,,,,,,,,,,,,,,,,,,,,,,
97.0,K,,,M,-40.0,KO,Return,TEXAS BROWN,,,,,,3.0,,Warrensville,0.0,K,,,,,,,,,,,,,,,,,,,,,,,,,,,,,,,,,,,,,,,,,,,,,,,,,,,,,,,,,,,,,,,,,,,,,,,,,,,,,,,,,,,
98.0,D,1.0,10.0,L,-24.0,,Penalty,WISCONSIN RED,,,,,,3.0,-5.0,Warrensville,-5.0,D,,,,,,,,,,,,,,,,,,,,,,,,,,,,,,,,,,,,,,,,,,,,,,,,,,,,,,,,,,,,,,,,,,,,,,,,,,,,,,,,,,,
99.0,D,1.0,15.0,L,-19.0,Pass,Sack,WISCONSIN RED,,L,,,,3.0,-8.0,Warrensville,-8.0,D,,,,,,,,,,,,,,,,,,,,,,,,,,,,,,,,,,,,,,,,,,,,,,,,,,,,,,,,,,,,,,,,,,,,,,,,,,,,,,,,,,,
100.0,D,2.0,23.0,L,-11.0,Run,Rush,WISCONSIN RED,,R,,,,3.0,2.0,Warrensville,2.0,D,,,,,,,,,,,,,,,,,,,,,,,,,,,,,,,,,,,,,,,,,,,,,,,,,,,,,,,,,,,,,,,,,,,,,,,,,,,,,,,,,,,
101.0,D,3.0,21.0,L,-13.0,,Timeout,,,,,,,3.0,0.0,Warrensville,0.0,D,,,,,,,,,,,,,,,,,,,,,,,,,,,,,,,,,,,,,,,,,,,,,,,,,,,,,,,,,,,,,,,,,,,,,,,,,,,,,,,,,,,
102.0,D,3.0,21.0,L,-13.0,Pass,Sack,FLA. BLUE TIGHT,,R,,,,3.0,-12.0,Warrensville,-12.0,D,,,,,,,,,,,,,,,,,,,,,,,,,,,,,,,,,,,,,,,,,,,,,,,,,,,,,,,,,,,,,,,,,,,,,,,,,,,,,,,,,,,
103.0,K,4.0,33.0,R,-1.0,Punt Rec,Downed,,,,,,,3.0,,Warrensville,0.0,K,,,,,,,,,,,,,,,,,,,,,,,,,,,,,,,,,,,,,,,,,,,,,,,,,,,,,,,,,,,,,,,,,,,,,,,,,,,,,,,,,,,
104.0,O,1.0,10.0,L,17.0,Pass,"Complete, TD",IOWA BLACK,TOP ISO LEFT BOOT RIGHT H UNDER,R,,,,3.0,17.0,Warrensville,17.0,O,,,,,,,,,,,,,,,,,,,,,,,,,,,,,,,,,,,,,,,,,,,,,,,,,,,,,,,,,,,,,,,,,,,,,,,,,,,,,,,,,,,
105.0,K,,,M,3.0,Extra Pt.,Good,,,,,,,3.0,,Warrensville,0.0,K,,,,,,,,,,,,,,,,,,,,,,,,,,,,,,,,,,,,,,,,,,,,,,,,,,,,,,,,,,,,,,,,,,,,,,,,,,,,,,,,,,,
106.0,K,,,M,-40.0,KO,Return,TEXAS BROWN,,,,,,3.0,,Warrensville,0.0,K,,,,,,,,,,,,,,,,,,,,,,,,,,,,,,,,,,,,,,,,,,,,,,,,,,,,,,,,,,,,,,,,,,,,,,,,,,,,,,,,,,,
107.0,D,1.0,10.0,L,-20.0,Pass,"Interception, Def TD",FLA. BLUE,,L,,,,3.0,,Warrensville,0.0,D,,,,,,,,,,,,,,,,,,,,,,,,,,,,,,,,,,,,,,,,,,,,,,,,,,,,,,,,,,,,,,,,,,,,,,,,,,,,,,,,,,,
108.0,K,,,M,3.0,Extra Pt.,Good,,,,,,,3.0,,Warrensville,0.0,K,,,,,,,,,,,,,,,,,,,,,,,,,,,,,,,,,,,,,,,,,,,,,,,,,,,,,,,,,,,,,,,,,,,,,,,,,,,,,,,,,,,
109.0,K,,,M,45.0,KO,Touchback,TEXAS BROWN,,,,,,4.0,,Warrensville,0.0,K,,,,,,,,,,,,,,,,,,,,,,,,,,,,,,,,,,,,,,,,,,,,,,,,,,,,,,,,,,,,,,,,,,,,,,,,,,,,,,,,,,,
110.0,D,1.0,10.0,M,-20.0,Run,Rush,WISCONSIN RED,,R,,,,4.0,-1.0,Warrensville,-1.0,D,,,,,,,,,,,,,,,,,,,,,,,,,,,,,,,,,,,,,,,,,,,,,,,,,,,,,,,,,,,,,,,,,,,,,,,,,,,,,,,,,,,
111.0,D,2.0,11.0,R,-19.0,Run,Penalty,OREGON GREEN,,R,,,,4.0,-8.0,Warrensville,-8.0,D,,,,,,,,,,,,,,,,,,,,,,,,,,,,,,,,,,,,,,,,,,,,,,,,,,,,,,,,,,,,,,,,,,,,,,,,,,,,,,,,,,,
112.0,D,2.0,19.0,R,-11.0,Run,Rush,WISCONSIN RED,,R,,,,4.0,1.0,Warrensville,1.0,D,,,,,,,,,,,,,,,,,,,,,,,,,,,,,,,,,,,,,,,,,,,,,,,,,,,,,,,,,,,,,,,,,,,,,,,,,,,,,,,,,,,
113.0,D,3.0,18.0,R,-12.0,Run,Rush,Twins Split,,L,,,,4.0,-3.0,Warrensville,-3.0,D,,,,,,,,,,,,,,,,,,,,,,,,,,,,,,,,,,,,,,,,,,,,,,,,,,,,,,,,,,,,,,,,,,,,,,,,,,,,,,,,,,,
114.0,K,4.0,21.0,L,-9.0,Punt Rec,Fair Catch,,,,,,,4.0,,Warrensville,0.0,K,,,,,,,,,,,,,,,,,,,,,,,,,,,,,,,,,,,,,,,,,,,,,,,,,,,,,,,,,,,,,,,,,,,,,,,,,,,,,,,,,,,
115.0,O,1.0,10.0,M,39.0,Run,Rush,WISCONSIN WHITE,HIP ISO LEFT (LOCK),L,,,,4.0,0.0,Warrensville,0.0,O,,,,,,,,,,,,,,,,,,,,,,,,,,,,,,,,,,,,,,,,,,,,,,,,,,,,,,,,,,,,,,,,,,,,,,,,,,,,,,,,,,,
116.0,O,2.0,10.0,L,39.0,Run,Rush,WISCONSIN WHITE,DUO RIGHT,R,,,,4.0,7.0,Warrensville,7.0,O,,,,,,,,,,,,,,,,,,,,,,,,,,,,,,,,,,,,,,,,,,,,,,,,,,,,,,,,,,,,,,,,,,,,,,,,,,,,,,,,,,,
117.0,O,3.0,3.0,L,32.0,Run,Rush,WISCONSIN WHITE,DUO RIGHT,R,,,,4.0,5.0,Warrensville,5.0,O,,,,,,,,,,,,,,,,,,,,,,,,,,,,,,,,,,,,,,,,,,,,,,,,,,,,,,,,,,,,,,,,,,,,,,,,,,,,,,,,,,,
118.0,O,1.0,10.0,L,27.0,Run,Rush,WISCONSIN WHITE,ISO RIGHT (LOCKED),L,,,,4.0,0.0,Warrensville,0.0,O,,,,,,,,,,,,,,,,,,,,,,,,,,,,,,,,,,,,,,,,,,,,,,,,,,,,,,,,,,,,,,,,,,,,,,,,,,,,,,,,,,,
119.0,O,2.0,10.0,L,27.0,Run,Rush,WISCONSIN WHITE,DUO RIGHT,R,,,,4.0,5.0,Warrensville,5.0,O,,,,,,,,,,,,,,,,,,,,,,,,,,,,,,,,,,,,,,,,,,,,,,,,,,,,,,,,,,,,,,,,,,,,,,,,,,,,,,,,,,,
120.0,O,3.0,5.0,L,22.0,Run,Rush,WISCONSIN WHITE,DUO RIGHT,L,,,,4.0,9.0,Warrensville,9.0,O,,,,,,,,,,,,,,,,,,,,,,,,,,,,,,,,,,,,,,,,,,,,,,,,,,,,,,,,,,,,,,,,,,,,,,,,,,,,,,,,,,,
121.0,O,1.0,10.0,L,13.0,Run,Rush,WISCONSIN WHITE,DUO RIGHT,R,,,,4.0,8.0,Warrensville,8.0,O,,,,,,,,,,,,,,,,,,,,,,,,,,,,,,,,,,,,,,,,,,,,,,,,,,,,,,,,,,,,,,,,,,,,,,,,,,,,,,,,,,,
122.0,O,2.0,2.0,L,5.0,Run,Rush,WISCONSIN RED,,R,,,,4.0,4.0,Warrensville,4.0,O,,,,,,,,,,,,,,,,,,,,,,,,,,,,,,,,,,,,,,,,,,,,,,,,,,,,,,,,,,,,,,,,,,,,,,,,,,,,,,,,,,,
123.0,O,1.0,1.0,M,1.0,Run,Fumble,WISCONSIN RED,,L,,,,4.0,-11.0,Warrensville,-11.0,O,,,,,,,,,,,,,,,,,,,,,,,,,,,,,,,,,,,,,,,,,,,,,,,,,,,,,,,,,,,,,,,,,,,,,,,,,,,,,,,,,,,
124.0,D,1.0,10.0,R,-12.0,Run,Rush,,,L,,,,4.0,5.0,Warrensville,5.0,D,,,,,,,,,,,,,,,,,,,,,,,,,,,,,,,,,,,,,,,,,,,,,,,,,,,,,,,,,,,,,,,,,,,,,,,,,,,,,,,,,,,
125.0,D,2.0,5.0,L,-17.0,Run,Rush,UTAH RED,,L,,,,4.0,6.0,Warrensville,6.0,D,,,,,,,,,,,,,,,,,,,,,,,,,,,,,,,,,,,,,,,,,,,,,,,,,,,,,,,,,,,,,,,,,,,,,,,,,,,,,,,,,,,
126.0,D,1.0,10.0,L,-23.0,Run,Rush,UTAH RED,,L,,,,4.0,-2.0,Warrensville,-2.0,D,,,,,,,,,,,,,,,,,,,,,,,,,,,,,,,,,,,,,,,,,,,,,,,,,,,,,,,,,,,,,,,,,,,,,,,,,,,,,,,,,,,
127.0,D,2.0,12.0,L,-21.0,Run,Rush,UTAH RED,,L,,,,4.0,-1.0,Warrensville,-1.0,D,,,,,,,,,,,,,,,,,,,,,,,,,,,,,,,,,,,,,,,,,,,,,,,,,,,,,,,,,,,,,,,,,,,,,,,,,,,,,,,,,,,
128.0,D,3.0,13.0,L,-20.0,Run,Rush,UTAH RED,,R,,,,4.0,-2.0,Warrensville,-2.0,D,,,,,,,,,,,,,,,,,,,,,,,,,,,,,,,,,,,,,,,,,,,,,,,,,,,,,,,,,,,,,,,,,,,,,,,,,,,,,,,,,,,
1.0,K,,,M,-40.0,KO,Return,,,,,,,1.0,,Willoughby,0.0,K,,,,,,,,,,,,,,,,,,,,,,,,,,,,,,,,,,,,,,,,,,,,,,,,,,,,,,,,,,,,,,,,,,,,,,,,,,,,,,,,,,,
2.0,D,1.0,10.0,R,-15.0,Run,Rush,,,L,,,,1.0,-1.0,Willoughby,-1.0,D,,,,,,,,,,,,,,,,,,,,,,,,,,,,,,,,,,,,,,,,,,,,,,,,,,,,,,,,,,,,,,,,,,,,,,,,,,,,,,,,,,,
3.0,D,2.0,11.0,M,-14.0,Pass,Incomplete,,,L,,,,1.0,0.0,Willoughby,0.0,D,,,,,,,,,,,,,,,,,,,,,,,,,,,,,,,,,,,,,,,,,,,,,,,,,,,,,,,,,,,,,,,,,,,,,,,,,,,,,,,,,,,
4.0,D,3.0,11.0,M,-14.0,Pass,Complete,,,R,,,,1.0,48.0,Willoughby,48.0,D,,,,,,,,,,,,,,,,,,,,,,,,,,,,,,,,,,,,,,,,,,,,,,,,,,,,,,,,,,,,,,,,,,,,,,,,,,,,,,,,,,,
5.0,D,1.0,10.0,R,38.0,,Timeout,,,,,,,1.0,0.0,Willoughby,0.0,D,,,,,,,,,,,,,,,,,,,,,,,,,,,,,,,,,,,,,,,,,,,,,,,,,,,,,,,,,,,,,,,,,,,,,,,,,,,,,,,,,,,
6.0,D,1.0,10.0,R,38.0,Run,Rush,,,R,,,,1.0,0.0,Willoughby,0.0,D,,,,,,,,,,,,,,,,,,,,,,,,,,,,,,,,,,,,,,,,,,,,,,,,,,,,,,,,,,,,,,,,,,,,,,,,,,,,,,,,,,,
7.0,D,2.0,10.0,R,38.0,Run,Rush,,,R,,,,1.0,-4.0,Willoughby,-4.0,D,,,,,,,,,,,,,,,,,,,,,,,,,,,,,,,,,,,,,,,,,,,,,,,,,,,,,,,,,,,,,,,,,,,,,,,,,,,,,,,,,,,
8.0,D,3.0,14.0,R,42.0,Pass,Incomplete,OREGON GREEN,,R,,,,1.0,0.0,Willoughby,0.0,D,,,,,,,,,,,,,,,,,,,,,,,,,,,,,,,,,,,,,,,,,,,,,,,,,,,,,,,,,,,,,,,,,,,,,,,,,,,,,,,,,,,
9.0,K,4.0,14.0,R,42.0,Punt Rec,Return,,,,,,,1.0,,Willoughby,0.0,K,,,,,,,,,,,,,,,,,,,,,,,,,,,,,,,,,,,,,,,,,,,,,,,,,,,,,,,,,,,,,,,,,,,,,,,,,,,,,,,,,,,
10.0,O,1.0,10.0,M,-12.0,Pass,Incomplete,FLA. BLUE,,R,,,,1.0,0.0,Willoughby,0.0,O,,,,,,,,,,,,,,,,,,,,,,,,,,,,,,,,,,,,,,,,,,,,,,,,,,,,,,,,,,,,,,,,,,,,,,,,,,,,,,,,,,,
11.0,O,2.0,10.0,M,-12.0,Run,Rush,WISCONSIN RED,,R,,,,1.0,6.0,Willoughby,6.0,O,,,,,,,,,,,,,,,,,,,,,,,,,,,,,,,,,,,,,,,,,,,,,,,,,,,,,,,,,,,,,,,,,,,,,,,,,,,,,,,,,,,
12.0,O,3.0,4.0,R,-18.0,Run,Rush,Wyoming brown,,R,,,,1.0,5.0,Willoughby,5.0,O,,,,,,,,,,,,,,,,,,,,,,,,,,,,,,,,,,,,,,,,,,,,,,,,,,,,,,,,,,,,,,,,,,,,,,,,,,,,,,,,,,,
13.0,O,1.0,10.0,R,-23.0,Pass,Incomplete,WISCONSIN RED,,R,,,,1.0,0.0,Willoughby,0.0,O,,,,,,,,,,,,,,,,,,,,,,,,,,,,,,,,,,,,,,,,,,,,,,,,,,,,,,,,,,,,,,,,,,,,,,,,,,,,,,,,,,,
14.0,O,2.0,10.0,R,-23.0,Run,Rush,Wyoming brown,,R,,,,1.0,-2.0,Willoughby,-2.0,O,,,,,,,,,,,,,,,,,,,,,,,,,,,,,,,,,,,,,,,,,,,,,,,,,,,,,,,,,,,,,,,,,,,,,,,,,,,,,,,,,,,
15.0,O,3.0,12.0,R,-21.0,Run,Rush,Wyoming brown,,R,,,,1.0,4.0,Willoughby,4.0,O,,,,,,,,,,,,,,,,,,,,,,,,,,,,,,,,,,,,,,,,,,,,,,,,,,,,,,,,,,,,,,,,,,,,,,,,,,,,,,,,,,,
16.0,K,4.0,8.0,R,-25.0,Punt,Downed,,,,,,,1.0,,Willoughby,0.0,K,,,,,,,,,,,,,,,,,,,,,,,,,,,,,,,,,,,,,,,,,,,,,,,,,,,,,,,,,,,,,,,,,,,,,,,,,,,,,,,,,,,
17.0,D,1.0,10.0,R,-38.0,Pass,Complete,,,L,,,,1.0,7.0,Willoughby,7.0,D,,,,,,,,,,,,,,,,,,,,,,,,,,,,,,,,,,,,,,,,,,,,,,,,,,,,,,,,,,,,,,,,,,,,,,,,,,,,,,,,,,,
18.0,D,2.0,3.0,L,-45.0,Run,Rush,,,L,,,,1.0,5.0,Willoughby,5.0,D,,,,,,,,,,,,,,,,,,,,,,,,,,,,,,,,,,,,,,,,,,,,,,,,,,,,,,,,,,,,,,,,,,,,,,,,,,,,,,,,,,,
19.0,D,1.0,10.0,L,50.0,Run,Rush,,,R,,,,1.0,5.0,Willoughby,5.0,D,,,,,,,,,,,,,,,,,,,,,,,,,,,,,,,,,,,,,,,,,,,,,,,,,,,,,,,,,,,,,,,,,,,,,,,,,,,,,,,,,,,
20.0,D,2.0,5.0,M,45.0,Run,Rush,,,L,,,,1.0,13.0,Willoughby,13.0,D,,,,,,,,,,,,,,,,,,,,,,,,,,,,,,,,,,,,,,,,,,,,,,,,,,,,,,,,,,,,,,,,,,,,,,,,,,,,,,,,,,,
21.0,D,1.0,10.0,L,32.0,Pass,Complete,,,L,,,,1.0,16.0,Willoughby,16.0,D,,,,,,,,,,,,,,,,,,,,,,,,,,,,,,,,,,,,,,,,,,,,,,,,,,,,,,,,,,,,,,,,,,,,,,,,,,,,,,,,,,,
22.0,D,1.0,10.0,L,16.0,Run,Rush,,,L,,,,1.0,4.0,Willoughby,4.0,D,,,,,,,,,,,,,,,,,,,,,,,,,,,,,,,,,,,,,,,,,,,,,,,,,,,,,,,,,,,,,,,,,,,,,,,,,,,,,,,,,,,
23.0,D,2.0,6.0,L,12.0,,Penalty,,,,,,,1.0,-5.0,Willoughby,-5.0,D,,,,,,,,,,,,,,,,,,,,,,,,,,,,,,,,,,,,,,,,,,,,,,,,,,,,,,,,,,,,,,,,,,,,,,,,,,,,,,,,,,,
24.0,D,2.0,11.0,L,17.0,Run,Rush,,,R,,,,1.0,7.0,Willoughby,7.0,D,,,,,,,,,,,,,,,,,,,,,,,,,,,,,,,,,,,,,,,,,,,,,,,,,,,,,,,,,,,,,,,,,,,,,,,,,,,,,,,,,,,
25.0,D,3.0,4.0,R,10.0,Run,"Rush, TD",,,R,,,,1.0,10.0,Willoughby,10.0,D,,,,,,,,,,,,,,,,,,,,,,,,,,,,,,,,,,,,,,,,,,,,,,,,,,,,,,,,,,,,,,,,,,,,,,,,,,,,,,,,,,,
26.0,K,,,M,3.0,Extra Pt. Block,No Good,,,,,,,1.0,,Willoughby,0.0,K,,,,,,,,,,,,,,,,,,,,,,,,,,,,,,,,,,,,,,,,,,,,,,,,,,,,,,,,,,,,,,,,,,,,,,,,,,,,,,,,,,,
27.0,K,,,M,-40.0,KO Rec,Out of Bounds,,,,,,,1.0,,Willoughby,0.0,K,,,,,,,,,,,,,,,,,,,,,,,,,,,,,,,,,,,,,,,,,,,,,,,,,,,,,,,,,,,,,,,,,,,,,,,,,,,,,,,,,,,
28.0,O,1.0,10.0,L,-35.0,Run,Rush,Wyoming brown,,R,,,,1.0,3.0,Willoughby,3.0,O,,,,,,,,,,,,,,,,,,,,,,,,,,,,,,,,,,,,,,,,,,,,,,,,,,,,,,,,,,,,,,,,,,,,,,,,,,,,,,,,,,,
29.0,O,2.0,7.0,M,-38.0,Run,Rush,Wyoming brown,,R,,,,1.0,11.0,Willoughby,11.0,O,,,,,,,,,,,,,,,,,,,,,,,,,,,,,,,,,,,,,,,,,,,,,,,,,,,,,,,,,,,,,,,,,,,,,,,,,,,,,,,,,,,
30.0,O,1.0,10.0,M,-49.0,Pass,Complete,Wyoming brown,DAVE GUT RIGHT,R,,,,1.0,13.0,Willoughby,13.0,O,,,,,,,,,,,,,,,,,,,,,,,,,,,,,,,,,,,,,,,,,,,,,,,,,,,,,,,,,,,,,,,,,,,,,,,,,,,,,,,,,,,
31.0,O,1.0,10.0,R,38.0,Pass,Incomplete,Wyoming brown,,L,,,,1.0,0.0,Willoughby,0.0,O,,,,,,,,,,,,,,,,,,,,,,,,,,,,,,,,,,,,,,,,,,,,,,,,,,,,,,,,,,,,,,,,,,,,,,,,,,,,,,,,,,,
32.0,O,2.0,10.0,R,38.0,Pass,Incomplete,Wyoming brown,,L,,,,1.0,0.0,Willoughby,0.0,O,,,,,,,,,,,,,,,,,,,,,,,,,,,,,,,,,,,,,,,,,,,,,,,,,,,,,,,,,,,,,,,,,,,,,,,,,,,,,,,,,,,
33.0,O,3.0,10.0,R,38.0,Pass,Complete,Wyoming brown,,L,,,,1.0,15.0,Willoughby,15.0,O,,,,,,,,,,,,,,,,,,,,,,,,,,,,,,,,,,,,,,,,,,,,,,,,,,,,,,,,,,,,,,,,,,,,,,,,,,,,,,,,,,,
34.0,O,1.0,10.0,L,23.0,Pass,Complete,Wyoming brown,DUO RIGHT SLOW,R,,,,1.0,13.0,Willoughby,13.0,O,,,,,,,,,,,,,,,,,,,,,,,,,,,,,,,,,,,,,,,,,,,,,,,,,,,,,,,,,,,,,,,,,,,,,,,,,,,,,,,,,,,
35.0,O,1.0,10.0,R,10.0,Run,"Rush, TD",Wyoming brown,DUO LEFT,R,,,,1.0,10.0,Willoughby,10.0,O,,,,,,,,,,,,,,,,,,,,,,,,,,,,,,,,,,,,,,,,,,,,,,,,,,,,,,,,,,,,,,,,,,,,,,,,,,,,,,,,,,,
36.0,K,,,M,3.0,Extra Pt.,Good,,,,,,,1.0,,Willoughby,0.0,K,,,,,,,,,,,,,,,,,,,,,,,,,,,,,,,,,,,,,,,,,,,,,,,,,,,,,,,,,,,,,,,,,,,,,,,,,,,,,,,,,,,
37.0,K,,,M,-40.0,KO Rec,Return,,,,,,,1.0,,Willoughby,0.0,K,,,,,,,,,,,,,,,,,,,,,,,,,,,,,,,,,,,,,,,,,,,,,,,,,,,,,,,,,,,,,,,,,,,,,,,,,,,,,,,,,,,
38.0,D,1.0,10.0,R,-40.0,Pass,Penalty,,,L,,,,1.0,-5.0,Willoughby,-5.0,D,,,,,,,,,,,,,,,,,,,,,,,,,,,,,,,,,,,,,,,,,,,,,,,,,,,,,,,,,,,,,,,,,,,,,,,,,,,,,,,,,,,
39.0,D,1.0,15.0,M,-35.0,Run,Rush,,,R,,,,1.0,12.0,Willoughby,12.0,D,,,,,,,,,,,,,,,,,,,,,,,,,,,,,,,,,,,,,,,,,,,,,,,,,,,,,,,,,,,,,,,,,,,,,,,,,,,,,,,,,,,
40.0,D,2.0,3.0,R,-47.0,Run,Rush,,,R,,,,1.0,10.0,Willoughby,10.0,D,,,,,,,,,,,,,,,,,,,,,,,,,,,,,,,,,,,,,,,,,,,,,,,,,,,,,,,,,,,,,,,,,,,,,,,,,,,,,,,,,,,
41.0,S,,,R,,,,,,,,,,1.0,,Willoughby,0.0,S,,,,,,,,,,,,,,,,,,,,,,,,,,,,,,,,,,,,,,,,,,,,,,,,,,,,,,,,,,,,,,,,,,,,,,,,,,,,,,,,,,,
42.0,D,1.0,10.0,R,43.0,Run,Rush,,,R,,,,2.0,3.0,Willoughby,3.0,D,,,,,,,,,,,,,,,,,,,,,,,,,,,,,,,,,,,,,,,,,,,,,,,,,,,,,,,,,,,,,,,,,,,,,,,,,,,,,,,,,,,
43.0,D,2.0,7.0,R,40.0,Run,Rush,,,R,,,,2.0,8.0,Willoughby,8.0,D,,,,,,,,,,,,,,,,,,,,,,,,,,,,,,,,,,,,,,,,,,,,,,,,,,,,,,,,,,,,,,,,,,,,,,,,,,,,,,,,,,,
44.0,D,1.0,10.0,R,32.0,,Penalty,,,,,,,2.0,-5.0,Willoughby,-5.0,D,,,,,,,,,,,,,,,,,,,,,,,,,,,,,,,,,,,,,,,,,,,,,,,,,,,,,,,,,,,,,,,,,,,,,,,,,,,,,,,,,,,
45.0,S,,,R,,,,,,,,,,2.0,,Willoughby,0.0,S,,,,,,,,,,,,,,,,,,,,,,,,,,,,,,,,,,,,,,,,,,,,,,,,,,,,,,,,,,,,,,,,,,,,,,,,,,,,,,,,,,,
46.0,D,1.0,15.0,R,37.0,Run,Rush,,,L,,,,2.0,13.0,Willoughby,13.0,D,,,,,,,,,,,,,,,,,,,,,,,,,,,,,,,,,,,,,,,,,,,,,,,,,,,,,,,,,,,,,,,,,,,,,,,,,,,,,,,,,,,
47.0,D,2.0,2.0,L,24.0,Run,Rush,,,L,,,,2.0,4.0,Willoughby,4.0,D,,,,,,,,,,,,,,,,,,,,,,,,,,,,,,,,,,,,,,,,,,,,,,,,,,,,,,,,,,,,,,,,,,,,,,,,,,,,,,,,,,,
48.0,D,1.0,10.0,L,20.0,Run,Rush,,,L,,,,2.0,10.0,Willoughby,10.0,D,,,,,,,,,,,,,,,,,,,,,,,,,,,,,,,,,,,,,,,,,,,,,,,,,,,,,,,,,,,,,,,,,,,,,,,,,,,,,,,,,,,
49.0,D,1.0,10.0,M,10.0,Run,"Rush, TD",,,L,,,,2.0,10.0,Willoughby,10.0,D,,,,,,,,,,,,,,,,,,,,,,,,,,,,,,,,,,,,,,,,,,,,,,,,,,,,,,,,,,,,,,,,,,,,,,,,,,,,,,,,,,,
50.0,K,,,M,3.0,2 Pt. Defend,Good,,,L,,,,2.0,,Willoughby,0.0,K,,,,,,,,,,,,,,,,,,,,,,,,,,,,,,,,,,,,,,,,,,,,,,,,,,,,,,,,,,,,,,,,,,,,,,,,,,,,,,,,,,,
51.0,K,,,M,-40.0,KO Rec,Return,,,,,,,2.0,,Willoughby,0.0,K,,,,,,,,,,,,,,,,,,,,,,,,,,,,,,,,,,,,,,,,,,,,,,,,,,,,,,,,,,,,,,,,,,,,,,,,,,,,,,,,,,,
52.0,O,1.0,10.0,R,-16.0,Pass,"Complete, TD",Wyoming brown,50 T TURBO,L,,,,2.0,84.0,Willoughby,84.0,O,,,,,,,,,,,,,,,,,,,,,,,,,,,,,,,,,,,,,,,,,,,,,,,,,,,,,,,,,,,,,,,,,,,,,,,,,,,,,,,,,,,
53.0,K,,,M,3.0,Extra Pt.,Good,,,,,,,2.0,,Willoughby,0.0,K,,,,,,,,,,,,,,,,,,,,,,,,,,,,,,,,,,,,,,,,,,,,,,,,,,,,,,,,,,,,,,,,,,,,,,,,,,,,,,,,,,,
54.0,K,,,M,-40.0,KO,Return,,,,,,,2.0,,Willoughby,0.0,K,,,,,,,,,,,,,,,,,,,,,,,,,,,,,,,,,,,,,,,,,,,,,,,,,,,,,,,,,,,,,,,,,,,,,,,,,,,,,,,,,,,
55.0,D,1.0,10.0,R,-32.0,Pass,Incomplete,,,L,,,,2.0,0.0,Willoughby,0.0,D,,,,,,,,,,,,,,,,,,,,,,,,,,,,,,,,,,,,,,,,,,,,,,,,,,,,,,,,,,,,,,,,,,,,,,,,,,,,,,,,,,,
56.0,D,2.0,10.0,R,-32.0,Run,Penalty,,,L,,,,2.0,-10.0,Willoughby,-10.0,D,,,,,,,,,,,,,,,,,,,,,,,,,,,,,,,,,,,,,,,,,,,,,,,,,,,,,,,,,,,,,,,,,,,,,,,,,,,,,,,,,,,
57.0,D,2.0,20.0,L,-22.0,Run,Rush,,,L,,,,2.0,1.0,Willoughby,1.0,D,,,,,,,,,,,,,,,,,,,,,,,,,,,,,,,,,,,,,,,,,,,,,,,,,,,,,,,,,,,,,,,,,,,,,,,,,,,,,,,,,,,
58.0,D,3.0,19.0,L,-23.0,Pass,Complete,FLA. ORANGE,,R,,,,2.0,27.0,Willoughby,27.0,D,,,,,,,,,,,,,,,,,,,,,,,,,,,,,,,,,,,,,,,,,,,,,,,,,,,,,,,,,,,,,,,,,,,,,,,,,,,,,,,,,,,
59.0,D,1.0,10.0,M,50.0,Run,Rush,,,L,,,,2.0,11.0,Willoughby,11.0,D,,,,,,,,,,,,,,,,,,,,,,,,,,,,,,,,,,,,,,,,,,,,,,,,,,,,,,,,,,,,,,,,,,,,,,,,,,,,,,,,,,,
60.0,D,1.0,10.0,L,39.0,Run,Rush,,,L,,,,2.0,18.0,Willoughby,18.0,D,,,,,,,,,,,,,,,,,,,,,,,,,,,,,,,,,,,,,,,,,,,,,,,,,,,,,,,,,,,,,,,,,,,,,,,,,,,,,,,,,,,
61.0,D,1.0,10.0,L,21.0,Run,Rush,,,L,,,,2.0,5.0,Willoughby,5.0,D,,,,,,,,,,,,,,,,,,,,,,,,,,,,,,,,,,,,,,,,,,,,,,,,,,,,,,,,,,,,,,,,,,,,,,,,,,,,,,,,,,,
62.0,D,2.0,5.0,L,16.0,,Penalty,,,,,,,2.0,5.0,Willoughby,5.0,D,,,,,,,,,,,,,,,,,,,,,,,,,,,,,,,,,,,,,,,,,,,,,,,,,,,,,,,,,,,,,,,,,,,,,,,,,,,,,,,,,,,
63.0,D,1.0,10.0,L,11.0,Run,Rush,,,R,,,,2.0,4.0,Willoughby,4.0,D,,,,,,,,,,,,,,,,,,,,,,,,,,,,,,,,,,,,,,,,,,,,,,,,,,,,,,,,,,,,,,,,,,,,,,,,,,,,,,,,,,,
64.0,D,2.0,6.0,M,7.0,Run,Rush,,,L,,,,2.0,4.0,Willoughby,4.0,D,,,,,,,,,,,,,,,,,,,,,,,,,,,,,,,,,,,,,,,,,,,,,,,,,,,,,,,,,,,,,,,,,,,,,,,,,,,,,,,,,,,
65.0,D,3.0,2.0,L,3.0,Run,Rush,,,L,,,,2.0,-2.0,Willoughby,-2.0,D,,,,,,,,,,,,,,,,,,,,,,,,,,,,,,,,,,,,,,,,,,,,,,,,,,,,,,,,,,,,,,,,,,,,,,,,,,,,,,,,,,,
66.0,D,4.0,4.0,L,5.0,Run,Rush,,,L,,,,2.0,0.0,Willoughby,0.0,D,,,,,,,,,,,,,,,,,,,,,,,,,,,,,,,,,,,,,,,,,,,,,,,,,,,,,,,,,,,,,,,,,,,,,,,,,,,,,,,,,,,
67.0,O,1.0,10.0,R,-3.0,Run,Rush,Wyoming brown,DUO LEFT,R,,,,2.0,7.0,Willoughby,7.0,O,,,,,,,,,,,,,,,,,,,,,,,,,,,,,,,,,,,,,,,,,,,,,,,,,,,,,,,,,,,,,,,,,,,,,,,,,,,,,,,,,,,
68.0,O,2.0,3.0,R,-10.0,Run,Rush,Twins Split,,R,,,,2.0,2.0,Willoughby,2.0,O,,,,,,,,,,,,,,,,,,,,,,,,,,,,,,,,,,,,,,,,,,,,,,,,,,,,,,,,,,,,,,,,,,,,,,,,,,,,,,,,,,,
69.0,O,3.0,1.0,R,-12.0,Run,"Rush, TD",Wyoming brown,ISO LEFT (LOCK),L,,,,2.0,88.0,Willoughby,88.0,O,,,,,,,,,,,,,,,,,,,,,,,,,,,,,,,,,,,,,,,,,,,,,,,,,,,,,,,,,,,,,,,,,,,,,,,,,,,,,,,,,,,
70.0,S,,,,,,,,,,,,,2.0,,Willoughby,0.0,S,,,,,,,,,,,,,,,,,,,,,,,,,,,,,,,,,,,,,,,,,,,,,,,,,,,,,,,,,,,,,,,,,,,,,,,,,,,,,,,,,,,
71.0,K,,,M,3.0,Extra Pt.,Good,,,,,,,2.0,,Willoughby,0.0,K,,,,,,,,,,,,,,,,,,,,,,,,,,,,,,,,,,,,,,,,,,,,,,,,,,,,,,,,,,,,,,,,,,,,,,,,,,,,,,,,,,,
72.0,K,,,M,-40.0,KO,Return,,,,,,,2.0,,Willoughby,0.0,K,,,,,,,,,,,,,,,,,,,,,,,,,,,,,,,,,,,,,,,,,,,,,,,,,,,,,,,,,,,,,,,,,,,,,,,,,,,,,,,,,,,
73.0,S,,,,,,,,,,,,,2.0,,Willoughby,0.0,S,,,,,,,,,,,,,,,,,,,,,,,,,,,,,,,,,,,,,,,,,,,,,,,,,,,,,,,,,,,,,,,,,,,,,,,,,,,,,,,,,,,
74.0,D,1.0,10.0,L,35.0,Run,Rush,OREGON GREEN,,L,,,,2.0,15.0,Willoughby,15.0,D,,,,,,,,,,,,,,,,,,,,,,,,,,,,,,,,,,,,,,,,,,,,,,,,,,,,,,,,,,,,,,,,,,,,,,,,,,,,,,,,,,,
75.0,D,1.0,10.0,L,20.0,,Penalty,OREGON GREEN,,,,,,2.0,5.0,Willoughby,5.0,D,,,,,,,,,,,,,,,,,,,,,,,,,,,,,,,,,,,,,,,,,,,,,,,,,,,,,,,,,,,,,,,,,,,,,,,,,,,,,,,,,,,
76.0,D,1.0,5.0,L,15.0,Run,Rush,OREGON GREEN,,L,,,,2.0,-10.0,Willoughby,-10.0,D,,,,,,,,,,,,,,,,,,,,,,,,,,,,,,,,,,,,,,,,,,,,,,,,,,,,,,,,,,,,,,,,,,,,,,,,,,,,,,,,,,,
77.0,D,2.0,15.0,L,25.0,Run,Rush,OREGON GREEN,,R,,,,2.0,13.0,Willoughby,13.0,D,,,,,,,,,,,,,,,,,,,,,,,,,,,,,,,,,,,,,,,,,,,,,,,,,,,,,,,,,,,,,,,,,,,,,,,,,,,,,,,,,,,
78.0,D,3.0,2.0,L,12.0,Run,Rush,OREGON GREEN,,L,,,,2.0,7.0,Willoughby,7.0,D,,,,,,,,,,,,,,,,,,,,,,,,,,,,,,,,,,,,,,,,,,,,,,,,,,,,,,,,,,,,,,,,,,,,,,,,,,,,,,,,,,,
79.0,D,1.0,5.0,L,5.0,,Timeout,,,,,,,2.0,0.0,Willoughby,0.0,D,,,,,,,,,,,,,,,,,,,,,,,,,,,,,,,,,,,,,,,,,,,,,,,,,,,,,,,,,,,,,,,,,,,,,,,,,,,,,,,,,,,
80.0,D,1.0,5.0,L,5.0,Run,"Rush, TD",,,L,,,,2.0,5.0,Willoughby,5.0,D,,,,,,,,,,,,,,,,,,,,,,,,,,,,,,,,,,,,,,,,,,,,,,,,,,,,,,,,,,,,,,,,,,,,,,,,,,,,,,,,,,,
81.0,K,,,M,3.0,Extra Pt. Block,Good,,,,,,,2.0,,Willoughby,0.0,K,,,,,,,,,,,,,,,,,,,,,,,,,,,,,,,,,,,,,,,,,,,,,,,,,,,,,,,,,,,,,,,,,,,,,,,,,,,,,,,,,,,
82.0,K,,,M,-40.0,KO Rec,Return,,,,,,,2.0,,Willoughby,0.0,K,,,,,,,,,,,,,,,,,,,,,,,,,,,,,,,,,,,,,,,,,,,,,,,,,,,,,,,,,,,,,,,,,,,,,,,,,,,,,,,,,,,
83.0,O,1.0,10.0,L,-20.0,Pass,Complete,IOWA BLACK,50 CHEVY,R,,,,2.0,11.0,Willoughby,11.0,O,,,,,,,,,,,,,,,,,,,,,,,,,,,,,,,,,,,,,,,,,,,,,,,,,,,,,,,,,,,,,,,,,,,,,,,,,,,,,,,,,,,
84.0,O,1.0,10.0,R,-31.0,Pass,Incomplete,FLA. BLUE,,L,,,,2.0,0.0,Willoughby,0.0,O,,,,,,,,,,,,,,,,,,,,,,,,,,,,,,,,,,,,,,,,,,,,,,,,,,,,,,,,,,,,,,,,,,,,,,,,,,,,,,,,,,,
85.0,O,2.0,10.0,R,-31.0,Run,Rush,IOWA BLACK,,R,,,,2.0,8.0,Willoughby,8.0,O,,,,,,,,,,,,,,,,,,,,,,,,,,,,,,,,,,,,,,,,,,,,,,,,,,,,,,,,,,,,,,,,,,,,,,,,,,,,,,,,,,,
86.0,O,3.0,2.0,R,-39.0,Pass,Complete,FLA. BLUE,90 FLOOD,L,,,,2.0,19.0,Willoughby,19.0,O,,,,,,,,,,,,,,,,,,,,,,,,,,,,,,,,,,,,,,,,,,,,,,,,,,,,,,,,,,,,,,,,,,,,,,,,,,,,,,,,,,,
87.0,O,1.0,10.0,L,42.0,Pass,Incomplete,IOWA BLACK,,R,,,,2.0,0.0,Willoughby,0.0,O,,,,,,,,,,,,,,,,,,,,,,,,,,,,,,,,,,,,,,,,,,,,,,,,,,,,,,,,,,,,,,,,,,,,,,,,,,,,,,,,,,,
88.0,O,2.0,10.0,L,42.0,Run,Penalty,FLA. BLUE,,L,,,,2.0,-10.0,Willoughby,-10.0,O,,,,,,,,,,,,,,,,,,,,,,,,,,,,,,,,,,,,,,,,,,,,,,,,,,,,,,,,,,,,,,,,,,,,,,,,,,,,,,,,,,,
89.0,O,2.0,20.0,L,-48.0,,Timeout,IOWA BLACK,,,,,,2.0,0.0,Willoughby,0.0,O,,,,,,,,,,,,,,,,,,,,,,,,,,,,,,,,,,,,,,,,,,,,,,,,,,,,,,,,,,,,,,,,,,,,,,,,,,,,,,,,,,,
90.0,O,2.0,20.0,L,-48.0,Pass,Penalty,FLA. BLUE,,R,,,,2.0,15.0,Willoughby,15.0,O,,,,,,,,,,,,,,,,,,,,,,,,,,,,,,,,,,,,,,,,,,,,,,,,,,,,,,,,,,,,,,,,,,,,,,,,,,,,,,,,,,,
91.0,O,2.0,5.0,L,37.0,Pass,Interception,FLA. BLUE,,L,,,,2.0,,Willoughby,0.0,O,,,,,,,,,,,,,,,,,,,,,,,,,,,,,,,,,,,,,,,,,,,,,,,,,,,,,,,,,,,,,,,,,,,,,,,,,,,,,,,,,,,
92.0,K,,,M,-40.0,KO,Out of Bounds,,,,,,,3.0,,Willoughby,0.0,K,,,,,,,,,,,,,,,,,,,,,,,,,,,,,,,,,,,,,,,,,,,,,,,,,,,,,,,,,,,,,,,,,,,,,,,,,,,,,,,,,,,
93.0,O,2.0,10.0,L,-35.0,Pass,Complete,Twins Split,,R,,,,3.0,4.0,Willoughby,4.0,O,,,,,,,,,,,,,,,,,,,,,,,,,,,,,,,,,,,,,,,,,,,,,,,,,,,,,,,,,,,,,,,,,,,,,,,,,,,,,,,,,,,
94.0,O,3.0,6.0,R,-39.0,Pass,Incomplete,WISCONSIN RED,,R,,,,3.0,0.0,Willoughby,0.0,O,,,,,,,,,,,,,,,,,,,,,,,,,,,,,,,,,,,,,,,,,,,,,,,,,,,,,,,,,,,,,,,,,,,,,,,,,,,,,,,,,,,
95.0,K,4.0,6.0,R,-39.0,Punt,Return,,,,,,,3.0,,Willoughby,0.0,K,,,,,,,,,,,,,,,,,,,,,,,,,,,,,,,,,,,,,,,,,,,,,,,,,,,,,,,,,,,,,,,,,,,,,,,,,,,,,,,,,,,
96.0,D,1.0,10.0,R,-35.0,Run,Rush,,,L,,,,3.0,22.0,Willoughby,22.0,D,,,,,,,,,,,,,,,,,,,,,,,,,,,,,,,,,,,,,,,,,,,,,,,,,,,,,,,,,,,,,,,,,,,,,,,,,,,,,,,,,,,
97.0,D,1.0,10.0,L,43.0,Run,Rush,,,L,,,,3.0,-1.0,Willoughby,-1.0,D,,,,,,,,,,,,,,,,,,,,,,,,,,,,,,,,,,,,,,,,,,,,,,,,,,,,,,,,,,,,,,,,,,,,,,,,,,,,,,,,,,,
98.0,D,2.0,11.0,L,44.0,Run,Rush,,,L,,,,3.0,3.0,Willoughby,3.0,D,,,,,,,,,,,,,,,,,,,,,,,,,,,,,,,,,,,,,,,,,,,,,,,,,,,,,,,,,,,,,,,,,,,,,,,,,,,,,,,,,,,
99.0,D,3.0,8.0,L,41.0,Pass,Sack,,,R,,,,3.0,-9.0,Willoughby,-9.0,D,,,,,,,,,,,,,,,,,,,,,,,,,,,,,,,,,,,,,,,,,,,,,,,,,,,,,,,,,,,,,,,,,,,,,,,,,,,,,,,,,,,
100.0,K,4.0,17.0,L,50.0,Punt Rec,Return,,,,,,,3.0,,Willoughby,0.0,K,,,,,,,,,,,,,,,,,,,,,,,,,,,,,,,,,,,,,,,,,,,,,,,,,,,,,,,,,,,,,,,,,,,,,,,,,,,,,,,,,,,
101.0,D,2.0,15.0,L,-40.0,Pass,Complete,OREGON GREEN,,L,,,,4.0,8.0,Willoughby,8.0,D,,,,,,,,,,,,,,,,,,,,,,,,,,,,,,,,,,,,,,,,,,,,,,,,,,,,,,,,,,,,,,,,,,,,,,,,,,,,,,,,,,,
102.0,D,3.0,7.0,L,-48.0,Pass,"Complete, TD",OREGON GREEN,,L,,,,4.0,52.0,Willoughby,52.0,D,,,,,,,,,,,,,,,,,,,,,,,,,,,,,,,,,,,,,,,,,,,,,,,,,,,,,,,,,,,,,,,,,,,,,,,,,,,,,,,,,,,
103.0,K,,,M,3.0,Extra Pt. Block,Good,,,,,,,4.0,,Willoughby,0.0,K,,,,,,,,,,,,,,,,,,,,,,,,,,,,,,,,,,,,,,,,,,,,,,,,,,,,,,,,,,,,,,,,,,,,,,,,,,,,,,,,,,,
104.0,K,,,M,-40.0,KO Rec,Return,,,,,,,4.0,,Willoughby,0.0,K,,,,,,,,,,,,,,,,,,,,,,,,,,,,,,,,,,,,,,,,,,,,,,,,,,,,,,,,,,,,,,,,,,,,,,,,,,,,,,,,,,,
105.0,D,1.0,10.0,L,-47.0,Pass,Complete,Wyoming brown,,R,,,,4.0,3.0,Willoughby,3.0,D,,,,,,,,,,,,,,,,,,,,,,,,,,,,,,,,,,,,,,,,,,,,,,,,,,,,,,,,,,,,,,,,,,,,,,,,,,,,,,,,,,,
106.0,D,2.0,7.0,R,50.0,Pass,Complete,Wyoming brown,,L,,,,4.0,7.0,Willoughby,7.0,D,,,,,,,,,,,,,,,,,,,,,,,,,,,,,,,,,,,,,,,,,,,,,,,,,,,,,,,,,,,,,,,,,,,,,,,,,,,,,,,,,,,
107.0,D,1.0,10.0,L,43.0,Run,Rush,Wyoming brown,,L,,,,4.0,0.0,Willoughby,0.0,D,,,,,,,,,,,,,,,,,,,,,,,,,,,,,,,,,,,,,,,,,,,,,,,,,,,,,,,,,,,,,,,,,,,,,,,,,,,,,,,,,,,
108.0,D,2.0,10.0,L,43.0,Run,Rush,Wyoming brown,,L,,,,4.0,7.0,Willoughby,7.0,D,,,,,,,,,,,,,,,,,,,,,,,,,,,,,,,,,,,,,,,,,,,,,,,,,,,,,,,,,,,,,,,,,,,,,,,,,,,,,,,,,,,
109.0,D,3.0,3.0,L,36.0,Run,Rush,Wyoming brown,,L,,,,4.0,10.0,Willoughby,10.0,D,,,,,,,,,,,,,,,,,,,,,,,,,,,,,,,,,,,,,,,,,,,,,,,,,,,,,,,,,,,,,,,,,,,,,,,,,,,,,,,,,,,
110.0,D,1.0,10.0,L,26.0,Run,Rush,Wyoming brown,,L,,,,4.0,-1.0,Willoughby,-1.0,D,,,,,,,,,,,,,,,,,,,,,,,,,,,,,,,,,,,,,,,,,,,,,,,,,,,,,,,,,,,,,,,,,,,,,,,,,,,,,,,,,,,
111.0,D,2.0,11.0,L,27.0,Pass,Incomplete,Wyoming brown,,R,,,,4.0,0.0,Willoughby,0.0,D,,,,,,,,,,,,,,,,,,,,,,,,,,,,,,,,,,,,,,,,,,,,,,,,,,,,,,,,,,,,,,,,,,,,,,,,,,,,,,,,,,,
1.0,K,,,L,-40.0,KO Rec,Return,,,,,,,1.0,,Garfield,0.0,K,,,,,,,,,,,,,,,,,,,,,,,,,,,,,,,,,,,,,,,,,,,,,,,,,,,,,,,,,,,,,,,,,,,,,,,,,,,,,,,,,,,
2.0,O,1.0,10.0,L,-31.0,Pass,Incomplete,TEXAS BROWN,,R,,,,1.0,0.0,Garfield,0.0,O,,,,,,,,,,,,,,,,,,,,,,,,,,,,,,,,,,,,,,,,,,,,,,,,,,,,,,,,,,,,,,,,,,,,,,,,,,,,,,,,,,,
3.0,O,2.0,15.0,L,-31.0,Run,Rush,IOWA BLACK,,R,,,,1.0,3.0,Garfield,3.0,O,,,,,,,,,,,,,,,,,,,,,,,,,,,,,,,,,,,,,,,,,,,,,,,,,,,,,,,,,,,,,,,,,,,,,,,,,,,,,,,,,,,
4.0,O,3.0,12.0,M,-34.0,Pass,Incomplete,FLA. BLUE,,L,,,,1.0,0.0,Garfield,0.0,O,,,,,,,,,,,,,,,,,,,,,,,,,,,,,,,,,,,,,,,,,,,,,,,,,,,,,,,,,,,,,,,,,,,,,,,,,,,,,,,,,,,
5.0,K,4.0,12.0,M,-34.0,Punt,Return,,,,,,,1.0,,Garfield,0.0,K,,,,,,,,,,,,,,,,,,,,,,,,,,,,,,,,,,,,,,,,,,,,,,,,,,,,,,,,,,,,,,,,,,,,,,,,,,,,,,,,,,,
6.0,D,1.0,10.0,R,-40.0,Run,Rush,DBL Slot,,L,,,,1.0,4.0,Garfield,4.0,D,,,,,,,,,,,,,,,,,,,,,,,,,,,,,,,,,,,,,,,,,,,,,,,,,,,,,,,,,,,,,,,,,,,,,,,,,,,,,,,,,,,
7.0,D,2.0,6.0,R,-44.0,Run,Rush,,,L,,,,1.0,15.0,Garfield,15.0,D,,,,,,,,,,,,,,,,,,,,,,,,,,,,,,,,,,,,,,,,,,,,,,,,,,,,,,,,,,,,,,,,,,,,,,,,,,,,,,,,,,,
8.0,D,1.0,10.0,R,41.0,Run,Rush,,,L,,,,1.0,-2.0,Garfield,-2.0,D,,,,,,,,,,,,,,,,,,,,,,,,,,,,,,,,,,,,,,,,,,,,,,,,,,,,,,,,,,,,,,,,,,,,,,,,,,,,,,,,,,,
9.0,D,2.0,12.0,R,43.0,,Penalty,DBL Slot,,,,,,1.0,-5.0,Garfield,-5.0,D,,,,,,,,,,,,,,,,,,,,,,,,,,,,,,,,,,,,,,,,,,,,,,,,,,,,,,,,,,,,,,,,,,,,,,,,,,,,,,,,,,,
10.0,D,2.0,17.0,R,48.0,Run,Rush,IOWA BLACK,,R,,,,1.0,6.0,Garfield,6.0,D,,,,,,,,,,,,,,,,,,,,,,,,,,,,,,,,,,,,,,,,,,,,,,,,,,,,,,,,,,,,,,,,,,,,,,,,,,,,,,,,,,,
11.0,D,3.0,11.0,R,42.0,Run,Rush,IOWA BLACK,,R,,,,1.0,5.0,Garfield,5.0,D,,,,,,,,,,,,,,,,,,,,,,,,,,,,,,,,,,,,,,,,,,,,,,,,,,,,,,,,,,,,,,,,,,,,,,,,,,,,,,,,,,,
12.0,D,4.0,6.0,R,37.0,Run,Rush,FLA. BLUE,,L,,,,1.0,7.0,Garfield,7.0,D,,,,,,,,,,,,,,,,,,,,,,,,,,,,,,,,,,,,,,,,,,,,,,,,,,,,,,,,,,,,,,,,,,,,,,,,,,,,,,,,,,,
13.0,O,1.0,10.0,L,-35.0,Run,Penalty,Wyoming brown,,R,,,,1.0,20.0,Garfield,20.0,O,,,,,,,,,,,,,,,,,,,,,,,,,,,,,,,,,,,,,,,,,,,,,,,,,,,,,,,,,,,,,,,,,,,,,,,,,,,,,,,,,,,
14.0,O,1.0,10.0,L,50.0,Run,Rush,Wyoming brown,,L,,,,1.0,4.0,Garfield,4.0,O,,,,,,,,,,,,,,,,,,,,,,,,,,,,,,,,,,,,,,,,,,,,,,,,,,,,,,,,,,,,,,,,,,,,,,,,,,,,,,,,,,,
15.0,S,2.0,6.0,,,,,,,,,,,1.0,,Garfield,0.0,S,,,,,,,,,,,,,,,,,,,,,,,,,,,,,,,,,,,,,,,,,,,,,,,,,,,,,,,,,,,,,,,,,,,,,,,,,,,,,,,,,,,
16.0,O,2.0,6.0,L,46.0,Run,Rush,Wyoming brown,,R,,,,1.0,11.0,Garfield,11.0,O,,,,,,,,,,,,,,,,,,,,,,,,,,,,,,,,,,,,,,,,,,,,,,,,,,,,,,,,,,,,,,,,,,,,,,,,,,,,,,,,,,,
17.0,O,1.0,10.0,L,35.0,Pass,Complete,,,R,,,,1.0,8.0,Garfield,8.0,O,,,,,,,,,,,,,,,,,,,,,,,,,,,,,,,,,,,,,,,,,,,,,,,,,,,,,,,,,,,,,,,,,,,,,,,,,,,,,,,,,,,
18.0,O,2.0,2.0,R,27.0,Pass,Complete,Twins Split,,L,,,,1.0,3.0,Garfield,3.0,O,,,,,,,,,,,,,,,,,,,,,,,,,,,,,,,,,,,,,,,,,,,,,,,,,,,,,,,,,,,,,,,,,,,,,,,,,,,,,,,,,,,
19.0,O,1.0,10.0,L,24.0,Run,Rush,Twins Split,,R,,,,1.0,-3.0,Garfield,-3.0,O,,,,,,,,,,,,,,,,,,,,,,,,,,,,,,,,,,,,,,,,,,,,,,,,,,,,,,,,,,,,,,,,,,,,,,,,,,,,,,,,,,,
20.0,O,2.0,13.0,L,27.0,Pass,Complete,Twins Split,,R,,,,1.0,11.0,Garfield,11.0,O,,,,,,,,,,,,,,,,,,,,,,,,,,,,,,,,,,,,,,,,,,,,,,,,,,,,,,,,,,,,,,,,,,,,,,,,,,,,,,,,,,,
21.0,O,3.0,2.0,R,16.0,Run,Rush,Twins Split,,L,,,,1.0,2.0,Garfield,2.0,O,,,,,,,,,,,,,,,,,,,,,,,,,,,,,,,,,,,,,,,,,,,,,,,,,,,,,,,,,,,,,,,,,,,,,,,,,,,,,,,,,,,
22.0,O,1.0,10.0,R,14.0,Run,Rush,Wyoming brown,,L,,,,1.0,2.0,Garfield,2.0,O,,,,,,,,,,,,,,,,,,,,,,,,,,,,,,,,,,,,,,,,,,,,,,,,,,,,,,,,,,,,,,,,,,,,,,,,,,,,,,,,,,,
23.0,O,2.0,8.0,L,12.0,Pass,Incomplete,WISCONSIN RED,,R,,,,1.0,0.0,Garfield,0.0,O,,,,,,,,,,,,,,,,,,,,,,,,,,,,,,,,,,,,,,,,,,,,,,,,,,,,,,,,,,,,,,,,,,,,,,,,,,,,,,,,,,,
24.0,O,3.0,8.0,L,12.0,Pass,Complete,TEXAS BROWN,,R,,,,1.0,-1.0,Garfield,-1.0,O,,,,,,,,,,,,,,,,,,,,,,,,,,,,,,,,,,,,,,,,,,,,,,,,,,,,,,,,,,,,,,,,,,,,,,,,,,,,,,,,,,,
25.0,O,4.0,9.0,R,13.0,Run,Rush,IOWA BLACK,,R,,,,1.0,-9.0,Garfield,-9.0,O,,,,,,,,,,,,,,,,,,,,,,,,,,,,,,,,,,,,,,,,,,,,,,,,,,,,,,,,,,,,,,,,,,,,,,,,,,,,,,,,,,,
26.0,D,1.0,10.0,L,-22.0,Run,Rush,DBL Slot,,L,,,,1.0,3.0,Garfield,3.0,D,,,,,,,,,,,,,,,,,,,,,,,,,,,,,,,,,,,,,,,,,,,,,,,,,,,,,,,,,,,,,,,,,,,,,,,,,,,,,,,,,,,
27.0,D,2.0,7.0,L,-25.0,Run,Rush,DBL Slot,,R,,,,1.0,7.0,Garfield,7.0,D,,,,,,,,,,,,,,,,,,,,,,,,,,,,,,,,,,,,,,,,,,,,,,,,,,,,,,,,,,,,,,,,,,,,,,,,,,,,,,,,,,,
28.0,D,1.0,10.0,R,-32.0,Pass,Penalty,DBL Slot,,L,,,,1.0,-5.0,Garfield,-5.0,D,,,,,,,,,,,,,,,,,,,,,,,,,,,,,,,,,,,,,,,,,,,,,,,,,,,,,,,,,,,,,,,,,,,,,,,,,,,,,,,,,,,
29.0,D,1.0,15.0,R,-27.0,Run,Penalty,,,L,,,,1.0,-10.0,Garfield,-10.0,D,,,,,,,,,,,,,,,,,,,,,,,,,,,,,,,,,,,,,,,,,,,,,,,,,,,,,,,,,,,,,,,,,,,,,,,,,,,,,,,,,,,
30.0,D,2.0,25.0,R,-17.0,Run,Rush,TEXAS BROWN,,L,,,,1.0,8.0,Garfield,8.0,D,,,,,,,,,,,,,,,,,,,,,,,,,,,,,,,,,,,,,,,,,,,,,,,,,,,,,,,,,,,,,,,,,,,,,,,,,,,,,,,,,,,
31.0,D,3.0,17.0,M,-25.0,Run,Rush,TEXAS BROWN,,L,,,,1.0,6.0,Garfield,6.0,D,,,,,,,,,,,,,,,,,,,,,,,,,,,,,,,,,,,,,,,,,,,,,,,,,,,,,,,,,,,,,,,,,,,,,,,,,,,,,,,,,,,
32.0,D,4.0,11.0,L,-31.0,Pass,Complete,Twins Split,,R,,,,1.0,5.0,Garfield,5.0,D,,,,,,,,,,,,,,,,,,,,,,,,,,,,,,,,,,,,,,,,,,,,,,,,,,,,,,,,,,,,,,,,,,,,,,,,,,,,,,,,,,,
33.0,K,1.0,10.0,R,-36.0,Punt Rec,Fumble,,,,,,,2.0,,Garfield,0.0,K,,,,,,,,,,,,,,,,,,,,,,,,,,,,,,,,,,,,,,,,,,,,,,,,,,,,,,,,,,,,,,,,,,,,,,,,,,,,,,,,,,,
34.0,S,1.0,10.0,,,,,,,,,,,2.0,,Garfield,0.0,S,,,,,,,,,,,,,,,,,,,,,,,,,,,,,,,,,,,,,,,,,,,,,,,,,,,,,,,,,,,,,,,,,,,,,,,,,,,,,,,,,,,
35.0,D,1.0,10.0,R,35.0,Pass,Penalty,DBL Slot,,R,,,,2.0,-10.0,Garfield,-10.0,D,,,,,,,,,,,,,,,,,,,,,,,,,,,,,,,,,,,,,,,,,,,,,,,,,,,,,,,,,,,,,,,,,,,,,,,,,,,,,,,,,,,
36.0,D,1.0,20.0,R,45.0,Run,Rush,Wyoming brown,,L,,,,2.0,0.0,Garfield,0.0,D,,,,,,,,,,,,,,,,,,,,,,,,,,,,,,,,,,,,,,,,,,,,,,,,,,,,,,,,,,,,,,,,,,,,,,,,,,,,,,,,,,,
37.0,D,2.0,20.0,L,45.0,Pass,Complete,TEXAS BROWN,,R,,,,2.0,12.0,Garfield,12.0,D,,,,,,,,,,,,,,,,,,,,,,,,,,,,,,,,,,,,,,,,,,,,,,,,,,,,,,,,,,,,,,,,,,,,,,,,,,,,,,,,,,,
38.0,D,3.0,8.0,M,33.0,Run,Rush,TEXAS BROWN,,R,,,,2.0,11.0,Garfield,11.0,D,,,,,,,,,,,,,,,,,,,,,,,,,,,,,,,,,,,,,,,,,,,,,,,,,,,,,,,,,,,,,,,,,,,,,,,,,,,,,,,,,,,
39.0,D,1.0,10.0,R,22.0,Run,Rush,TEXAS BROWN,,R,,,,2.0,13.0,Garfield,13.0,D,,,,,,,,,,,,,,,,,,,,,,,,,,,,,,,,,,,,,,,,,,,,,,,,,,,,,,,,,,,,,,,,,,,,,,,,,,,,,,,,,,,
40.0,D,1.0,9.0,R,9.0,Run,Rush,DBL Slot,,R,,,,2.0,6.0,Garfield,6.0,D,,,,,,,,,,,,,,,,,,,,,,,,,,,,,,,,,,,,,,,,,,,,,,,,,,,,,,,,,,,,,,,,,,,,,,,,,,,,,,,,,,,
41.0,D,2.0,3.0,R,3.0,Run,"Rush, TD",DBL Slot,,L,,,,2.0,3.0,Garfield,3.0,D,,,,,,,,,,,,,,,,,,,,,,,,,,,,,,,,,,,,,,,,,,,,,,,,,,,,,,,,,,,,,,,,,,,,,,,,,,,,,,,,,,,
42.0,K,,,M,3.0,2 Pt. Defend,No Good,,,L,,,,2.0,,Garfield,0.0,K,,,,,,,,,,,,,,,,,,,,,,,,,,,,,,,,,,,,,,,,,,,,,,,,,,,,,,,,,,,,,,,,,,,,,,,,,,,,,,,,,,,
43.0,K,,,L,-40.0,KO Rec,Return,,,,,,,2.0,,Garfield,0.0,K,,,,,,,,,,,,,,,,,,,,,,,,,,,,,,,,,,,,,,,,,,,,,,,,,,,,,,,,,,,,,,,,,,,,,,,,,,,,,,,,,,,
44.0,S,,,,,,,,,,,,,2.0,,Garfield,0.0,S,,,,,,,,,,,,,,,,,,,,,,,,,,,,,,,,,,,,,,,,,,,,,,,,,,,,,,,,,,,,,,,,,,,,,,,,,,,,,,,,,,,
45.0,S,,,,,,,,,,,,,2.0,,Garfield,0.0,S,,,,,,,,,,,,,,,,,,,,,,,,,,,,,,,,,,,,,,,,,,,,,,,,,,,,,,,,,,,,,,,,,,,,,,,,,,,,,,,,,,,
46.0,O,1.0,10.0,M,-35.0,Run,Rush,Twins Split,,R,,,,2.0,5.0,Garfield,5.0,O,,,,,,,,,,,,,,,,,,,,,,,,,,,,,,,,,,,,,,,,,,,,,,,,,,,,,,,,,,,,,,,,,,,,,,,,,,,,,,,,,,,
47.0,O,2.0,5.0,R,-40.0,Run,Penalty,Twins Split,,L,,,,2.0,-10.0,Garfield,-10.0,O,,,,,,,,,,,,,,,,,,,,,,,,,,,,,,,,,,,,,,,,,,,,,,,,,,,,,,,,,,,,,,,,,,,,,,,,,,,,,,,,,,,
48.0,O,2.0,15.0,M,-30.0,Pass,Complete,IOWA BLACK,,L,,,,2.0,5.0,Garfield,5.0,O,,,,,,,,,,,,,,,,,,,,,,,,,,,,,,,,,,,,,,,,,,,,,,,,,,,,,,,,,,,,,,,,,,,,,,,,,,,,,,,,,,,
49.0,O,3.0,10.0,L,-35.0,Pass,Scramble,FLA. BLUE,,L,,,,2.0,9.0,Garfield,9.0,O,,,,,,,,,,,,,,,,,,,,,,,,,,,,,,,,,,,,,,,,,,,,,,,,,,,,,,,,,,,,,,,,,,,,,,,,,,,,,,,,,,,
50.0,O,4.0,1.0,L,-44.0,Run,Fumble,IOWA BLACK,,R,,,,2.0,-9.0,Garfield,-9.0,O,,,,,,,,,,,,,,,,,,,,,,,,,,,,,,,,,,,,,,,,,,,,,,,,,,,,,,,,,,,,,,,,,,,,,,,,,,,,,,,,,,,
51.0,D,1.0,10.0,M,35.0,Run,Rush,OREGON GREEN,,L,,,,2.0,2.0,Garfield,2.0,D,,,,,,,,,,,,,,,,,,,,,,,,,,,,,,,,,,,,,,,,,,,,,,,,,,,,,,,,,,,,,,,,,,,,,,,,,,,,,,,,,,,
52.0,D,2.0,8.0,M,33.0,Run,Rush,OREGON GREEN,,R,,,,2.0,11.0,Garfield,11.0,D,,,,,,,,,,,,,,,,,,,,,,,,,,,,,,,,,,,,,,,,,,,,,,,,,,,,,,,,,,,,,,,,,,,,,,,,,,,,,,,,,,,
53.0,D,1.0,10.0,R,22.0,,Penalty,DBL Slot,,,,,,2.0,-5.0,Garfield,-5.0,D,,,,,,,,,,,,,,,,,,,,,,,,,,,,,,,,,,,,,,,,,,,,,,,,,,,,,,,,,,,,,,,,,,,,,,,,,,,,,,,,,,,
54.0,D,1.0,15.0,R,27.0,Run,Rush,OREGON GREEN,,L,,,,2.0,3.0,Garfield,3.0,D,,,,,,,,,,,,,,,,,,,,,,,,,,,,,,,,,,,,,,,,,,,,,,,,,,,,,,,,,,,,,,,,,,,,,,,,,,,,,,,,,,,
55.0,D,2.0,12.0,L,24.0,Run,Rush,TEXAS BROWN,,R,,,,2.0,14.0,Garfield,14.0,D,,,,,,,,,,,,,,,,,,,,,,,,,,,,,,,,,,,,,,,,,,,,,,,,,,,,,,,,,,,,,,,,,,,,,,,,,,,,,,,,,,,
56.0,D,1.0,10.0,R,10.0,Run,Rush,TEXAS BROWN,,R,,,,2.0,3.0,Garfield,3.0,D,,,,,,,,,,,,,,,,,,,,,,,,,,,,,,,,,,,,,,,,,,,,,,,,,,,,,,,,,,,,,,,,,,,,,,,,,,,,,,,,,,,
57.0,D,2.0,7.0,R,7.0,Run,Rush,DBL Slot,,L,,,,2.0,1.0,Garfield,1.0,D,,,,,,,,,,,,,,,,,,,,,,,,,,,,,,,,,,,,,,,,,,,,,,,,,,,,,,,,,,,,,,,,,,,,,,,,,,,,,,,,,,,
58.0,D,3.0,6.0,R,6.0,Run,Rush,DBL Slot,,L,,,,2.0,-1.0,Garfield,-1.0,D,,,,,,,,,,,,,,,,,,,,,,,,,,,,,,,,,,,,,,,,,,,,,,,,,,,,,,,,,,,,,,,,,,,,,,,,,,,,,,,,,,,
59.0,S,4.0,7.0,,,,,,,,,,,2.0,,Garfield,0.0,S,,,,,,,,,,,,,,,,,,,,,,,,,,,,,,,,,,,,,,,,,,,,,,,,,,,,,,,,,,,,,,,,,,,,,,,,,,,,,,,,,,,
60.0,D,4.0,7.0,M,7.0,Pass,"Complete, TD",FLA. BLUE TIGHT,,R,,,,2.0,7.0,Garfield,7.0,D,,,,,,,,,,,,,,,,,,,,,,,,,,,,,,,,,,,,,,,,,,,,,,,,,,,,,,,,,,,,,,,,,,,,,,,,,,,,,,,,,,,
61.0,K,,,M,3.0,2 Pt. Defend,Good,,,R,,,,2.0,,Garfield,0.0,K,,,,,,,,,,,,,,,,,,,,,,,,,,,,,,,,,,,,,,,,,,,,,,,,,,,,,,,,,,,,,,,,,,,,,,,,,,,,,,,,,,,
62.0,K,,,L,-40.0,KO Rec,Return,,,,,,,2.0,,Garfield,0.0,K,,,,,,,,,,,,,,,,,,,,,,,,,,,,,,,,,,,,,,,,,,,,,,,,,,,,,,,,,,,,,,,,,,,,,,,,,,,,,,,,,,,
63.0,O,1.0,10.0,R,-25.0,Pass,Complete,FLA. BLUE,,L,,,,2.0,10.0,Garfield,10.0,O,,,,,,,,,,,,,,,,,,,,,,,,,,,,,,,,,,,,,,,,,,,,,,,,,,,,,,,,,,,,,,,,,,,,,,,,,,,,,,,,,,,
64.0,O,1.0,10.0,M,-35.0,Pass,Complete,FLA. BLUE,,R,,,,2.0,12.0,Garfield,12.0,O,,,,,,,,,,,,,,,,,,,,,,,,,,,,,,,,,,,,,,,,,,,,,,,,,,,,,,,,,,,,,,,,,,,,,,,,,,,,,,,,,,,
65.0,O,1.0,10.0,R,-47.0,Pass,Incomplete,IOWA BLACK,,R,,,,2.0,0.0,Garfield,0.0,O,,,,,,,,,,,,,,,,,,,,,,,,,,,,,,,,,,,,,,,,,,,,,,,,,,,,,,,,,,,,,,,,,,,,,,,,,,,,,,,,,,,
66.0,O,2.0,10.0,R,-47.0,Pass,Incomplete,FLA. BLUE,,R,,,,2.0,0.0,Garfield,0.0,O,,,,,,,,,,,,,,,,,,,,,,,,,,,,,,,,,,,,,,,,,,,,,,,,,,,,,,,,,,,,,,,,,,,,,,,,,,,,,,,,,,,
67.0,O,3.0,10.0,R,-47.0,Pass,Complete,FLA. BLUE,,R,,,,2.0,0.0,Garfield,0.0,O,,,,,,,,,,,,,,,,,,,,,,,,,,,,,,,,,,,,,,,,,,,,,,,,,,,,,,,,,,,,,,,,,,,,,,,,,,,,,,,,,,,
68.0,K,4.0,10.0,R,-47.0,Punt,Downed,,,,,,,2.0,,Garfield,0.0,K,,,,,,,,,,,,,,,,,,,,,,,,,,,,,,,,,,,,,,,,,,,,,,,,,,,,,,,,,,,,,,,,,,,,,,,,,,,,,,,,,,,
69.0,S,,,,,,,,,,,,,2.0,,Garfield,0.0,S,,,,,,,,,,,,,,,,,,,,,,,,,,,,,,,,,,,,,,,,,,,,,,,,,,,,,,,,,,,,,,,,,,,,,,,,,,,,,,,,,,,
70.0,D,1.0,10.0,M,-32.0,Run,Penalty,Wyoming brown,,L,,,,2.0,-6.0,Garfield,-6.0,D,,,,,,,,,,,,,,,,,,,,,,,,,,,,,,,,,,,,,,,,,,,,,,,,,,,,,,,,,,,,,,,,,,,,,,,,,,,,,,,,,,,
71.0,S,1.0,16.0,,,,,,,,,,,2.0,,Garfield,0.0,S,,,,,,,,,,,,,,,,,,,,,,,,,,,,,,,,,,,,,,,,,,,,,,,,,,,,,,,,,,,,,,,,,,,,,,,,,,,,,,,,,,,
72.0,D,2.0,16.0,L,-26.0,Run,Rush,WISCONSIN RED,,R,,,,2.0,12.0,Garfield,12.0,D,,,,,,,,,,,,,,,,,,,,,,,,,,,,,,,,,,,,,,,,,,,,,,,,,,,,,,,,,,,,,,,,,,,,,,,,,,,,,,,,,,,
73.0,D,3.0,4.0,M,-38.0,Pass,Complete,WISCONSIN RED,,L,,,,2.0,12.0,Garfield,12.0,D,,,,,,,,,,,,,,,,,,,,,,,,,,,,,,,,,,,,,,,,,,,,,,,,,,,,,,,,,,,,,,,,,,,,,,,,,,,,,,,,,,,
74.0,D,1.0,10.0,L,50.0,Pass,Complete,Wyoming brown,,R,,,,2.0,18.0,Garfield,18.0,D,,,,,,,,,,,,,,,,,,,,,,,,,,,,,,,,,,,,,,,,,,,,,,,,,,,,,,,,,,,,,,,,,,,,,,,,,,,,,,,,,,,
75.0,D,1.0,10.0,R,32.0,Pass,Complete,Wyoming brown,,R,,,,2.0,4.0,Garfield,4.0,D,,,,,,,,,,,,,,,,,,,,,,,,,,,,,,,,,,,,,,,,,,,,,,,,,,,,,,,,,,,,,,,,,,,,,,,,,,,,,,,,,,,
76.0,D,2.0,6.0,R,28.0,Run,Rush,Wyoming brown,,L,,,,2.0,3.0,Garfield,3.0,D,,,,,,,,,,,,,,,,,,,,,,,,,,,,,,,,,,,,,,,,,,,,,,,,,,,,,,,,,,,,,,,,,,,,,,,,,,,,,,,,,,,
77.0,D,3.0,3.0,L,25.0,Run,Rush,TEXAS BROWN,,R,,,,2.0,20.0,Garfield,20.0,D,,,,,,,,,,,,,,,,,,,,,,,,,,,,,,,,,,,,,,,,,,,,,,,,,,,,,,,,,,,,,,,,,,,,,,,,,,,,,,,,,,,
78.0,S,1.0,10.0,,,,,,,,,,,2.0,,Garfield,0.0,S,,,,,,,,,,,,,,,,,,,,,,,,,,,,,,,,,,,,,,,,,,,,,,,,,,,,,,,,,,,,,,,,,,,,,,,,,,,,,,,,,,,
79.0,S,,,,,,,,,,,,,2.0,,Garfield,0.0,S,,,,,,,,,,,,,,,,,,,,,,,,,,,,,,,,,,,,,,,,,,,,,,,,,,,,,,,,,,,,,,,,,,,,,,,,,,,,,,,,,,,
80.0,S,,,,,,,,,,,,,2.0,,Garfield,0.0,S,,,,,,,,,,,,,,,,,,,,,,,,,,,,,,,,,,,,,,,,,,,,,,,,,,,,,,,,,,,,,,,,,,,,,,,,,,,,,,,,,,,
81.0,S,,,,,,,,,,,,,2.0,,Garfield,0.0,S,,,,,,,,,,,,,,,,,,,,,,,,,,,,,,,,,,,,,,,,,,,,,,,,,,,,,,,,,,,,,,,,,,,,,,,,,,,,,,,,,,,
82.0,S,,,,,,,,,,,,,2.0,,Garfield,0.0,S,,,,,,,,,,,,,,,,,,,,,,,,,,,,,,,,,,,,,,,,,,,,,,,,,,,,,,,,,,,,,,,,,,,,,,,,,,,,,,,,,,,
83.0,S,,,,,,,,,,,,,2.0,,Garfield,0.0,S,,,,,,,,,,,,,,,,,,,,,,,,,,,,,,,,,,,,,,,,,,,,,,,,,,,,,,,,,,,,,,,,,,,,,,,,,,,,,,,,,,,
84.0,S,,,,,,,,,,,,,2.0,,Garfield,0.0,S,,,,,,,,,,,,,,,,,,,,,,,,,,,,,,,,,,,,,,,,,,,,,,,,,,,,,,,,,,,,,,,,,,,,,,,,,,,,,,,,,,,
85.0,S,,,,,,,,,,,,,2.0,,Garfield,0.0,S,,,,,,,,,,,,,,,,,,,,,,,,,,,,,,,,,,,,,,,,,,,,,,,,,,,,,,,,,,,,,,,,,,,,,,,,,,,,,,,,,,,
86.0,S,,,,,,,,,,,,,2.0,,Garfield,0.0,S,,,,,,,,,,,,,,,,,,,,,,,,,,,,,,,,,,,,,,,,,,,,,,,,,,,,,,,,,,,,,,,,,,,,,,,,,,,,,,,,,,,
87.0,K,,,R,-40.0,KO,Return,,,,,,,3.0,,Garfield,0.0,K,,,,,,,,,,,,,,,,,,,,,,,,,,,,,,,,,,,,,,,,,,,,,,,,,,,,,,,,,,,,,,,,,,,,,,,,,,,,,,,,,,,
88.0,D,1.0,10.0,M,50.0,Run,Rush,FLA. BLUE,,R,,,,3.0,3.0,Garfield,3.0,D,,,,,,,,,,,,,,,,,,,,,,,,,,,,,,,,,,,,,,,,,,,,,,,,,,,,,,,,,,,,,,,,,,,,,,,,,,,,,,,,,,,
89.0,D,2.0,7.0,R,47.0,Pass,Complete,FLA. BLUE,,R,,,,3.0,26.0,Garfield,26.0,D,,,,,,,,,,,,,,,,,,,,,,,,,,,,,,,,,,,,,,,,,,,,,,,,,,,,,,,,,,,,,,,,,,,,,,,,,,,,,,,,,,,
90.0,D,1.0,10.0,R,21.0,Run,Rush,DBL Slot,,L,,,,3.0,3.0,Garfield,3.0,D,,,,,,,,,,,,,,,,,,,,,,,,,,,,,,,,,,,,,,,,,,,,,,,,,,,,,,,,,,,,,,,,,,,,,,,,,,,,,,,,,,,
91.0,D,2.0,7.0,M,18.0,Run,Rush,IOWA BLACK,,R,,,,3.0,-4.0,Garfield,-4.0,D,,,,,,,,,,,,,,,,,,,,,,,,,,,,,,,,,,,,,,,,,,,,,,,,,,,,,,,,,,,,,,,,,,,,,,,,,,,,,,,,,,,
92.0,D,3.0,11.0,R,22.0,Pass,Incomplete,FLA. BLUE,,L,,,,3.0,0.0,Garfield,0.0,D,,,,,,,,,,,,,,,,,,,,,,,,,,,,,,,,,,,,,,,,,,,,,,,,,,,,,,,,,,,,,,,,,,,,,,,,,,,,,,,,,,,
93.0,D,4.0,11.0,R,22.0,,Penalty,FLA. BLUE,,,,,,3.0,-5.0,Garfield,-5.0,D,,,,,,,,,,,,,,,,,,,,,,,,,,,,,,,,,,,,,,,,,,,,,,,,,,,,,,,,,,,,,,,,,,,,,,,,,,,,,,,,,,,
94.0,S,,,,,,,,,,,,,3.0,,Garfield,0.0,S,,,,,,,,,,,,,,,,,,,,,,,,,,,,,,,,,,,,,,,,,,,,,,,,,,,,,,,,,,,,,,,,,,,,,,,,,,,,,,,,,,,
95.0,S,,,,,,,,,,,,,3.0,,Garfield,0.0,S,,,,,,,,,,,,,,,,,,,,,,,,,,,,,,,,,,,,,,,,,,,,,,,,,,,,,,,,,,,,,,,,,,,,,,,,,,,,,,,,,,,
96.0,D,1.0,10.0,R,27.0,Run,Penalty,FLA. BLUE,,R,,,,3.0,13.0,Garfield,13.0,D,,,,,,,,,,,,,,,,,,,,,,,,,,,,,,,,,,,,,,,,,,,,,,,,,,,,,,,,,,,,,,,,,,,,,,,,,,,,,,,,,,,
97.0,S,1.0,,,,,,IOWA BLACK,,,,,,3.0,,Garfield,0.0,S,,,,,,,,,,,,,,,,,,,,,,,,,,,,,,,,,,,,,,,,,,,,,,,,,,,,,,,,,,,,,,,,,,,,,,,,,,,,,,,,,,,
98.0,S,,,,,,,,,,,,,3.0,13.0,Garfield,13.0,S,,,,,,,,,,,,,,,,,,,,,,,,,,,,,,,,,,,,,,,,,,,,,,,,,,,,,,,,,,,,,,,,,,,,,,,,,,,,,,,,,,,
99.0,D,1.0,10.0,R,14.0,Run,Fumble,DBL Slot,,L,,,,3.0,-1.0,Garfield,-1.0,D,,,,,,,,,,,,,,,,,,,,,,,,,,,,,,,,,,,,,,,,,,,,,,,,,,,,,,,,,,,,,,,,,,,,,,,,,,,,,,,,,,,
100.0,O,1.0,10.0,L,-13.0,Pass,Incomplete,Twins Split,,R,,,,3.0,0.0,Garfield,0.0,O,,,,,,,,,,,,,,,,,,,,,,,,,,,,,,,,,,,,,,,,,,,,,,,,,,,,,,,,,,,,,,,,,,,,,,,,,,,,,,,,,,,
101.0,O,2.0,10.0,L,-13.0,Run,Rush,WISCONSIN RED,,R,,,,3.0,10.0,Garfield,10.0,O,,,,,,,,,,,,,,,,,,,,,,,,,,,,,,,,,,,,,,,,,,,,,,,,,,,,,,,,,,,,,,,,,,,,,,,,,,,,,,,,,,,
102.0,O,1.0,10.0,M,-23.0,Run,Rush,WISCONSIN RED,,L,,,,3.0,2.0,Garfield,2.0,O,,,,,,,,,,,,,,,,,,,,,,,,,,,,,,,,,,,,,,,,,,,,,,,,,,,,,,,,,,,,,,,,,,,,,,,,,,,,,,,,,,,
103.0,O,2.0,8.0,M,-25.0,Run,Rush,WISCONSIN RED,,L,,,,3.0,9.0,Garfield,9.0,O,,,,,,,,,,,,,,,,,,,,,,,,,,,,,,,,,,,,,,,,,,,,,,,,,,,,,,,,,,,,,,,,,,,,,,,,,,,,,,,,,,,
104.0,O,1.0,10.0,L,-34.0,Run,Rush,WISCONSIN RED,,R,,,,3.0,0.0,Garfield,0.0,O,,,,,,,,,,,,,,,,,,,,,,,,,,,,,,,,,,,,,,,,,,,,,,,,,,,,,,,,,,,,,,,,,,,,,,,,,,,,,,,,,,,
105.0,O,2.0,10.0,L,-34.0,Run,Penalty,WISCONSIN RED,,L,,,,3.0,-15.0,Garfield,-15.0,O,,,,,,,,,,,,,,,,,,,,,,,,,,,,,,,,,,,,,,,,,,,,,,,,,,,,,,,,,,,,,,,,,,,,,,,,,,,,,,,,,,,
106.0,O,2.0,25.0,L,-19.0,Run,Rush,FLA. BLUE,,R,,,,3.0,7.0,Garfield,7.0,O,,,,,,,,,,,,,,,,,,,,,,,,,,,,,,,,,,,,,,,,,,,,,,,,,,,,,,,,,,,,,,,,,,,,,,,,,,,,,,,,,,,
107.0,O,3.0,18.0,R,-26.0,Run,Rush,FLA. BLUE,,L,,,,3.0,-6.0,Garfield,-6.0,O,,,,,,,,,,,,,,,,,,,,,,,,,,,,,,,,,,,,,,,,,,,,,,,,,,,,,,,,,,,,,,,,,,,,,,,,,,,,,,,,,,,
108.0,K,4.0,24.0,R,-20.0,Punt,Return,,,,,,,3.0,,Garfield,0.0,K,,,,,,,,,,,,,,,,,,,,,,,,,,,,,,,,,,,,,,,,,,,,,,,,,,,,,,,,,,,,,,,,,,,,,,,,,,,,,,,,,,,
109.0,D,1.0,10.0,R,45.0,Pass,Complete,FLA. BLUE,,L,,,,3.0,5.0,Garfield,5.0,D,,,,,,,,,,,,,,,,,,,,,,,,,,,,,,,,,,,,,,,,,,,,,,,,,,,,,,,,,,,,,,,,,,,,,,,,,,,,,,,,,,,
110.0,D,2.0,5.0,L,40.0,Run,Rush,IOWA BLACK,,R,,,,3.0,4.0,Garfield,4.0,D,,,,,,,,,,,,,,,,,,,,,,,,,,,,,,,,,,,,,,,,,,,,,,,,,,,,,,,,,,,,,,,,,,,,,,,,,,,,,,,,,,,
111.0,D,3.0,1.0,L,36.0,Run,Rush,FLA. BLUE,,L,,,,3.0,10.0,Garfield,10.0,D,,,,,,,,,,,,,,,,,,,,,,,,,,,,,,,,,,,,,,,,,,,,,,,,,,,,,,,,,,,,,,,,,,,,,,,,,,,,,,,,,,,
112.0,D,1.0,10.0,L,26.0,Run,Rush,WISCONSIN RED,,L,,,,3.0,0.0,Garfield,0.0,D,,,,,,,,,,,,,,,,,,,,,,,,,,,,,,,,,,,,,,,,,,,,,,,,,,,,,,,,,,,,,,,,,,,,,,,,,,,,,,,,,,,
113.0,D,2.0,10.0,L,26.0,Pass,Incomplete,WISCONSIN RED,,R,,,,3.0,0.0,Garfield,0.0,D,,,,,,,,,,,,,,,,,,,,,,,,,,,,,,,,,,,,,,,,,,,,,,,,,,,,,,,,,,,,,,,,,,,,,,,,,,,,,,,,,,,
114.0,D,3.0,10.0,L,26.0,,Penalty,TEXAS BROWN,,,,,,3.0,-5.0,Garfield,-5.0,D,,,,,,,,,,,,,,,,,,,,,,,,,,,,,,,,,,,,,,,,,,,,,,,,,,,,,,,,,,,,,,,,,,,,,,,,,,,,,,,,,,,
115.0,D,3.0,10.0,L,31.0,Pass,"Complete, TD",TEXAS BROWN,,L,,,,3.0,31.0,Garfield,31.0,D,,,,,,,,,,,,,,,,,,,,,,,,,,,,,,,,,,,,,,,,,,,,,,,,,,,,,,,,,,,,,,,,,,,,,,,,,,,,,,,,,,,
116.0,K,,,M,3.0,2 Pt. Defend,Good,,,R,,,,3.0,,Garfield,0.0,K,,,,,,,,,,,,,,,,,,,,,,,,,,,,,,,,,,,,,,,,,,,,,,,,,,,,,,,,,,,,,,,,,,,,,,,,,,,,,,,,,,,
117.0,K,,,L,-40.0,KO Rec,Return,,,,,,,3.0,,Garfield,0.0,K,,,,,,,,,,,,,,,,,,,,,,,,,,,,,,,,,,,,,,,,,,,,,,,,,,,,,,,,,,,,,,,,,,,,,,,,,,,,,,,,,,,
118.0,O,1.0,10.0,R,-30.0,Run,Rush,FLA. BLUE,,R,,,,3.0,8.0,Garfield,8.0,O,,,,,,,,,,,,,,,,,,,,,,,,,,,,,,,,,,,,,,,,,,,,,,,,,,,,,,,,,,,,,,,,,,,,,,,,,,,,,,,,,,,
119.0,O,2.0,2.0,R,-38.0,Pass,Incomplete,FLA. BLUE,,L,,,,3.0,0.0,Garfield,0.0,O,,,,,,,,,,,,,,,,,,,,,,,,,,,,,,,,,,,,,,,,,,,,,,,,,,,,,,,,,,,,,,,,,,,,,,,,,,,,,,,,,,,
120.0,O,3.0,2.0,R,-38.0,Run,Rush,Twins Split,,L,,,,3.0,5.0,Garfield,5.0,O,,,,,,,,,,,,,,,,,,,,,,,,,,,,,,,,,,,,,,,,,,,,,,,,,,,,,,,,,,,,,,,,,,,,,,,,,,,,,,,,,,,
121.0,O,1.0,10.0,R,-43.0,Run,Rush,Twins Split,,L,,,,3.0,4.0,Garfield,4.0,O,,,,,,,,,,,,,,,,,,,,,,,,,,,,,,,,,,,,,,,,,,,,,,,,,,,,,,,,,,,,,,,,,,,,,,,,,,,,,,,,,,,
122.0,O,2.0,6.0,R,-47.0,Pass,Penalty,WISCONSIN RED,,R,,,,3.0,28.0,Garfield,28.0,O,,,,,,,,,,,,,,,,,,,,,,,,,,,,,,,,,,,,,,,,,,,,,,,,,,,,,,,,,,,,,,,,,,,,,,,,,,,,,,,,,,,
123.0,O,1.0,10.0,R,25.0,Run,Rush,WISCONSIN RED,,R,,,,3.0,14.0,Garfield,14.0,O,,,,,,,,,,,,,,,,,,,,,,,,,,,,,,,,,,,,,,,,,,,,,,,,,,,,,,,,,,,,,,,,,,,,,,,,,,,,,,,,,,,
124.0,O,1.0,10.0,R,11.0,Run,Rush,WISCONSIN RED,,R,,,,3.0,-1.0,Garfield,-1.0,O,,,,,,,,,,,,,,,,,,,,,,,,,,,,,,,,,,,,,,,,,,,,,,,,,,,,,,,,,,,,,,,,,,,,,,,,,,,,,,,,,,,
125.0,O,2.0,11.0,R,12.0,Pass,Penalty,Twins Split,,L,,,,3.0,6.0,Garfield,6.0,O,,,,,,,,,,,,,,,,,,,,,,,,,,,,,,,,,,,,,,,,,,,,,,,,,,,,,,,,,,,,,,,,,,,,,,,,,,,,,,,,,,,
126.0,O,2.0,5.0,R,6.0,Run,Rush,Twins Split,,L,,,,3.0,-2.0,Garfield,-2.0,O,,,,,,,,,,,,,,,,,,,,,,,,,,,,,,,,,,,,,,,,,,,,,,,,,,,,,,,,,,,,,,,,,,,,,,,,,,,,,,,,,,,
127.0,O,3.0,7.0,R,8.0,Run,Rush,WISCONSIN RED,,L,,,,3.0,4.0,Garfield,4.0,O,,,,,,,,,,,,,,,,,,,,,,,,,,,,,,,,,,,,,,,,,,,,,,,,,,,,,,,,,,,,,,,,,,,,,,,,,,,,,,,,,,,
128.0,D,1.0,10.0,M,-12.0,Run,Rush,,,R,,,,3.0,9.0,Garfield,9.0,D,,,,,,,,,,,,,,,,,,,,,,,,,,,,,,,,,,,,,,,,,,,,,,,,,,,,,,,,,,,,,,,,,,,,,,,,,,,,,,,,,,,
129.0,S,2.0,1.0,,,,,,,,,,,3.0,,Garfield,0.0,S,,,,,,,,,,,,,,,,,,,,,,,,,,,,,,,,,,,,,,,,,,,,,,,,,,,,,,,,,,,,,,,,,,,,,,,,,,,,,,,,,,,
130.0,D,2.0,1.0,R,-21.0,Run,Rush,DBL Slot,,R,,,,4.0,7.0,Garfield,7.0,D,,,,,,,,,,,,,,,,,,,,,,,,,,,,,,,,,,,,,,,,,,,,,,,,,,,,,,,,,,,,,,,,,,,,,,,,,,,,,,,,,,,
131.0,D,1.0,10.0,R,-28.0,Run,Rush,DBL Slot,,L,,,,4.0,-3.0,Garfield,-3.0,D,,,,,,,,,,,,,,,,,,,,,,,,,,,,,,,,,,,,,,,,,,,,,,,,,,,,,,,,,,,,,,,,,,,,,,,,,,,,,,,,,,,
132.0,D,2.0,13.0,L,-25.0,Run,Rush,DBL Slot,,R,,,,4.0,18.0,Garfield,18.0,D,,,,,,,,,,,,,,,,,,,,,,,,,,,,,,,,,,,,,,,,,,,,,,,,,,,,,,,,,,,,,,,,,,,,,,,,,,,,,,,,,,,
133.0,D,1.0,10.0,M,-43.0,Run,Rush,,,L,,,,4.0,14.0,Garfield,14.0,D,,,,,,,,,,,,,,,,,,,,,,,,,,,,,,,,,,,,,,,,,,,,,,,,,,,,,,,,,,,,,,,,,,,,,,,,,,,,,,,,,,,
134.0,D,1.0,10.0,L,43.0,Run,Rush,DBL Slot,,R,,,,4.0,5.0,Garfield,5.0,D,,,,,,,,,,,,,,,,,,,,,,,,,,,,,,,,,,,,,,,,,,,,,,,,,,,,,,,,,,,,,,,,,,,,,,,,,,,,,,,,,,,
135.0,D,2.0,5.0,L,38.0,Run,Rush,DBL Slot,,L,,,,4.0,3.0,Garfield,3.0,D,,,,,,,,,,,,,,,,,,,,,,,,,,,,,,,,,,,,,,,,,,,,,,,,,,,,,,,,,,,,,,,,,,,,,,,,,,,,,,,,,,,
136.0,D,3.0,2.0,L,35.0,Run,Rush,DBL Slot,,R,,,,4.0,7.0,Garfield,7.0,D,,,,,,,,,,,,,,,,,,,,,,,,,,,,,,,,,,,,,,,,,,,,,,,,,,,,,,,,,,,,,,,,,,,,,,,,,,,,,,,,,,,
137.0,D,1.0,10.0,L,28.0,Run,Rush,DBL Slot,,L,,,,4.0,1.0,Garfield,1.0,D,,,,,,,,,,,,,,,,,,,,,,,,,,,,,,,,,,,,,,,,,,,,,,,,,,,,,,,,,,,,,,,,,,,,,,,,,,,,,,,,,,,
138.0,D,2.0,9.0,L,27.0,Pass,Interception,DBL Slot,,R,,,,4.0,0.0,Garfield,0.0,D,,,,,,,,,,,,,,,,,,,,,,,,,,,,,,,,,,,,,,,,,,,,,,,,,,,,,,,,,,,,,,,,,,,,,,,,,,,,,,,,,,,
139.0,O,1.0,10.0,L,-5.0,Pass,Incomplete,IOWA BLACK,,R,,,,4.0,0.0,Garfield,0.0,O,,,,,,,,,,,,,,,,,,,,,,,,,,,,,,,,,,,,,,,,,,,,,,,,,,,,,,,,,,,,,,,,,,,,,,,,,,,,,,,,,,,
140.0,O,2.0,10.0,L,-5.0,Run,Rush,Twins Split,,L,,,,4.0,3.0,Garfield,3.0,O,,,,,,,,,,,,,,,,,,,,,,,,,,,,,,,,,,,,,,,,,,,,,,,,,,,,,,,,,,,,,,,,,,,,,,,,,,,,,,,,,,,
141.0,O,3.0,7.0,L,-8.0,Pass,"Complete, TD",WISCONSIN RED,,R,,,,4.0,92.0,Garfield,92.0,O,,,,,,,,,,,,,,,,,,,,,,,,,,,,,,,,,,,,,,,,,,,,,,,,,,,,,,,,,,,,,,,,,,,,,,,,,,,,,,,,,,,
142.0,S,,,,,,,,,,,,,4.0,,Garfield,0.0,S,,,,,,,,,,,,,,,,,,,,,,,,,,,,,,,,,,,,,,,,,,,,,,,,,,,,,,,,,,,,,,,,,,,,,,,,,,,,,,,,,,,
143.0,K,,,M,3.0,2 Pt.,Good,,,R,,,,4.0,,Garfield,0.0,K,,,,,,,,,,,,,,,,,,,,,,,,,,,,,,,,,,,,,,,,,,,,,,,,,,,,,,,,,,,,,,,,,,,,,,,,,,,,,,,,,,,
144.0,S,,,,,,,,,,,,,4.0,,Garfield,0.0,S,,,,,,,,,,,,,,,,,,,,,,,,,,,,,,,,,,,,,,,,,,,,,,,,,,,,,,,,,,,,,,,,,,,,,,,,,,,,,,,,,,,
145.0,K,,,M,-40.0,KO,Touchback,,,,,,,4.0,,Garfield,0.0,K,,,,,,,,,,,,,,,,,,,,,,,,,,,,,,,,,,,,,,,,,,,,,,,,,,,,,,,,,,,,,,,,,,,,,,,,,,,,,,,,,,,
146.0,D,1.0,10.0,M,-20.0,Run,Rush,IOWA BLACK,,L,,,,4.0,-5.0,Garfield,-5.0,D,,,,,,,,,,,,,,,,,,,,,,,,,,,,,,,,,,,,,,,,,,,,,,,,,,,,,,,,,,,,,,,,,,,,,,,,,,,,,,,,,,,
147.0,D,2.0,15.0,L,-15.0,Run,Rush,IOWA BLACK,,R,,,,4.0,13.0,Garfield,13.0,D,,,,,,,,,,,,,,,,,,,,,,,,,,,,,,,,,,,,,,,,,,,,,,,,,,,,,,,,,,,,,,,,,,,,,,,,,,,,,,,,,,,
148.0,D,3.0,2.0,M,-28.0,Run,Rush,IOWA BLACK,,L,,,,4.0,1.0,Garfield,1.0,D,,,,,,,,,,,,,,,,,,,,,,,,,,,,,,,,,,,,,,,,,,,,,,,,,,,,,,,,,,,,,,,,,,,,,,,,,,,,,,,,,,,
149.0,D,4.0,1.0,L,-29.0,Run,Rush,IOWA BLACK,,R,,,,4.0,2.0,Garfield,2.0,D,,,,,,,,,,,,,,,,,,,,,,,,,,,,,,,,,,,,,,,,,,,,,,,,,,,,,,,,,,,,,,,,,,,,,,,,,,,,,,,,,,,
150.0,D,1.0,10.0,L,-31.0,Run,Rush,FLA. BLUE,,R,,,,4.0,5.0,Garfield,5.0,D,,,,,,,,,,,,,,,,,,,,,,,,,,,,,,,,,,,,,,,,,,,,,,,,,,,,,,,,,,,,,,,,,,,,,,,,,,,,,,,,,,,
151.0,S,2.0,5.0,,,,,,,,,,,4.0,,Garfield,0.0,S,,,,,,,,,,,,,,,,,,,,,,,,,,,,,,,,,,,,,,,,,,,,,,,,,,,,,,,,,,,,,,,,,,,,,,,,,,,,,,,,,,,
152.0,D,2.0,5.0,R,-36.0,Run,Rush,WISCONSIN RED,,L,,,,4.0,7.0,Garfield,7.0,D,,,,,,,,,,,,,,,,,,,,,,,,,,,,,,,,,,,,,,,,,,,,,,,,,,,,,,,,,,,,,,,,,,,,,,,,,,,,,,,,,,,
153.0,D,1.0,10.0,M,-43.0,Run,Rush,WISCONSIN RED,,R,,,,4.0,6.0,Garfield,6.0,D,,,,,,,,,,,,,,,,,,,,,,,,,,,,,,,,,,,,,,,,,,,,,,,,,,,,,,,,,,,,,,,,,,,,,,,,,,,,,,,,,,,
154.0,D,2.0,4.0,M,-49.0,Run,Rush,WISCONSIN RED,,R,,,,4.0,2.0,Garfield,2.0,D,,,,,,,,,,,,,,,,,,,,,,,,,,,,,,,,,,,,,,,,,,,,,,,,,,,,,,,,,,,,,,,,,,,,,,,,,,,,,,,,,,,
155.0,D,3.0,2.0,R,49.0,Run,Rush,WISCONSIN RED,,L,,,,4.0,3.0,Garfield,3.0,D,,,,,,,,,,,,,,,,,,,,,,,,,,,,,,,,,,,,,,,,,,,,,,,,,,,,,,,,,,,,,,,,,,,,,,,,,,,,,,,,,,,
156.0,D,1.0,10.0,M,46.0,Run,Rush,Wyoming brown,,R,,,,4.0,-1.0,Garfield,-1.0,D,,,,,,,,,,,,,,,,,,,,,,,,,,,,,,,,,,,,,,,,,,,,,,,,,,,,,,,,,,,,,,,,,,,,,,,,,,,,,,,,,,,
157.0,D,2.0,11.0,R,47.0,Run,"Rush, TD",Wyoming brown,,L,,,,4.0,47.0,Garfield,47.0,D,,,,,,,,,,,,,,,,,,,,,,,,,,,,,,,,,,,,,,,,,,,,,,,,,,,,,,,,,,,,,,,,,,,,,,,,,,,,,,,,,,,
158.0,K,,,M,3.0,Extra Pt. Block,No Good,,,,,,,4.0,,Garfield,0.0,K,,,,,,,,,,,,,,,,,,,,,,,,,,,,,,,,,,,,,,,,,,,,,,,,,,,,,,,,,,,,,,,,,,,,,,,,,,,,,,,,,,,
159.0,K,,,L,-40.0,KO Rec,Penalty,,,,,,,4.0,,Garfield,0.0,K,,,,,,,,,,,,,,,,,,,,,,,,,,,,,,,,,,,,,,,,,,,,,,,,,,,,,,,,,,,,,,,,,,,,,,,,,,,,,,,,,,,
160.0,K,,,L,-35.0,KO Rec,Return,,,,,,,4.0,,Garfield,0.0,K,,,,,,,,,,,,,,,,,,,,,,,,,,,,,,,,,,,,,,,,,,,,,,,,,,,,,,,,,,,,,,,,,,,,,,,,,,,,,,,,,,,
161.0,O,1.0,10.0,L,-30.0,Run,Rush,IOWA BLACK,,L,,,,4.0,5.0,Garfield,5.0,O,,,,,,,,,,,,,,,,,,,,,,,,,,,,,,,,,,,,,,,,,,,,,,,,,,,,,,,,,,,,,,,,,,,,,,,,,,,,,,,,,,,
162.0,O,2.0,5.0,L,-35.0,Pass,Complete,IOWA BLACK,,R,,,,4.0,35.0,Garfield,35.0,O,,,,,,,,,,,,,,,,,,,,,,,,,,,,,,,,,,,,,,,,,,,,,,,,,,,,,,,,,,,,,,,,,,,,,,,,,,,,,,,,,,,
163.0,O,1.0,10.0,R,30.0,Pass,Incomplete,IOWA BLACK,,R,,,,4.0,0.0,Garfield,0.0,O,,,,,,,,,,,,,,,,,,,,,,,,,,,,,,,,,,,,,,,,,,,,,,,,,,,,,,,,,,,,,,,,,,,,,,,,,,,,,,,,,,,
164.0,O,2.0,10.0,R,30.0,Pass,Incomplete,IOWA BLACK,,L,,,,4.0,0.0,Garfield,0.0,O,,,,,,,,,,,,,,,,,,,,,,,,,,,,,,,,,,,,,,,,,,,,,,,,,,,,,,,,,,,,,,,,,,,,,,,,,,,,,,,,,,,
165.0,O,3.0,10.0,R,30.0,Pass,Complete,IOWA BLACK,,R,,,,4.0,17.0,Garfield,17.0,O,,,,,,,,,,,,,,,,,,,,,,,,,,,,,,,,,,,,,,,,,,,,,,,,,,,,,,,,,,,,,,,,,,,,,,,,,,,,,,,,,,,
166.0,O,1.0,10.0,R,13.0,Run,Rush,FLA. BLUE,,L,,,,4.0,-4.0,Garfield,-4.0,O,,,,,,,,,,,,,,,,,,,,,,,,,,,,,,,,,,,,,,,,,,,,,,,,,,,,,,,,,,,,,,,,,,,,,,,,,,,,,,,,,,,
167.0,S,2.0,14.0,,,,,,,,,,,4.0,,Garfield,0.0,S,,,,,,,,,,,,,,,,,,,,,,,,,,,,,,,,,,,,,,,,,,,,,,,,,,,,,,,,,,,,,,,,,,,,,,,,,,,,,,,,,,,
168.0,S,,,,,,,,,,,,,4.0,,Garfield,0.0,S,,,,,,,,,,,,,,,,,,,,,,,,,,,,,,,,,,,,,,,,,,,,,,,,,,,,,,,,,,,,,,,,,,,,,,,,,,,,,,,,,,,
1.0,K,,,L,-40.0,KO Rec,Return,,,,,,,1.0,,Garfield,0.0,K,,,,,,,,,,,,,,,,,,,,,,,,,,,,,,,,,,,,,,,,,,,,,,,,,,,,,,,,,,,,,,,,,,,,,,,,,,,,,,,,,,,
2.0,O,1.0,10.0,L,-36.0,,Penalty,,,,,,,1.0,-5.0,Garfield,-5.0,O,,,,,,,,,,,,,,,,,,,,,,,,,,,,,,,,,,,,,,,,,,,,,,,,,,,,,,,,,,,,,,,,,,,,,,,,,,,,,,,,,,,
3.0,O,1.0,15.0,L,-31.0,Pass,Incomplete,TEXAS BROWN,,R,,,,1.0,0.0,Garfield,0.0,O,,,,,,,,,,,,,,,,,,,,,,,,,,,,,,,,,,,,,,,,,,,,,,,,,,,,,,,,,,,,,,,,,,,,,,,,,,,,,,,,,,,
4.0,O,2.0,15.0,L,-31.0,Run,Rush,IOWA BLACK,,R,,,,1.0,3.0,Garfield,3.0,O,,,,,,,,,,,,,,,,,,,,,,,,,,,,,,,,,,,,,,,,,,,,,,,,,,,,,,,,,,,,,,,,,,,,,,,,,,,,,,,,,,,
5.0,O,3.0,12.0,M,-34.0,Pass,Incomplete,FLA. BLUE,,L,,,,1.0,0.0,Garfield,0.0,O,,,,,,,,,,,,,,,,,,,,,,,,,,,,,,,,,,,,,,,,,,,,,,,,,,,,,,,,,,,,,,,,,,,,,,,,,,,,,,,,,,,
6.0,K,4.0,12.0,M,-34.0,Punt,Return,,,,,,,1.0,,Garfield,0.0,K,,,,,,,,,,,,,,,,,,,,,,,,,,,,,,,,,,,,,,,,,,,,,,,,,,,,,,,,,,,,,,,,,,,,,,,,,,,,,,,,,,,
7.0,D,1.0,10.0,R,-40.0,Run,Rush,DBL Slot,,L,,,,1.0,4.0,Garfield,4.0,D,,,,,,,,,,,,,,,,,,,,,,,,,,,,,,,,,,,,,,,,,,,,,,,,,,,,,,,,,,,,,,,,,,,,,,,,,,,,,,,,,,,
8.0,D,2.0,6.0,R,-44.0,Run,Rush,,,L,,,,1.0,15.0,Garfield,15.0,D,,,,,,,,,,,,,,,,,,,,,,,,,,,,,,,,,,,,,,,,,,,,,,,,,,,,,,,,,,,,,,,,,,,,,,,,,,,,,,,,,,,
9.0,D,1.0,10.0,M,41.0,Run,Rush,,,L,,,,1.0,-2.0,Garfield,-2.0,D,,,,,,,,,,,,,,,,,,,,,,,,,,,,,,,,,,,,,,,,,,,,,,,,,,,,,,,,,,,,,,,,,,,,,,,,,,,,,,,,,,,
10.0,D,2.0,12.0,R,43.0,,Penalty,DBL Slot,,,,,,1.0,-5.0,Garfield,-5.0,D,,,,,,,,,,,,,,,,,,,,,,,,,,,,,,,,,,,,,,,,,,,,,,,,,,,,,,,,,,,,,,,,,,,,,,,,,,,,,,,,,,,
11.0,D,2.0,17.0,R,48.0,Run,Rush,IOWA BLACK,,R,,,,1.0,6.0,Garfield,6.0,D,,,,,,,,,,,,,,,,,,,,,,,,,,,,,,,,,,,,,,,,,,,,,,,,,,,,,,,,,,,,,,,,,,,,,,,,,,,,,,,,,,,
12.0,D,3.0,11.0,R,42.0,Run,Rush,IOWA BLACK,,R,,,,1.0,5.0,Garfield,5.0,D,,,,,,,,,,,,,,,,,,,,,,,,,,,,,,,,,,,,,,,,,,,,,,,,,,,,,,,,,,,,,,,,,,,,,,,,,,,,,,,,,,,
13.0,D,4.0,6.0,R,37.0,Run,Rush,FLA. BLUE,,L,,,,1.0,7.0,Garfield,7.0,D,,,,,,,,,,,,,,,,,,,,,,,,,,,,,,,,,,,,,,,,,,,,,,,,,,,,,,,,,,,,,,,,,,,,,,,,,,,,,,,,,,,
14.0,O,1.0,10.0,L,-35.0,Run,Penalty,Wyoming brown,,R,,,,1.0,20.0,Garfield,20.0,O,,,,,,,,,,,,,,,,,,,,,,,,,,,,,,,,,,,,,,,,,,,,,,,,,,,,,,,,,,,,,,,,,,,,,,,,,,,,,,,,,,,
15.0,O,1.0,10.0,L,50.0,Run,Rush,Wyoming brown,,L,,,,1.0,4.0,Garfield,4.0,O,,,,,,,,,,,,,,,,,,,,,,,,,,,,,,,,,,,,,,,,,,,,,,,,,,,,,,,,,,,,,,,,,,,,,,,,,,,,,,,,,,,
16.0,O,2.0,6.0,L,46.0,Run,Rush,TEXAS BROWN (11),TIT DUO GUT LEFT,R,,,,1.0,11.0,Garfield,11.0,O,,,,,,,,,,,,,,,,,,,,,,,,,,,,,,,,,,,,,,,,,,,,,,,,,,,,,,,,,,,,,,,,,,,,,,,,,,,,,,,,,,,
17.0,O,1.0,10.0,L,35.0,Pass,Complete,TEXAS BROWN (11),TOP ISO RIGHT,R,,,,1.0,8.0,Garfield,8.0,O,,,,,,,,,,,,,,,,,,,,,,,,,,,,,,,,,,,,,,,,,,,,,,,,,,,,,,,,,,,,,,,,,,,,,,,,,,,,,,,,,,,
18.0,O,2.0,2.0,R,27.0,Pass,Complete,Wyoming brown,,L,,,,1.0,3.0,Garfield,3.0,O,,,,,,,,,,,,,,,,,,,,,,,,,,,,,,,,,,,,,,,,,,,,,,,,,,,,,,,,,,,,,,,,,,,,,,,,,,,,,,,,,,,
19.0,O,1.0,10.0,M,24.0,Run,Rush,Wyoming brown,,R,,,,1.0,-3.0,Garfield,-3.0,O,,,,,,,,,,,,,,,,,,,,,,,,,,,,,,,,,,,,,,,,,,,,,,,,,,,,,,,,,,,,,,,,,,,,,,,,,,,,,,,,,,,
20.0,O,2.0,13.0,L,27.0,Pass,Complete,WYOMING GOLD,ISO LEFT BOOT RIGHT H UNDER (LOCK),R,,,,1.0,11.0,Garfield,11.0,O,,,,,,,,,,,,,,,,,,,,,,,,,,,,,,,,,,,,,,,,,,,,,,,,,,,,,,,,,,,,,,,,,,,,,,,,,,,,,,,,,,,
21.0,O,3.0,2.0,R,16.0,Run,Rush,Wyoming brown,,L,,,,1.0,2.0,Garfield,2.0,O,,,,,,,,,,,,,,,,,,,,,,,,,,,,,,,,,,,,,,,,,,,,,,,,,,,,,,,,,,,,,,,,,,,,,,,,,,,,,,,,,,,
22.0,O,1.0,10.0,R,14.0,Run,Rush,Wyoming brown,,L,,,,1.0,2.0,Garfield,2.0,O,,,,,,,,,,,,,,,,,,,,,,,,,,,,,,,,,,,,,,,,,,,,,,,,,,,,,,,,,,,,,,,,,,,,,,,,,,,,,,,,,,,
23.0,O,2.0,8.0,L,12.0,Pass,Incomplete,WISCONSIN RED,,R,,,,1.0,0.0,Garfield,0.0,O,,,,,,,,,,,,,,,,,,,,,,,,,,,,,,,,,,,,,,,,,,,,,,,,,,,,,,,,,,,,,,,,,,,,,,,,,,,,,,,,,,,
24.0,O,3.0,8.0,L,12.0,Pass,Complete,TEXAS BROWN,,R,,,,1.0,-1.0,Garfield,-1.0,O,,,,,,,,,,,,,,,,,,,,,,,,,,,,,,,,,,,,,,,,,,,,,,,,,,,,,,,,,,,,,,,,,,,,,,,,,,,,,,,,,,,
25.0,O,4.0,9.0,R,13.0,Run,Rush,IOWA BLACK,,R,,,,1.0,-9.0,Garfield,-9.0,O,,,,,,,,,,,,,,,,,,,,,,,,,,,,,,,,,,,,,,,,,,,,,,,,,,,,,,,,,,,,,,,,,,,,,,,,,,,,,,,,,,,
26.0,D,1.0,10.0,L,-22.0,Run,Rush,DBL Slot,,L,,,,1.0,3.0,Garfield,3.0,D,,,,,,,,,,,,,,,,,,,,,,,,,,,,,,,,,,,,,,,,,,,,,,,,,,,,,,,,,,,,,,,,,,,,,,,,,,,,,,,,,,,
27.0,D,2.0,7.0,L,-25.0,Run,Rush,DBL Slot,,R,,,,1.0,7.0,Garfield,7.0,D,,,,,,,,,,,,,,,,,,,,,,,,,,,,,,,,,,,,,,,,,,,,,,,,,,,,,,,,,,,,,,,,,,,,,,,,,,,,,,,,,,,
28.0,D,1.0,10.0,R,-32.0,Pass,Penalty,DBL Slot,,L,,,,1.0,0.0,Garfield,0.0,D,,,,,,,,,,,,,,,,,,,,,,,,,,,,,,,,,,,,,,,,,,,,,,,,,,,,,,,,,,,,,,,,,,,,,,,,,,,,,,,,,,,
29.0,D,1.0,10.0,R,-32.0,Run,Penalty,,,L,,,,1.0,-15.0,Garfield,-15.0,D,,,,,,,,,,,,,,,,,,,,,,,,,,,,,,,,,,,,,,,,,,,,,,,,,,,,,,,,,,,,,,,,,,,,,,,,,,,,,,,,,,,
30.0,D,1.0,25.0,R,-17.0,Run,Rush,TEXAS BROWN,,L,,,,1.0,8.0,Garfield,8.0,D,,,,,,,,,,,,,,,,,,,,,,,,,,,,,,,,,,,,,,,,,,,,,,,,,,,,,,,,,,,,,,,,,,,,,,,,,,,,,,,,,,,
31.0,D,2.0,17.0,M,-25.0,Run,Rush,TEXAS BROWN,,L,,,,1.0,6.0,Garfield,6.0,D,,,,,,,,,,,,,,,,,,,,,,,,,,,,,,,,,,,,,,,,,,,,,,,,,,,,,,,,,,,,,,,,,,,,,,,,,,,,,,,,,,,
32.0,D,3.0,11.0,L,-31.0,Pass,Complete,Wyoming brown,,R,,,,1.0,5.0,Garfield,5.0,D,,,,,,,,,,,,,,,,,,,,,,,,,,,,,,,,,,,,,,,,,,,,,,,,,,,,,,,,,,,,,,,,,,,,,,,,,,,,,,,,,,,
33.0,K,4.0,6.0,R,-36.0,Punt Rec,Fumble,,,,,,,2.0,,Garfield,0.0,K,,,,,,,,,,,,,,,,,,,,,,,,,,,,,,,,,,,,,,,,,,,,,,,,,,,,,,,,,,,,,,,,,,,,,,,,,,,,,,,,,,,
34.0,D,1.0,10.0,R,35.0,Pass,Penalty,DBL Slot,,R,,,,2.0,-10.0,Garfield,-10.0,D,,,,,,,,,,,,,,,,,,,,,,,,,,,,,,,,,,,,,,,,,,,,,,,,,,,,,,,,,,,,,,,,,,,,,,,,,,,,,,,,,,,
35.0,D,1.0,20.0,R,45.0,Run,Rush,,,L,,,,2.0,0.0,Garfield,0.0,D,,,,,,,,,,,,,,,,,,,,,,,,,,,,,,,,,,,,,,,,,,,,,,,,,,,,,,,,,,,,,,,,,,,,,,,,,,,,,,,,,,,
36.0,D,2.0,20.0,L,45.0,Pass,Complete,TEXAS BROWN,,R,,,,2.0,12.0,Garfield,12.0,D,,,,,,,,,,,,,,,,,,,,,,,,,,,,,,,,,,,,,,,,,,,,,,,,,,,,,,,,,,,,,,,,,,,,,,,,,,,,,,,,,,,
37.0,D,3.0,8.0,M,33.0,Run,Rush,TEXAS BROWN,,R,,,,2.0,11.0,Garfield,11.0,D,,,,,,,,,,,,,,,,,,,,,,,,,,,,,,,,,,,,,,,,,,,,,,,,,,,,,,,,,,,,,,,,,,,,,,,,,,,,,,,,,,,
38.0,D,1.0,10.0,R,22.0,Run,Rush,TEXAS BROWN,,R,,,,2.0,13.0,Garfield,13.0,D,,,,,,,,,,,,,,,,,,,,,,,,,,,,,,,,,,,,,,,,,,,,,,,,,,,,,,,,,,,,,,,,,,,,,,,,,,,,,,,,,,,
39.0,D,1.0,9.0,R,9.0,Run,Rush,DBL Slot,,R,,,,2.0,6.0,Garfield,6.0,D,,,,,,,,,,,,,,,,,,,,,,,,,,,,,,,,,,,,,,,,,,,,,,,,,,,,,,,,,,,,,,,,,,,,,,,,,,,,,,,,,,,
40.0,D,2.0,3.0,R,3.0,Run,"Rush, TD",,,L,,,,2.0,3.0,Garfield,3.0,D,,,,,,,,,,,,,,,,,,,,,,,,,,,,,,,,,,,,,,,,,,,,,,,,,,,,,,,,,,,,,,,,,,,,,,,,,,,,,,,,,,,
41.0,K,,,M,3.0,2 Pt. Defend,No Good,,,L,,,,2.0,,Garfield,0.0,K,,,,,,,,,,,,,,,,,,,,,,,,,,,,,,,,,,,,,,,,,,,,,,,,,,,,,,,,,,,,,,,,,,,,,,,,,,,,,,,,,,,
42.0,K,,,L,-40.0,KO Rec,Return,,,,,,,2.0,,Garfield,0.0,K,,,,,,,,,,,,,,,,,,,,,,,,,,,,,,,,,,,,,,,,,,,,,,,,,,,,,,,,,,,,,,,,,,,,,,,,,,,,,,,,,,,
43.0,S,,,,,,,WISCONSIN RED,,,,,,2.0,,Garfield,0.0,S,,,,,,,,,,,,,,,,,,,,,,,,,,,,,,,,,,,,,,,,,,,,,,,,,,,,,,,,,,,,,,,,,,,,,,,,,,,,,,,,,,,
44.0,O,1.0,10.0,M,-35.0,Run,Rush,IOWA BLACK STACK,,R,,,,2.0,5.0,Garfield,5.0,O,,,,,,,,,,,,,,,,,,,,,,,,,,,,,,,,,,,,,,,,,,,,,,,,,,,,,,,,,,,,,,,,,,,,,,,,,,,,,,,,,,,
45.0,O,2.0,5.0,R,-40.0,Run,Penalty,Twins Split,,L,,,,2.0,-10.0,Garfield,-10.0,O,,,,,,,,,,,,,,,,,,,,,,,,,,,,,,,,,,,,,,,,,,,,,,,,,,,,,,,,,,,,,,,,,,,,,,,,,,,,,,,,,,,
46.0,O,2.0,15.0,M,-30.0,Pass,Complete,IOWA BLACK,,L,,,,2.0,5.0,Garfield,5.0,O,,,,,,,,,,,,,,,,,,,,,,,,,,,,,,,,,,,,,,,,,,,,,,,,,,,,,,,,,,,,,,,,,,,,,,,,,,,,,,,,,,,
47.0,O,3.0,10.0,L,-35.0,Pass,Scramble,FLA. BLUE,,L,,,,2.0,9.0,Garfield,9.0,O,,,,,,,,,,,,,,,,,,,,,,,,,,,,,,,,,,,,,,,,,,,,,,,,,,,,,,,,,,,,,,,,,,,,,,,,,,,,,,,,,,,
48.0,O,4.0,1.0,L,-44.0,Run,Rush,IOWA BLACK,,R,,,,2.0,-9.0,Garfield,-9.0,O,,,,,,,,,,,,,,,,,,,,,,,,,,,,,,,,,,,,,,,,,,,,,,,,,,,,,,,,,,,,,,,,,,,,,,,,,,,,,,,,,,,
49.0,D,1.0,10.0,M,35.0,Run,Rush,OREGON GREEN,,L,,,,2.0,2.0,Garfield,2.0,D,,,,,,,,,,,,,,,,,,,,,,,,,,,,,,,,,,,,,,,,,,,,,,,,,,,,,,,,,,,,,,,,,,,,,,,,,,,,,,,,,,,
50.0,D,2.0,8.0,M,33.0,Run,Rush,OREGON GREEN,,R,,,,2.0,11.0,Garfield,11.0,D,,,,,,,,,,,,,,,,,,,,,,,,,,,,,,,,,,,,,,,,,,,,,,,,,,,,,,,,,,,,,,,,,,,,,,,,,,,,,,,,,,,
51.0,D,1.0,10.0,R,22.0,,Penalty,OREGON GREEN,,,,,,2.0,-5.0,Garfield,-5.0,D,,,,,,,,,,,,,,,,,,,,,,,,,,,,,,,,,,,,,,,,,,,,,,,,,,,,,,,,,,,,,,,,,,,,,,,,,,,,,,,,,,,
52.0,D,1.0,15.0,R,27.0,Run,Rush,OREGON GREEN,,L,,,,2.0,3.0,Garfield,3.0,D,,,,,,,,,,,,,,,,,,,,,,,,,,,,,,,,,,,,,,,,,,,,,,,,,,,,,,,,,,,,,,,,,,,,,,,,,,,,,,,,,,,
53.0,D,2.0,12.0,L,24.0,Run,Rush,TEXAS BROWN,,R,,,,2.0,14.0,Garfield,14.0,D,,,,,,,,,,,,,,,,,,,,,,,,,,,,,,,,,,,,,,,,,,,,,,,,,,,,,,,,,,,,,,,,,,,,,,,,,,,,,,,,,,,
54.0,D,1.0,10.0,R,10.0,Run,Rush,TEXAS BROWN,,R,,,,2.0,3.0,Garfield,3.0,D,,,,,,,,,,,,,,,,,,,,,,,,,,,,,,,,,,,,,,,,,,,,,,,,,,,,,,,,,,,,,,,,,,,,,,,,,,,,,,,,,,,
55.0,D,2.0,7.0,R,7.0,Run,Rush,DBL Slot,,L,,,,2.0,1.0,Garfield,1.0,D,,,,,,,,,,,,,,,,,,,,,,,,,,,,,,,,,,,,,,,,,,,,,,,,,,,,,,,,,,,,,,,,,,,,,,,,,,,,,,,,,,,
56.0,D,3.0,6.0,R,6.0,Run,Rush,DBL Slot,,L,,,,2.0,-1.0,Garfield,-1.0,D,,,,,,,,,,,,,,,,,,,,,,,,,,,,,,,,,,,,,,,,,,,,,,,,,,,,,,,,,,,,,,,,,,,,,,,,,,,,,,,,,,,
57.0,D,4.0,7.0,M,7.0,Pass,"Complete, TD",,,R,,,,2.0,7.0,Garfield,7.0,D,,,,,,,,,,,,,,,,,,,,,,,,,,,,,,,,,,,,,,,,,,,,,,,,,,,,,,,,,,,,,,,,,,,,,,,,,,,,,,,,,,,
58.0,K,,,M,3.0,2 Pt. Defend,No Good,,,R,,,,2.0,,Garfield,0.0,K,,,,,,,,,,,,,,,,,,,,,,,,,,,,,,,,,,,,,,,,,,,,,,,,,,,,,,,,,,,,,,,,,,,,,,,,,,,,,,,,,,,
59.0,K,,,L,-40.0,KO Rec,Return,TEXAS BROWN,,,,,,2.0,,Garfield,0.0,K,,,,,,,,,,,,,,,,,,,,,,,,,,,,,,,,,,,,,,,,,,,,,,,,,,,,,,,,,,,,,,,,,,,,,,,,,,,,,,,,,,,
60.0,O,1.0,10.0,R,-25.0,Pass,Complete,FLA. BLUE,,L,,,,2.0,10.0,Garfield,10.0,O,,,,,,,,,,,,,,,,,,,,,,,,,,,,,,,,,,,,,,,,,,,,,,,,,,,,,,,,,,,,,,,,,,,,,,,,,,,,,,,,,,,
61.0,O,1.0,10.0,M,-35.0,Pass,Complete,FLA. BLUE,,R,,,,2.0,12.0,Garfield,12.0,O,,,,,,,,,,,,,,,,,,,,,,,,,,,,,,,,,,,,,,,,,,,,,,,,,,,,,,,,,,,,,,,,,,,,,,,,,,,,,,,,,,,
62.0,O,1.0,10.0,R,-47.0,Pass,Incomplete,IOWA BLACK,,R,,,,2.0,0.0,Garfield,0.0,O,,,,,,,,,,,,,,,,,,,,,,,,,,,,,,,,,,,,,,,,,,,,,,,,,,,,,,,,,,,,,,,,,,,,,,,,,,,,,,,,,,,
63.0,O,2.0,10.0,R,-47.0,Pass,Incomplete,FLA. BLUE,,R,,,,2.0,0.0,Garfield,0.0,O,,,,,,,,,,,,,,,,,,,,,,,,,,,,,,,,,,,,,,,,,,,,,,,,,,,,,,,,,,,,,,,,,,,,,,,,,,,,,,,,,,,
64.0,O,3.0,10.0,R,-47.0,Pass,Complete,FLA. BLUE,,R,,,,2.0,0.0,Garfield,0.0,O,,,,,,,,,,,,,,,,,,,,,,,,,,,,,,,,,,,,,,,,,,,,,,,,,,,,,,,,,,,,,,,,,,,,,,,,,,,,,,,,,,,
65.0,K,4.0,10.0,R,-47.0,Punt,Downed,,,,,,,2.0,,Garfield,0.0,K,,,,,,,,,,,,,,,,,,,,,,,,,,,,,,,,,,,,,,,,,,,,,,,,,,,,,,,,,,,,,,,,,,,,,,,,,,,,,,,,,,,
66.0,D,1.0,10.0,R,-32.0,Run,Penalty,Wyoming brown,,L,,,,2.0,-6.0,Garfield,-6.0,D,,,,,,,,,,,,,,,,,,,,,,,,,,,,,,,,,,,,,,,,,,,,,,,,,,,,,,,,,,,,,,,,,,,,,,,,,,,,,,,,,,,
67.0,D,1.0,16.0,L,-26.0,Run,Penalty,WISCONSIN RED,,R,,,,2.0,42.0,Garfield,42.0,D,,,,,,,,,,,,,,,,,,,,,,,,,,,,,,,,,,,,,,,,,,,,,,,,,,,,,,,,,,,,,,,,,,,,,,,,,,,,,,,,,,,
69.0,D,1.0,10.0,R,32.0,Pass,Complete,Wyoming brown,,R,,,,2.0,4.0,Garfield,4.0,D,,,,,,,,,,,,,,,,,,,,,,,,,,,,,,,,,,,,,,,,,,,,,,,,,,,,,,,,,,,,,,,,,,,,,,,,,,,,,,,,,,,
70.0,D,2.0,6.0,R,28.0,Run,Rush,Wyoming brown,,L,,,,2.0,3.0,Garfield,3.0,D,,,,,,,,,,,,,,,,,,,,,,,,,,,,,,,,,,,,,,,,,,,,,,,,,,,,,,,,,,,,,,,,,,,,,,,,,,,,,,,,,,,
71.0,D,3.0,3.0,L,25.0,Run,Rush,TEXAS BROWN,,R,,,,2.0,20.0,Garfield,20.0,D,,,,,,,,,,,,,,,,,,,,,,,,,,,,,,,,,,,,,,,,,,,,,,,,,,,,,,,,,,,,,,,,,,,,,,,,,,,,,,,,,,,
72.0,K,,,M,-40.0,KO,Return,,,,,,,3.0,,Garfield,0.0,K,,,,,,,,,,,,,,,,,,,,,,,,,,,,,,,,,,,,,,,,,,,,,,,,,,,,,,,,,,,,,,,,,,,,,,,,,,,,,,,,,,,
73.0,D,1.0,10.0,M,50.0,Run,Rush,FLA. BLUE,,R,,,,3.0,3.0,Garfield,3.0,D,,,,,,,,,,,,,,,,,,,,,,,,,,,,,,,,,,,,,,,,,,,,,,,,,,,,,,,,,,,,,,,,,,,,,,,,,,,,,,,,,,,
74.0,D,2.0,7.0,M,47.0,Pass,Complete,FLA. BLUE,,R,,,,3.0,26.0,Garfield,26.0,D,,,,,,,,,,,,,,,,,,,,,,,,,,,,,,,,,,,,,,,,,,,,,,,,,,,,,,,,,,,,,,,,,,,,,,,,,,,,,,,,,,,
75.0,D,1.0,10.0,R,21.0,Run,Rush,DBL Slot,,L,,,,3.0,3.0,Garfield,3.0,D,,,,,,,,,,,,,,,,,,,,,,,,,,,,,,,,,,,,,,,,,,,,,,,,,,,,,,,,,,,,,,,,,,,,,,,,,,,,,,,,,,,
76.0,D,2.0,7.0,M,18.0,Run,Rush,FLA. BLUE,,R,,,,3.0,-4.0,Garfield,-4.0,D,,,,,,,,,,,,,,,,,,,,,,,,,,,,,,,,,,,,,,,,,,,,,,,,,,,,,,,,,,,,,,,,,,,,,,,,,,,,,,,,,,,
77.0,D,3.0,11.0,R,22.0,Pass,Incomplete,FLA. BLUE,,L,,,,3.0,0.0,Garfield,0.0,D,,,,,,,,,,,,,,,,,,,,,,,,,,,,,,,,,,,,,,,,,,,,,,,,,,,,,,,,,,,,,,,,,,,,,,,,,,,,,,,,,,,
78.0,D,4.0,11.0,R,22.0,,Penalty,FLA. BLUE,,,,,,3.0,-5.0,Garfield,-5.0,D,,,,,,,,,,,,,,,,,,,,,,,,,,,,,,,,,,,,,,,,,,,,,,,,,,,,,,,,,,,,,,,,,,,,,,,,,,,,,,,,,,,
79.0,D,4.0,10.0,R,27.0,Run,Rush,FLA. BLUE,,R,,,,3.0,13.0,Garfield,13.0,D,,,,,,,,,,,,,,,,,,,,,,,,,,,,,,,,,,,,,,,,,,,,,,,,,,,,,,,,,,,,,,,,,,,,,,,,,,,,,,,,,,,
80.0,D,1.0,10.0,R,14.0,Run,Rush,DBL Slot,,L,,,,3.0,-1.0,Garfield,-1.0,D,,,,,,,,,,,,,,,,,,,,,,,,,,,,,,,,,,,,,,,,,,,,,,,,,,,,,,,,,,,,,,,,,,,,,,,,,,,,,,,,,,,
81.0,O,1.0,10.0,L,-13.0,Pass,Incomplete,,,R,,,,3.0,0.0,Garfield,0.0,O,,,,,,,,,,,,,,,,,,,,,,,,,,,,,,,,,,,,,,,,,,,,,,,,,,,,,,,,,,,,,,,,,,,,,,,,,,,,,,,,,,,
82.0,O,2.0,10.0,L,-13.0,Run,Rush,WISCONSIN RED,,R,,,,3.0,10.0,Garfield,10.0,O,,,,,,,,,,,,,,,,,,,,,,,,,,,,,,,,,,,,,,,,,,,,,,,,,,,,,,,,,,,,,,,,,,,,,,,,,,,,,,,,,,,
83.0,O,1.0,10.0,M,-23.0,Run,Rush,WISCONSIN RED,,L,,,,3.0,2.0,Garfield,2.0,O,,,,,,,,,,,,,,,,,,,,,,,,,,,,,,,,,,,,,,,,,,,,,,,,,,,,,,,,,,,,,,,,,,,,,,,,,,,,,,,,,,,
84.0,O,2.0,8.0,M,-25.0,Run,Rush,WISCONSIN RED,,L,,,,3.0,9.0,Garfield,9.0,O,,,,,,,,,,,,,,,,,,,,,,,,,,,,,,,,,,,,,,,,,,,,,,,,,,,,,,,,,,,,,,,,,,,,,,,,,,,,,,,,,,,
85.0,O,1.0,10.0,L,-34.0,Run,Rush,WISCONSIN RED,,R,,,,3.0,0.0,Garfield,0.0,O,,,,,,,,,,,,,,,,,,,,,,,,,,,,,,,,,,,,,,,,,,,,,,,,,,,,,,,,,,,,,,,,,,,,,,,,,,,,,,,,,,,
86.0,O,2.0,10.0,L,-34.0,Run,Penalty,WISCONSIN RED,,L,,,,3.0,-15.0,Garfield,-15.0,O,,,,,,,,,,,,,,,,,,,,,,,,,,,,,,,,,,,,,,,,,,,,,,,,,,,,,,,,,,,,,,,,,,,,,,,,,,,,,,,,,,,
87.0,O,2.0,25.0,L,-19.0,Run,Rush,FLA. BLUE,,R,,,,3.0,7.0,Garfield,7.0,O,,,,,,,,,,,,,,,,,,,,,,,,,,,,,,,,,,,,,,,,,,,,,,,,,,,,,,,,,,,,,,,,,,,,,,,,,,,,,,,,,,,
88.0,O,3.0,18.0,R,-26.0,Run,Rush,FLA. BLUE,,L,,,,3.0,-6.0,Garfield,-6.0,O,,,,,,,,,,,,,,,,,,,,,,,,,,,,,,,,,,,,,,,,,,,,,,,,,,,,,,,,,,,,,,,,,,,,,,,,,,,,,,,,,,,
89.0,K,4.0,24.0,R,-20.0,Punt,Return,,,,,,,3.0,,Garfield,0.0,K,,,,,,,,,,,,,,,,,,,,,,,,,,,,,,,,,,,,,,,,,,,,,,,,,,,,,,,,,,,,,,,,,,,,,,,,,,,,,,,,,,,
90.0,D,1.0,10.0,R,45.0,Pass,Complete,FLA. BLUE,,L,,,,3.0,5.0,Garfield,5.0,D,,,,,,,,,,,,,,,,,,,,,,,,,,,,,,,,,,,,,,,,,,,,,,,,,,,,,,,,,,,,,,,,,,,,,,,,,,,,,,,,,,,
91.0,D,2.0,5.0,L,40.0,Run,Rush,IOWA BLACK,,R,,,,3.0,4.0,Garfield,4.0,D,,,,,,,,,,,,,,,,,,,,,,,,,,,,,,,,,,,,,,,,,,,,,,,,,,,,,,,,,,,,,,,,,,,,,,,,,,,,,,,,,,,
92.0,D,3.0,1.0,L,36.0,Run,Rush,FLA. BLUE,,L,,,,3.0,10.0,Garfield,10.0,D,,,,,,,,,,,,,,,,,,,,,,,,,,,,,,,,,,,,,,,,,,,,,,,,,,,,,,,,,,,,,,,,,,,,,,,,,,,,,,,,,,,
93.0,D,1.0,10.0,L,26.0,Run,Rush,WISCONSIN RED,,L,,,,3.0,0.0,Garfield,0.0,D,,,,,,,,,,,,,,,,,,,,,,,,,,,,,,,,,,,,,,,,,,,,,,,,,,,,,,,,,,,,,,,,,,,,,,,,,,,,,,,,,,,
94.0,D,2.0,10.0,L,26.0,Pass,Incomplete,WISCONSIN RED,,R,,,,3.0,0.0,Garfield,0.0,D,,,,,,,,,,,,,,,,,,,,,,,,,,,,,,,,,,,,,,,,,,,,,,,,,,,,,,,,,,,,,,,,,,,,,,,,,,,,,,,,,,,
95.0,D,3.0,10.0,L,26.0,,Penalty,TEXAS BROWN,,,,,,3.0,-5.0,Garfield,-5.0,D,,,,,,,,,,,,,,,,,,,,,,,,,,,,,,,,,,,,,,,,,,,,,,,,,,,,,,,,,,,,,,,,,,,,,,,,,,,,,,,,,,,
96.0,D,3.0,15.0,L,31.0,Pass,"Complete, TD",TEXAS BROWN,,L,,,,3.0,31.0,Garfield,31.0,D,,,,,,,,,,,,,,,,,,,,,,,,,,,,,,,,,,,,,,,,,,,,,,,,,,,,,,,,,,,,,,,,,,,,,,,,,,,,,,,,,,,
97.0,K,,,M,3.0,2 Pt. Defend,Good,,,R,,,,3.0,,Garfield,0.0,K,,,,,,,,,,,,,,,,,,,,,,,,,,,,,,,,,,,,,,,,,,,,,,,,,,,,,,,,,,,,,,,,,,,,,,,,,,,,,,,,,,,
98.0,K,,,L,-40.0,KO Rec,Return,,,,,,,3.0,,Garfield,0.0,K,,,,,,,,,,,,,,,,,,,,,,,,,,,,,,,,,,,,,,,,,,,,,,,,,,,,,,,,,,,,,,,,,,,,,,,,,,,,,,,,,,,
99.0,O,1.0,10.0,R,-30.0,Run,Rush,FLA. BLUE,,R,,,,3.0,8.0,Garfield,8.0,O,,,,,,,,,,,,,,,,,,,,,,,,,,,,,,,,,,,,,,,,,,,,,,,,,,,,,,,,,,,,,,,,,,,,,,,,,,,,,,,,,,,
100.0,O,2.0,2.0,R,-38.0,Pass,Incomplete,FLA. BLUE,,L,,,,3.0,0.0,Garfield,0.0,O,,,,,,,,,,,,,,,,,,,,,,,,,,,,,,,,,,,,,,,,,,,,,,,,,,,,,,,,,,,,,,,,,,,,,,,,,,,,,,,,,,,
101.0,O,3.0,2.0,R,-38.0,Run,Rush,Twins Split,,L,,,,3.0,5.0,Garfield,5.0,O,,,,,,,,,,,,,,,,,,,,,,,,,,,,,,,,,,,,,,,,,,,,,,,,,,,,,,,,,,,,,,,,,,,,,,,,,,,,,,,,,,,
102.0,O,1.0,10.0,R,-43.0,Run,Rush,Twins Split,,L,,,,3.0,4.0,Garfield,4.0,O,,,,,,,,,,,,,,,,,,,,,,,,,,,,,,,,,,,,,,,,,,,,,,,,,,,,,,,,,,,,,,,,,,,,,,,,,,,,,,,,,,,
103.0,O,2.0,6.0,R,-47.0,Pass,Penalty,WISCONSIN RED,,R,,,,3.0,28.0,Garfield,28.0,O,,,,,,,,,,,,,,,,,,,,,,,,,,,,,,,,,,,,,,,,,,,,,,,,,,,,,,,,,,,,,,,,,,,,,,,,,,,,,,,,,,,
104.0,O,1.0,10.0,R,25.0,Run,Rush,WISCONSIN RED,,R,,,,3.0,14.0,Garfield,14.0,O,,,,,,,,,,,,,,,,,,,,,,,,,,,,,,,,,,,,,,,,,,,,,,,,,,,,,,,,,,,,,,,,,,,,,,,,,,,,,,,,,,,
105.0,O,1.0,10.0,R,11.0,Run,Rush,WISCONSIN RED,,R,,,,3.0,-1.0,Garfield,-1.0,O,,,,,,,,,,,,,,,,,,,,,,,,,,,,,,,,,,,,,,,,,,,,,,,,,,,,,,,,,,,,,,,,,,,,,,,,,,,,,,,,,,,
106.0,O,2.0,11.0,R,12.0,Pass,Incomplete,WISCONSIN RED,,L,,,,3.0,0.0,Garfield,0.0,O,,,,,,,,,,,,,,,,,,,,,,,,,,,,,,,,,,,,,,,,,,,,,,,,,,,,,,,,,,,,,,,,,,,,,,,,,,,,,,,,,,,
107.0,O,3.0,11.0,R,12.0,Run,Rush,Twins Split,,L,,,,3.0,4.0,Garfield,4.0,O,,,,,,,,,,,,,,,,,,,,,,,,,,,,,,,,,,,,,,,,,,,,,,,,,,,,,,,,,,,,,,,,,,,,,,,,,,,,,,,,,,,
108.0,O,4.0,7.0,R,8.0,Run,Rush,WISCONSIN RED,,L,,,,3.0,4.0,Garfield,4.0,O,,,,,,,,,,,,,,,,,,,,,,,,,,,,,,,,,,,,,,,,,,,,,,,,,,,,,,,,,,,,,,,,,,,,,,,,,,,,,,,,,,,
109.0,D,1.0,10.0,M,-12.0,Run,Rush,,,R,,,,3.0,9.0,Garfield,9.0,D,,,,,,,,,,,,,,,,,,,,,,,,,,,,,,,,,,,,,,,,,,,,,,,,,,,,,,,,,,,,,,,,,,,,,,,,,,,,,,,,,,,
110.0,D,2.0,1.0,R,-21.0,Run,Rush,DBL Slot,,R,,,,4.0,7.0,Garfield,7.0,D,,,,,,,,,,,,,,,,,,,,,,,,,,,,,,,,,,,,,,,,,,,,,,,,,,,,,,,,,,,,,,,,,,,,,,,,,,,,,,,,,,,
111.0,D,1.0,10.0,R,-28.0,Run,Rush,DBL Slot,,L,,,,4.0,-3.0,Garfield,-3.0,D,,,,,,,,,,,,,,,,,,,,,,,,,,,,,,,,,,,,,,,,,,,,,,,,,,,,,,,,,,,,,,,,,,,,,,,,,,,,,,,,,,,
112.0,D,2.0,13.0,L,-25.0,Run,Rush,DBL Slot,,R,,,,4.0,18.0,Garfield,18.0,D,,,,,,,,,,,,,,,,,,,,,,,,,,,,,,,,,,,,,,,,,,,,,,,,,,,,,,,,,,,,,,,,,,,,,,,,,,,,,,,,,,,
113.0,D,1.0,10.0,M,-43.0,Run,Rush,,,L,,,,4.0,14.0,Garfield,14.0,D,,,,,,,,,,,,,,,,,,,,,,,,,,,,,,,,,,,,,,,,,,,,,,,,,,,,,,,,,,,,,,,,,,,,,,,,,,,,,,,,,,,
114.0,D,1.0,10.0,L,43.0,Run,Rush,DBL Slot,,R,,,,4.0,5.0,Garfield,5.0,D,,,,,,,,,,,,,,,,,,,,,,,,,,,,,,,,,,,,,,,,,,,,,,,,,,,,,,,,,,,,,,,,,,,,,,,,,,,,,,,,,,,
115.0,D,2.0,5.0,L,38.0,Run,Rush,DBL Slot,,L,,,,4.0,3.0,Garfield,3.0,D,,,,,,,,,,,,,,,,,,,,,,,,,,,,,,,,,,,,,,,,,,,,,,,,,,,,,,,,,,,,,,,,,,,,,,,,,,,,,,,,,,,
116.0,D,3.0,2.0,L,35.0,Run,Rush,DBL Slot,,R,,,,4.0,7.0,Garfield,7.0,D,,,,,,,,,,,,,,,,,,,,,,,,,,,,,,,,,,,,,,,,,,,,,,,,,,,,,,,,,,,,,,,,,,,,,,,,,,,,,,,,,,,
117.0,D,1.0,10.0,L,28.0,Run,Rush,DBL Slot,,L,,,,4.0,1.0,Garfield,1.0,D,,,,,,,,,,,,,,,,,,,,,,,,,,,,,,,,,,,,,,,,,,,,,,,,,,,,,,,,,,,,,,,,,,,,,,,,,,,,,,,,,,,
118.0,D,2.0,9.0,L,27.0,Pass,Interception,DBL Slot,,R,,,,4.0,0.0,Garfield,0.0,D,,,,,,,,,,,,,,,,,,,,,,,,,,,,,,,,,,,,,,,,,,,,,,,,,,,,,,,,,,,,,,,,,,,,,,,,,,,,,,,,,,,
119.0,O,1.0,10.0,L,-5.0,Pass,Incomplete,IOWA BLACK,,R,,,,4.0,0.0,Garfield,0.0,O,,,,,,,,,,,,,,,,,,,,,,,,,,,,,,,,,,,,,,,,,,,,,,,,,,,,,,,,,,,,,,,,,,,,,,,,,,,,,,,,,,,
120.0,O,2.0,10.0,L,-5.0,Run,Rush,Twins Split,,L,,,,4.0,3.0,Garfield,3.0,O,,,,,,,,,,,,,,,,,,,,,,,,,,,,,,,,,,,,,,,,,,,,,,,,,,,,,,,,,,,,,,,,,,,,,,,,,,,,,,,,,,,
121.0,O,3.0,7.0,L,-8.0,Pass,"Complete, TD",WISCONSIN RED,,R,,,,4.0,92.0,Garfield,92.0,O,,,,,,,,,,,,,,,,,,,,,,,,,,,,,,,,,,,,,,,,,,,,,,,,,,,,,,,,,,,,,,,,,,,,,,,,,,,,,,,,,,,
122.0,K,,,M,3.0,2 Pt.,No Good,,,R,,,,4.0,,Garfield,0.0,K,,,,,,,,,,,,,,,,,,,,,,,,,,,,,,,,,,,,,,,,,,,,,,,,,,,,,,,,,,,,,,,,,,,,,,,,,,,,,,,,,,,
123.0,S,,,,-40.0,,,,,,,,,4.0,,Garfield,0.0,S,,,,,,,,,,,,,,,,,,,,,,,,,,,,,,,,,,,,,,,,,,,,,,,,,,,,,,,,,,,,,,,,,,,,,,,,,,,,,,,,,,,
124.0,K,,,M,-40.0,KO,Touchback,,,,,,,4.0,,Garfield,0.0,K,,,,,,,,,,,,,,,,,,,,,,,,,,,,,,,,,,,,,,,,,,,,,,,,,,,,,,,,,,,,,,,,,,,,,,,,,,,,,,,,,,,
125.0,D,1.0,10.0,M,-20.0,Run,Penalty,IOWA BLACK,,L,,,,4.0,-5.0,Garfield,-5.0,D,,,,,,,,,,,,,,,,,,,,,,,,,,,,,,,,,,,,,,,,,,,,,,,,,,,,,,,,,,,,,,,,,,,,,,,,,,,,,,,,,,,
126.0,D,1.0,15.0,L,-15.0,Run,Rush,IOWA BLACK,,R,,,,4.0,8.0,Garfield,8.0,D,,,,,,,,,,,,,,,,,,,,,,,,,,,,,,,,,,,,,,,,,,,,,,,,,,,,,,,,,,,,,,,,,,,,,,,,,,,,,,,,,,,
127.0,D,2.0,7.0,M,-23.0,Run,Rush,IOWA BLACK,,L,,,,4.0,6.0,Garfield,6.0,D,,,,,,,,,,,,,,,,,,,,,,,,,,,,,,,,,,,,,,,,,,,,,,,,,,,,,,,,,,,,,,,,,,,,,,,,,,,,,,,,,,,
128.0,D,3.0,1.0,L,-29.0,Run,Rush,IOWA BLACK,,R,,,,4.0,2.0,Garfield,2.0,D,,,,,,,,,,,,,,,,,,,,,,,,,,,,,,,,,,,,,,,,,,,,,,,,,,,,,,,,,,,,,,,,,,,,,,,,,,,,,,,,,,,
129.0,D,1.0,10.0,L,-31.0,Run,Rush,FLA. BLUE,,R,,,,4.0,5.0,Garfield,5.0,D,,,,,,,,,,,,,,,,,,,,,,,,,,,,,,,,,,,,,,,,,,,,,,,,,,,,,,,,,,,,,,,,,,,,,,,,,,,,,,,,,,,
130.0,D,2.0,5.0,R,-36.0,Run,Rush,WISCONSIN RED,,L,,,,4.0,7.0,Garfield,7.0,D,,,,,,,,,,,,,,,,,,,,,,,,,,,,,,,,,,,,,,,,,,,,,,,,,,,,,,,,,,,,,,,,,,,,,,,,,,,,,,,,,,,
131.0,D,1.0,10.0,M,-43.0,Run,Rush,WISCONSIN RED,,R,,,,4.0,6.0,Garfield,6.0,D,,,,,,,,,,,,,,,,,,,,,,,,,,,,,,,,,,,,,,,,,,,,,,,,,,,,,,,,,,,,,,,,,,,,,,,,,,,,,,,,,,,
132.0,D,2.0,4.0,M,-49.0,Run,Rush,WISCONSIN RED,,R,,,,4.0,2.0,Garfield,2.0,D,,,,,,,,,,,,,,,,,,,,,,,,,,,,,,,,,,,,,,,,,,,,,,,,,,,,,,,,,,,,,,,,,,,,,,,,,,,,,,,,,,,
133.0,D,3.0,2.0,R,49.0,Run,Rush,WISCONSIN RED,,L,,,,4.0,3.0,Garfield,3.0,D,,,,,,,,,,,,,,,,,,,,,,,,,,,,,,,,,,,,,,,,,,,,,,,,,,,,,,,,,,,,,,,,,,,,,,,,,,,,,,,,,,,
134.0,D,1.0,10.0,M,46.0,Run,Rush,Wyoming brown,,R,,,,4.0,-1.0,Garfield,-1.0,D,,,,,,,,,,,,,,,,,,,,,,,,,,,,,,,,,,,,,,,,,,,,,,,,,,,,,,,,,,,,,,,,,,,,,,,,,,,,,,,,,,,
135.0,D,2.0,11.0,R,47.0,Run,"Rush, TD",Wyoming brown,,L,,,,4.0,47.0,Garfield,47.0,D,,,,,,,,,,,,,,,,,,,,,,,,,,,,,,,,,,,,,,,,,,,,,,,,,,,,,,,,,,,,,,,,,,,,,,,,,,,,,,,,,,,
136.0,K,,,M,3.0,Extra Pt. Block,No Good,,,,,,,4.0,,Garfield,0.0,K,,,,,,,,,,,,,,,,,,,,,,,,,,,,,,,,,,,,,,,,,,,,,,,,,,,,,,,,,,,,,,,,,,,,,,,,,,,,,,,,,,,
137.0,S,,,,,,,,,,,,,4.0,,Garfield,0.0,S,,,,,,,,,,,,,,,,,,,,,,,,,,,,,,,,,,,,,,,,,,,,,,,,,,,,,,,,,,,,,,,,,,,,,,,,,,,,,,,,,,,
138.0,K,,,L,-40.0,KO Rec,Penalty,,,,,,,4.0,,Garfield,0.0,K,,,,,,,,,,,,,,,,,,,,,,,,,,,,,,,,,,,,,,,,,,,,,,,,,,,,,,,,,,,,,,,,,,,,,,,,,,,,,,,,,,,
139.0,K,,,L,-35.0,KO Rec,Return,,,,,,,4.0,,Garfield,0.0,K,,,,,,,,,,,,,,,,,,,,,,,,,,,,,,,,,,,,,,,,,,,,,,,,,,,,,,,,,,,,,,,,,,,,,,,,,,,,,,,,,,,
140.0,O,1.0,10.0,L,-30.0,Run,Rush,IOWA BLACK,,L,,,,4.0,5.0,Garfield,5.0,O,,,,,,,,,,,,,,,,,,,,,,,,,,,,,,,,,,,,,,,,,,,,,,,,,,,,,,,,,,,,,,,,,,,,,,,,,,,,,,,,,,,
141.0,O,2.0,5.0,L,-35.0,Pass,Complete,IOWA BLACK,,R,,,,4.0,35.0,Garfield,35.0,O,,,,,,,,,,,,,,,,,,,,,,,,,,,,,,,,,,,,,,,,,,,,,,,,,,,,,,,,,,,,,,,,,,,,,,,,,,,,,,,,,,,
142.0,O,1.0,10.0,R,30.0,Pass,Incomplete,IOWA BLACK,,R,,,,4.0,0.0,Garfield,0.0,O,,,,,,,,,,,,,,,,,,,,,,,,,,,,,,,,,,,,,,,,,,,,,,,,,,,,,,,,,,,,,,,,,,,,,,,,,,,,,,,,,,,
143.0,O,2.0,10.0,R,30.0,Pass,Incomplete,IOWA BLACK,,L,,,,4.0,0.0,Garfield,0.0,O,,,,,,,,,,,,,,,,,,,,,,,,,,,,,,,,,,,,,,,,,,,,,,,,,,,,,,,,,,,,,,,,,,,,,,,,,,,,,,,,,,,
144.0,O,3.0,10.0,R,30.0,Pass,Complete,IOWA BLACK,,R,,,,4.0,17.0,Garfield,17.0,O,,,,,,,,,,,,,,,,,,,,,,,,,,,,,,,,,,,,,,,,,,,,,,,,,,,,,,,,,,,,,,,,,,,,,,,,,,,,,,,,,,,
145.0,O,1.0,10.0,R,13.0,Run,Rush,FLA. BLUE,,L,,,,4.0,-4.0,Garfield,-4.0,O,,,,,,,,,,,,,,,,,,,,,,,,,,,,,,,,,,,,,,,,,,,,,,,,,,,,,,,,,,,,,,,,,,,,,,,,,,,,,,,,,,,
1.0,K,,,M,-40.0,KO,Return,TEXAS BROWN,,,,,,1.0,,Hoban,0.0,K,,,,,,,,,,,,,,,,,,,,,,,,,,,,,,,,,,,,,,,,,,,,,,,,,,,,,,,,,,,,,,,,,,,,,,,,,,,,,,,,,,,
2.0,D,1.0,10.0,L,-36.0,Pass,Incomplete,Twins Split,,L,,,,1.0,0.0,Hoban,0.0,D,,,,,,,,,,,,,,,,,,,,,,,,,,,,,,,,,,,,,,,,,,,,,,,,,,,,,,,,,,,,,,,,,,,,,,,,,,,,,,,,,,,
3.0,D,2.0,10.0,L,-36.0,Run,Rush,,,L,,,,1.0,8.0,Hoban,8.0,D,,,,,,,,,,,,,,,,,,,,,,,,,,,,,,,,,,,,,,,,,,,,,,,,,,,,,,,,,,,,,,,,,,,,,,,,,,,,,,,,,,,
4.0,D,3.0,2.0,L,-44.0,Run,Rush,UTAH RED,,L,,,,1.0,5.0,Hoban,5.0,D,,,,,,,,,,,,,,,,,,,,,,,,,,,,,,,,,,,,,,,,,,,,,,,,,,,,,,,,,,,,,,,,,,,,,,,,,,,,,,,,,,,
5.0,D,1.0,10.0,L,-49.0,Pass,Sack,IOWA BLACK,,L,,,,1.0,-13.0,Hoban,-13.0,D,,,,,,,,,,,,,,,,,,,,,,,,,,,,,,,,,,,,,,,,,,,,,,,,,,,,,,,,,,,,,,,,,,,,,,,,,,,,,,,,,,,
6.0,D,2.0,23.0,L,-36.0,Pass,Incomplete,FLA. BLUE,,R,,,,1.0,0.0,Hoban,0.0,D,,,,,,,,,,,,,,,,,,,,,,,,,,,,,,,,,,,,,,,,,,,,,,,,,,,,,,,,,,,,,,,,,,,,,,,,,,,,,,,,,,,
7.0,D,3.0,23.0,L,-36.0,,Timeout,,,,,,,1.0,0.0,Hoban,0.0,D,,,,,,,,,,,,,,,,,,,,,,,,,,,,,,,,,,,,,,,,,,,,,,,,,,,,,,,,,,,,,,,,,,,,,,,,,,,,,,,,,,,
8.0,D,3.0,23.0,L,-36.0,Run,Rush,FLA. BLUE TIGHT,,L,,,,1.0,7.0,Hoban,7.0,D,,,,,,,,,,,,,,,,,,,,,,,,,,,,,,,,,,,,,,,,,,,,,,,,,,,,,,,,,,,,,,,,,,,,,,,,,,,,,,,,,,,
9.0,K,4.0,16.0,L,-43.0,Punt Rec,Fair Catch,,,,,,,1.0,,Hoban,0.0,K,,,,,,,,,,,,,,,,,,,,,,,,,,,,,,,,,,,,,,,,,,,,,,,,,,,,,,,,,,,,,,,,,,,,,,,,,,,,,,,,,,,
10.0,S,,,,,,,,,,,,,1.0,,Hoban,0.0,S,,,,,,,,,,,,,,,,,,,,,,,,,,,,,,,,,,,,,,,,,,,,,,,,,,,,,,,,,,,,,,,,,,,,,,,,,,,,,,,,,,,
11.0,O,1.0,10.0,R,-27.0,Run,Rush,IOWA BLACK,,L,,,,1.0,0.0,Hoban,0.0,O,,,,,,,,,,,,,,,,,,,,,,,,,,,,,,,,,,,,,,,,,,,,,,,,,,,,,,,,,,,,,,,,,,,,,,,,,,,,,,,,,,,
12.0,O,2.0,10.0,R,-27.0,Run,Rush,TEXAS BROWN,,R,,,,1.0,-2.0,Hoban,-2.0,O,,,,,,,,,,,,,,,,,,,,,,,,,,,,,,,,,,,,,,,,,,,,,,,,,,,,,,,,,,,,,,,,,,,,,,,,,,,,,,,,,,,
13.0,O,3.0,12.0,R,-25.0,Pass,Incomplete,TEXAS BROWN,,L,,,,1.0,0.0,Hoban,0.0,O,,,,,,,,,,,,,,,,,,,,,,,,,,,,,,,,,,,,,,,,,,,,,,,,,,,,,,,,,,,,,,,,,,,,,,,,,,,,,,,,,,,
14.0,K,4.0,12.0,R,-25.0,Punt,Downed,,,,,,,1.0,,Hoban,0.0,K,,,,,,,,,,,,,,,,,,,,,,,,,,,,,,,,,,,,,,,,,,,,,,,,,,,,,,,,,,,,,,,,,,,,,,,,,,,,,,,,,,,
15.0,S,,,,,,,,,,,,,1.0,,Hoban,0.0,S,,,,,,,,,,,,,,,,,,,,,,,,,,,,,,,,,,,,,,,,,,,,,,,,,,,,,,,,,,,,,,,,,,,,,,,,,,,,,,,,,,,
16.0,D,1.0,10.0,L,-22.0,Run,Rush,Twins Split,,R,,,,1.0,3.0,Hoban,3.0,D,,,,,,,,,,,,,,,,,,,,,,,,,,,,,,,,,,,,,,,,,,,,,,,,,,,,,,,,,,,,,,,,,,,,,,,,,,,,,,,,,,,
17.0,D,2.0,7.0,L,-25.0,Pass,Complete,FLA. BLUE TIGHT,,R,,,,1.0,10.0,Hoban,10.0,D,,,,,,,,,,,,,,,,,,,,,,,,,,,,,,,,,,,,,,,,,,,,,,,,,,,,,,,,,,,,,,,,,,,,,,,,,,,,,,,,,,,
18.0,D,1.0,10.0,R,-35.0,Run,"Rush, TD",WISCONSIN RED,,R,,,,1.0,65.0,Hoban,65.0,D,,,,,,,,,,,,,,,,,,,,,,,,,,,,,,,,,,,,,,,,,,,,,,,,,,,,,,,,,,,,,,,,,,,,,,,,,,,,,,,,,,,
19.0,K,,,M,3.0,Extra Pt. Block,Good,,,,,,,1.0,,Hoban,0.0,K,,,,,,,,,,,,,,,,,,,,,,,,,,,,,,,,,,,,,,,,,,,,,,,,,,,,,,,,,,,,,,,,,,,,,,,,,,,,,,,,,,,
20.0,K,,,M,-40.0,KO Rec,Return,,,,,,,1.0,,Hoban,0.0,K,,,,,,,,,,,,,,,,,,,,,,,,,,,,,,,,,,,,,,,,,,,,,,,,,,,,,,,,,,,,,,,,,,,,,,,,,,,,,,,,,,,
21.0,S,,,,,,,,,,,,,1.0,,Hoban,0.0,S,,,,,,,,,,,,,,,,,,,,,,,,,,,,,,,,,,,,,,,,,,,,,,,,,,,,,,,,,,,,,,,,,,,,,,,,,,,,,,,,,,,
22.0,O,1.0,10.0,R,-25.0,Pass,Scramble,TEXAS BROWN,,L,,,,1.0,10.0,Hoban,10.0,O,,,,,,,,,,,,,,,,,,,,,,,,,,,,,,,,,,,,,,,,,,,,,,,,,,,,,,,,,,,,,,,,,,,,,,,,,,,,,,,,,,,
23.0,O,1.0,10.0,M,-35.0,Run,Rush,TEXAS BROWN,,L,,,,1.0,-3.0,Hoban,-3.0,O,,,,,,,,,,,,,,,,,,,,,,,,,,,,,,,,,,,,,,,,,,,,,,,,,,,,,,,,,,,,,,,,,,,,,,,,,,,,,,,,,,,
24.0,O,2.0,13.0,M,-32.0,Pass,Sack,FLA. BLUE,,R,,,,1.0,-5.0,Hoban,-5.0,O,,,,,,,,,,,,,,,,,,,,,,,,,,,,,,,,,,,,,,,,,,,,,,,,,,,,,,,,,,,,,,,,,,,,,,,,,,,,,,,,,,,
25.0,O,3.0,18.0,M,-27.0,Pass,Incomplete,FLA. BLUE,,R,,,,1.0,0.0,Hoban,0.0,O,,,,,,,,,,,,,,,,,,,,,,,,,,,,,,,,,,,,,,,,,,,,,,,,,,,,,,,,,,,,,,,,,,,,,,,,,,,,,,,,,,,
26.0,K,4.0,18.0,M,-27.0,Punt,Downed,,,,,,,1.0,,Hoban,0.0,K,,,,,,,,,,,,,,,,,,,,,,,,,,,,,,,,,,,,,,,,,,,,,,,,,,,,,,,,,,,,,,,,,,,,,,,,,,,,,,,,,,,
27.0,D,1.0,10.0,R,-47.0,Run,Rush,,,L,,,,1.0,9.0,Hoban,9.0,D,,,,,,,,,,,,,,,,,,,,,,,,,,,,,,,,,,,,,,,,,,,,,,,,,,,,,,,,,,,,,,,,,,,,,,,,,,,,,,,,,,,
28.0,D,2.0,1.0,M,44.0,Pass,Incomplete,IOWA BLACK,,L,,,,1.0,0.0,Hoban,0.0,D,,,,,,,,,,,,,,,,,,,,,,,,,,,,,,,,,,,,,,,,,,,,,,,,,,,,,,,,,,,,,,,,,,,,,,,,,,,,,,,,,,,
29.0,D,3.0,1.0,M,44.0,Run,Rush,,,R,,,,1.0,2.0,Hoban,2.0,D,,,,,,,,,,,,,,,,,,,,,,,,,,,,,,,,,,,,,,,,,,,,,,,,,,,,,,,,,,,,,,,,,,,,,,,,,,,,,,,,,,,
30.0,D,1.0,10.0,R,42.0,Pass,Incomplete,Wyoming brown,,L,,,,1.0,0.0,Hoban,0.0,D,,,,,,,,,,,,,,,,,,,,,,,,,,,,,,,,,,,,,,,,,,,,,,,,,,,,,,,,,,,,,,,,,,,,,,,,,,,,,,,,,,,
31.0,D,2.0,10.0,R,42.0,Run,Rush,,,L,,,,1.0,2.0,Hoban,2.0,D,,,,,,,,,,,,,,,,,,,,,,,,,,,,,,,,,,,,,,,,,,,,,,,,,,,,,,,,,,,,,,,,,,,,,,,,,,,,,,,,,,,
32.0,D,3.0,8.0,M,40.0,Pass,Incomplete,FLA. BLUE,,L,,,,1.0,0.0,Hoban,0.0,D,,,,,,,,,,,,,,,,,,,,,,,,,,,,,,,,,,,,,,,,,,,,,,,,,,,,,,,,,,,,,,,,,,,,,,,,,,,,,,,,,,,
33.0,S,,,,,,,,,,,,,1.0,,Hoban,0.0,S,,,,,,,,,,,,,,,,,,,,,,,,,,,,,,,,,,,,,,,,,,,,,,,,,,,,,,,,,,,,,,,,,,,,,,,,,,,,,,,,,,,
34.0,K,4.0,8.0,M,40.0,Punt Rec,Return,,,,,,,1.0,,Hoban,0.0,K,,,,,,,,,,,,,,,,,,,,,,,,,,,,,,,,,,,,,,,,,,,,,,,,,,,,,,,,,,,,,,,,,,,,,,,,,,,,,,,,,,,
35.0,S,,,,,,,,,,,,,1.0,,Hoban,0.0,S,,,,,,,,,,,,,,,,,,,,,,,,,,,,,,,,,,,,,,,,,,,,,,,,,,,,,,,,,,,,,,,,,,,,,,,,,,,,,,,,,,,
36.0,O,2.0,15.0,R,-11.0,Run,Rush,,,R,,,,1.0,2.0,Hoban,2.0,O,,,,,,,,,,,,,,,,,,,,,,,,,,,,,,,,,,,,,,,,,,,,,,,,,,,,,,,,,,,,,,,,,,,,,,,,,,,,,,,,,,,
37.0,O,2.0,13.0,R,-13.0,Pass,Complete,Wyoming brown,,L,,,,1.0,9.0,Hoban,9.0,O,,,,,,,,,,,,,,,,,,,,,,,,,,,,,,,,,,,,,,,,,,,,,,,,,,,,,,,,,,,,,,,,,,,,,,,,,,,,,,,,,,,
38.0,O,3.0,4.0,M,-22.0,Run,Rush,,,L,,,,1.0,5.0,Hoban,5.0,O,,,,,,,,,,,,,,,,,,,,,,,,,,,,,,,,,,,,,,,,,,,,,,,,,,,,,,,,,,,,,,,,,,,,,,,,,,,,,,,,,,,
39.0,O,1.0,10.0,M,-27.0,Run,Penalty,IOWA BLACK,,L,,,,1.0,-13.0,Hoban,-13.0,O,,,,,,,,,,,,,,,,,,,,,,,,,,,,,,,,,,,,,,,,,,,,,,,,,,,,,,,,,,,,,,,,,,,,,,,,,,,,,,,,,,,
40.0,O,1.0,23.0,L,-14.0,Pass,Incomplete,TEXAS BROWN,,R,,,,1.0,0.0,Hoban,0.0,O,,,,,,,,,,,,,,,,,,,,,,,,,,,,,,,,,,,,,,,,,,,,,,,,,,,,,,,,,,,,,,,,,,,,,,,,,,,,,,,,,,,
41.0,O,2.0,23.0,L,-14.0,Run,Penalty,TEXAS BROWN,,R,,,,1.0,0.0,Hoban,0.0,O,,,,,,,,,,,,,,,,,,,,,,,,,,,,,,,,,,,,,,,,,,,,,,,,,,,,,,,,,,,,,,,,,,,,,,,,,,,,,,,,,,,
42.0,S,,,,,,,,,,,,,1.0,,Hoban,0.0,S,,,,,,,,,,,,,,,,,,,,,,,,,,,,,,,,,,,,,,,,,,,,,,,,,,,,,,,,,,,,,,,,,,,,,,,,,,,,,,,,,,,
43.0,O,3.0,23.0,R,-14.0,Pass,Incomplete,TEXAS BROWN,,L,,,,1.0,0.0,Hoban,0.0,O,,,,,,,,,,,,,,,,,,,,,,,,,,,,,,,,,,,,,,,,,,,,,,,,,,,,,,,,,,,,,,,,,,,,,,,,,,,,,,,,,,,
44.0,K,4.0,23.0,R,-14.0,Punt,Downed,,,,,,,1.0,,Hoban,0.0,K,,,,,,,,,,,,,,,,,,,,,,,,,,,,,,,,,,,,,,,,,,,,,,,,,,,,,,,,,,,,,,,,,,,,,,,,,,,,,,,,,,,
45.0,D,1.0,10.0,L,31.0,Run,"Rush, TD",DBL Slot,,L,,,,1.0,31.0,Hoban,31.0,D,,,,,,,,,,,,,,,,,,,,,,,,,,,,,,,,,,,,,,,,,,,,,,,,,,,,,,,,,,,,,,,,,,,,,,,,,,,,,,,,,,,
46.0,K,,,M,3.0,Extra Pt. Block,Good,,,,,,,1.0,,Hoban,0.0,K,,,,,,,,,,,,,,,,,,,,,,,,,,,,,,,,,,,,,,,,,,,,,,,,,,,,,,,,,,,,,,,,,,,,,,,,,,,,,,,,,,,
47.0,K,,,M,-40.0,KO Rec,Return,,,,,,,1.0,,Hoban,0.0,K,,,,,,,,,,,,,,,,,,,,,,,,,,,,,,,,,,,,,,,,,,,,,,,,,,,,,,,,,,,,,,,,,,,,,,,,,,,,,,,,,,,
48.0,S,,,,,,,,,,,,,1.0,,Hoban,0.0,S,,,,,,,,,,,,,,,,,,,,,,,,,,,,,,,,,,,,,,,,,,,,,,,,,,,,,,,,,,,,,,,,,,,,,,,,,,,,,,,,,,,
49.0,O,1.0,10.0,R,-12.0,Run,Rush,Wyoming brown,,L,,,,1.0,6.0,Hoban,6.0,O,,,,,,,,,,,,,,,,,,,,,,,,,,,,,,,,,,,,,,,,,,,,,,,,,,,,,,,,,,,,,,,,,,,,,,,,,,,,,,,,,,,
50.0,S,,,,,,,,,,,,,1.0,,Hoban,0.0,S,,,,,,,,,,,,,,,,,,,,,,,,,,,,,,,,,,,,,,,,,,,,,,,,,,,,,,,,,,,,,,,,,,,,,,,,,,,,,,,,,,,
51.0,O,2.0,4.0,L,-18.0,Run,Rush,IOWA BLACK,,R,,,,2.0,2.0,Hoban,2.0,O,,,,,,,,,,,,,,,,,,,,,,,,,,,,,,,,,,,,,,,,,,,,,,,,,,,,,,,,,,,,,,,,,,,,,,,,,,,,,,,,,,,
52.0,O,3.0,2.0,M,-20.0,Pass,Scramble,,,R,,,,2.0,3.0,Hoban,3.0,O,,,,,,,,,,,,,,,,,,,,,,,,,,,,,,,,,,,,,,,,,,,,,,,,,,,,,,,,,,,,,,,,,,,,,,,,,,,,,,,,,,,
53.0,O,1.0,10.0,M,-23.0,Run,Rush,,,R,,,,2.0,4.0,Hoban,4.0,O,,,,,,,,,,,,,,,,,,,,,,,,,,,,,,,,,,,,,,,,,,,,,,,,,,,,,,,,,,,,,,,,,,,,,,,,,,,,,,,,,,,
54.0,O,2.0,6.0,M,-27.0,Pass,Scramble,IOWA BLACK,,L,,,,2.0,1.0,Hoban,1.0,O,,,,,,,,,,,,,,,,,,,,,,,,,,,,,,,,,,,,,,,,,,,,,,,,,,,,,,,,,,,,,,,,,,,,,,,,,,,,,,,,,,,
55.0,O,3.0,5.0,M,-28.0,Run,Rush,,,R,,,,2.0,-3.0,Hoban,-3.0,O,,,,,,,,,,,,,,,,,,,,,,,,,,,,,,,,,,,,,,,,,,,,,,,,,,,,,,,,,,,,,,,,,,,,,,,,,,,,,,,,,,,
56.0,K,4.0,8.0,M,-25.0,Punt,Downed,,,,,,,2.0,,Hoban,0.0,K,,,,,,,,,,,,,,,,,,,,,,,,,,,,,,,,,,,,,,,,,,,,,,,,,,,,,,,,,,,,,,,,,,,,,,,,,,,,,,,,,,,
57.0,D,1.0,10.0,R,34.0,Pass,Incomplete,UTAH RED,,R,,,,2.0,0.0,Hoban,0.0,D,,,,,,,,,,,,,,,,,,,,,,,,,,,,,,,,,,,,,,,,,,,,,,,,,,,,,,,,,,,,,,,,,,,,,,,,,,,,,,,,,,,
58.0,D,2.0,10.0,R,34.0,Run,Rush,Twins Split,,R,,,,2.0,10.0,Hoban,10.0,D,,,,,,,,,,,,,,,,,,,,,,,,,,,,,,,,,,,,,,,,,,,,,,,,,,,,,,,,,,,,,,,,,,,,,,,,,,,,,,,,,,,
59.0,D,1.0,10.0,R,24.0,Run,Rush,UTAH RED,,R,,,,2.0,-1.0,Hoban,-1.0,D,,,,,,,,,,,,,,,,,,,,,,,,,,,,,,,,,,,,,,,,,,,,,,,,,,,,,,,,,,,,,,,,,,,,,,,,,,,,,,,,,,,
60.0,D,2.0,11.0,M,25.0,Run,Rush,Wyoming brown,,R,,,,2.0,15.0,Hoban,15.0,D,,,,,,,,,,,,,,,,,,,,,,,,,,,,,,,,,,,,,,,,,,,,,,,,,,,,,,,,,,,,,,,,,,,,,,,,,,,,,,,,,,,
61.0,D,1.0,10.0,R,10.0,Run,Penalty,,,L,,,,2.0,-10.0,Hoban,-10.0,D,,,,,,,,,,,,,,,,,,,,,,,,,,,,,,,,,,,,,,,,,,,,,,,,,,,,,,,,,,,,,,,,,,,,,,,,,,,,,,,,,,,
62.0,D,2.0,20.0,M,20.0,Pass,"Complete, TD",,,R,,,,2.0,20.0,Hoban,20.0,D,,,,,,,,,,,,,,,,,,,,,,,,,,,,,,,,,,,,,,,,,,,,,,,,,,,,,,,,,,,,,,,,,,,,,,,,,,,,,,,,,,,
63.0,K,,,M,3.0,Extra Pt. Block,Good,,,,,,,2.0,,Hoban,0.0,K,,,,,,,,,,,,,,,,,,,,,,,,,,,,,,,,,,,,,,,,,,,,,,,,,,,,,,,,,,,,,,,,,,,,,,,,,,,,,,,,,,,
64.0,K,,,M,-40.0,KO Rec,Return,42 DAVE,,,,,,2.0,,Hoban,0.0,K,,,,,,,,,,,,,,,,,,,,,,,,,,,,,,,,,,,,,,,,,,,,,,,,,,,,,,,,,,,,,,,,,,,,,,,,,,,,,,,,,,,
65.0,O,1.0,10.0,R,-7.0,Pass,Complete,Wyoming brown,,R,,,,2.0,5.0,Hoban,5.0,O,,,,,,,,,,,,,,,,,,,,,,,,,,,,,,,,,,,,,,,,,,,,,,,,,,,,,,,,,,,,,,,,,,,,,,,,,,,,,,,,,,,
66.0,O,2.0,5.0,R,-12.0,Pass,Incomplete,Wyoming brown,,L,,,,2.0,0.0,Hoban,0.0,O,,,,,,,,,,,,,,,,,,,,,,,,,,,,,,,,,,,,,,,,,,,,,,,,,,,,,,,,,,,,,,,,,,,,,,,,,,,,,,,,,,,
67.0,O,3.0,5.0,R,-12.0,Run,Rush,Wyoming brown,,R,,,,2.0,0.0,Hoban,0.0,O,,,,,,,,,,,,,,,,,,,,,,,,,,,,,,,,,,,,,,,,,,,,,,,,,,,,,,,,,,,,,,,,,,,,,,,,,,,,,,,,,,,
68.0,K,4.0,5.0,R,-12.0,Punt,Return,,,,,,,2.0,,Hoban,0.0,K,,,,,,,,,,,,,,,,,,,,,,,,,,,,,,,,,,,,,,,,,,,,,,,,,,,,,,,,,,,,,,,,,,,,,,,,,,,,,,,,,,,
69.0,D,1.0,10.0,R,32.0,Run,Rush,,,L,,,,2.0,22.0,Hoban,22.0,D,,,,,,,,,,,,,,,,,,,,,,,,,,,,,,,,,,,,,,,,,,,,,,,,,,,,,,,,,,,,,,,,,,,,,,,,,,,,,,,,,,,
70.0,S,,,,,,,IOWA BLACK,,,,,,2.0,,Hoban,0.0,S,,,,,,,,,,,,,,,,,,,,,,,,,,,,,,,,,,,,,,,,,,,,,,,,,,,,,,,,,,,,,,,,,,,,,,,,,,,,,,,,,,,
71.0,D,1.0,10.0,L,10.0,Pass,"Complete, TD",OREGON GREEN,,R,,,,2.0,10.0,Hoban,10.0,D,,,,,,,,,,,,,,,,,,,,,,,,,,,,,,,,,,,,,,,,,,,,,,,,,,,,,,,,,,,,,,,,,,,,,,,,,,,,,,,,,,,
72.0,K,,,M,3.0,Extra Pt. Block,Good,,,,,,,2.0,,Hoban,0.0,K,,,,,,,,,,,,,,,,,,,,,,,,,,,,,,,,,,,,,,,,,,,,,,,,,,,,,,,,,,,,,,,,,,,,,,,,,,,,,,,,,,,
73.0,K,,,L,-40.0,KO Rec,Return,,,,,,,2.0,,Hoban,0.0,K,,,,,,,,,,,,,,,,,,,,,,,,,,,,,,,,,,,,,,,,,,,,,,,,,,,,,,,,,,,,,,,,,,,,,,,,,,,,,,,,,,,
74.0,O,1.0,10.0,R,-17.0,Pass,Complete,FLA. BLUE,,L,,,,2.0,4.0,Hoban,4.0,O,,,,,,,,,,,,,,,,,,,,,,,,,,,,,,,,,,,,,,,,,,,,,,,,,,,,,,,,,,,,,,,,,,,,,,,,,,,,,,,,,,,
75.0,O,2.0,6.0,L,-21.0,Pass,Incomplete,FLA. BLUE,,R,,,,2.0,0.0,Hoban,0.0,O,,,,,,,,,,,,,,,,,,,,,,,,,,,,,,,,,,,,,,,,,,,,,,,,,,,,,,,,,,,,,,,,,,,,,,,,,,,,,,,,,,,
76.0,O,3.0,6.0,L,-21.0,Pass,Incomplete,FLA. BLUE,,R,,,,2.0,0.0,Hoban,0.0,O,,,,,,,,,,,,,,,,,,,,,,,,,,,,,,,,,,,,,,,,,,,,,,,,,,,,,,,,,,,,,,,,,,,,,,,,,,,,,,,,,,,
77.0,K,4.0,6.0,L,-21.0,Punt,Return,,,,,,,2.0,,Hoban,0.0,K,,,,,,,,,,,,,,,,,,,,,,,,,,,,,,,,,,,,,,,,,,,,,,,,,,,,,,,,,,,,,,,,,,,,,,,,,,,,,,,,,,,
78.0,D,1.0,10.0,R,-36.0,Pass,Complete,IOWA BLACK,,R,,,,2.0,10.0,Hoban,10.0,D,,,,,,,,,,,,,,,,,,,,,,,,,,,,,,,,,,,,,,,,,,,,,,,,,,,,,,,,,,,,,,,,,,,,,,,,,,,,,,,,,,,
79.0,D,1.0,10.0,R,-46.0,Pass,Complete,FLA. BLUE,,L,,,,2.0,-8.0,Hoban,-8.0,D,,,,,,,,,,,,,,,,,,,,,,,,,,,,,,,,,,,,,,,,,,,,,,,,,,,,,,,,,,,,,,,,,,,,,,,,,,,,,,,,,,,
80.0,D,2.0,18.0,L,-38.0,Pass,Interception,IOWA BLACK,,R,,,,2.0,,Hoban,0.0,D,,,,,,,,,,,,,,,,,,,,,,,,,,,,,,,,,,,,,,,,,,,,,,,,,,,,,,,,,,,,,,,,,,,,,,,,,,,,,,,,,,,
81.0,O,1.0,10.0,M,-22.0,Run,Rush,Twins Split,,R,,,,2.0,1.0,Hoban,1.0,O,,,,,,,,,,,,,,,,,,,,,,,,,,,,,,,,,,,,,,,,,,,,,,,,,,,,,,,,,,,,,,,,,,,,,,,,,,,,,,,,,,,
82.0,O,2.0,9.0,R,-23.0,Pass,Incomplete,IOWA BLACK,,L,,,,2.0,0.0,Hoban,0.0,O,,,,,,,,,,,,,,,,,,,,,,,,,,,,,,,,,,,,,,,,,,,,,,,,,,,,,,,,,,,,,,,,,,,,,,,,,,,,,,,,,,,
83.0,O,3.0,9.0,R,-23.0,Pass,Incomplete,IOWA BLACK,,L,,,,2.0,0.0,Hoban,0.0,O,,,,,,,,,,,,,,,,,,,,,,,,,,,,,,,,,,,,,,,,,,,,,,,,,,,,,,,,,,,,,,,,,,,,,,,,,,,,,,,,,,,
84.0,K,4.0,9.0,R,-23.0,Punt,Return,DBL Slot,,,,,,2.0,,Hoban,0.0,K,,,,,,,,,,,,,,,,,,,,,,,,,,,,,,,,,,,,,,,,,,,,,,,,,,,,,,,,,,,,,,,,,,,,,,,,,,,,,,,,,,,
85.0,D,1.0,10.0,R,28.0,Run,Rush,IOWA BLACK,,L,,,,2.0,24.0,Hoban,24.0,D,,,,,,,,,,,,,,,,,,,,,,,,,,,,,,,,,,,,,,,,,,,,,,,,,,,,,,,,,,,,,,,,,,,,,,,,,,,,,,,,,,,
86.0,D,1.0,4.0,L,4.0,,Timeout,IOWA BLACK,,,,,,2.0,0.0,Hoban,0.0,D,,,,,,,,,,,,,,,,,,,,,,,,,,,,,,,,,,,,,,,,,,,,,,,,,,,,,,,,,,,,,,,,,,,,,,,,,,,,,,,,,,,
87.0,D,1.0,4.0,L,4.0,Run,"Rush, TD",IOWA BLACK,,R,,,,2.0,4.0,Hoban,4.0,D,,,,,,,,,,,,,,,,,,,,,,,,,,,,,,,,,,,,,,,,,,,,,,,,,,,,,,,,,,,,,,,,,,,,,,,,,,,,,,,,,,,
88.0,K,,,M,3.0,Extra Pt. Block,Good,,,,,,,2.0,,Hoban,0.0,K,,,,,,,,,,,,,,,,,,,,,,,,,,,,,,,,,,,,,,,,,,,,,,,,,,,,,,,,,,,,,,,,,,,,,,,,,,,,,,,,,,,
89.0,K,,,M,-40.0,KO Rec,Touchback,,,,,,,2.0,,Hoban,0.0,K,,,,,,,,,,,,,,,,,,,,,,,,,,,,,,,,,,,,,,,,,,,,,,,,,,,,,,,,,,,,,,,,,,,,,,,,,,,,,,,,,,,
90.0,O,1.0,10.0,M,-20.0,Run,Rush,Wyoming brown,,L,,,,2.0,6.0,Hoban,6.0,O,,,,,,,,,,,,,,,,,,,,,,,,,,,,,,,,,,,,,,,,,,,,,,,,,,,,,,,,,,,,,,,,,,,,,,,,,,,,,,,,,,,
91.0,O,2.0,4.0,M,-26.0,Run,Rush,Wyoming brown,,R,,,,2.0,1.0,Hoban,1.0,O,,,,,,,,,,,,,,,,,,,,,,,,,,,,,,,,,,,,,,,,,,,,,,,,,,,,,,,,,,,,,,,,,,,,,,,,,,,,,,,,,,,
92.0,O,3.0,3.0,M,-27.0,Pass,Incomplete,Wyoming brown,,R,,,,2.0,0.0,Hoban,0.0,O,,,,,,,,,,,,,,,,,,,,,,,,,,,,,,,,,,,,,,,,,,,,,,,,,,,,,,,,,,,,,,,,,,,,,,,,,,,,,,,,,,,
93.0,K,4.0,3.0,M,-27.0,Punt,Downed,DBL Slot,,,,,,2.0,,Hoban,0.0,K,,,,,,,,,,,,,,,,,,,,,,,,,,,,,,,,,,,,,,,,,,,,,,,,,,,,,,,,,,,,,,,,,,,,,,,,,,,,,,,,,,,
94.0,D,1.0,10.0,M,40.0,Pass,Complete,UTAH RED,,R,,,,2.0,5.0,Hoban,5.0,D,,,,,,,,,,,,,,,,,,,,,,,,,,,,,,,,,,,,,,,,,,,,,,,,,,,,,,,,,,,,,,,,,,,,,,,,,,,,,,,,,,,
95.0,D,2.0,5.0,R,35.0,Pass,Scramble,FLA. BLUE,,R,,,,2.0,14.0,Hoban,14.0,D,,,,,,,,,,,,,,,,,,,,,,,,,,,,,,,,,,,,,,,,,,,,,,,,,,,,,,,,,,,,,,,,,,,,,,,,,,,,,,,,,,,
96.0,K,1.0,10.0,R,21.0,FG Block,Good,,,,,,,2.0,,Hoban,0.0,K,,,,,,,,,,,,,,,,,,,,,,,,,,,,,,,,,,,,,,,,,,,,,,,,,,,,,,,,,,,,,,,,,,,,,,,,,,,,,,,,,,,
97.0,S,,,,,,,,,,,,,2.0,,Hoban,0.0,S,,,,,,,,,,,,,,,,,,,,,,,,,,,,,,,,,,,,,,,,,,,,,,,,,,,,,,,,,,,,,,,,,,,,,,,,,,,,,,,,,,,
98.0,S,,,,,,,,,,,,,2.0,,Hoban,0.0,S,,,,,,,,,,,,,,,,,,,,,,,,,,,,,,,,,,,,,,,,,,,,,,,,,,,,,,,,,,,,,,,,,,,,,,,,,,,,,,,,,,,
99.0,S,,,,,,,,,,,,,2.0,,Hoban,0.0,S,,,,,,,,,,,,,,,,,,,,,,,,,,,,,,,,,,,,,,,,,,,,,,,,,,,,,,,,,,,,,,,,,,,,,,,,,,,,,,,,,,,
100.0,S,,,,,,,,,,,,,2.0,,Hoban,0.0,S,,,,,,,,,,,,,,,,,,,,,,,,,,,,,,,,,,,,,,,,,,,,,,,,,,,,,,,,,,,,,,,,,,,,,,,,,,,,,,,,,,,
101.0,S,,,,,,,,,,,,,2.0,,Hoban,0.0,S,,,,,,,,,,,,,,,,,,,,,,,,,,,,,,,,,,,,,,,,,,,,,,,,,,,,,,,,,,,,,,,,,,,,,,,,,,,,,,,,,,,
102.0,S,,,,,,,,,,,,,2.0,,Hoban,0.0,S,,,,,,,,,,,,,,,,,,,,,,,,,,,,,,,,,,,,,,,,,,,,,,,,,,,,,,,,,,,,,,,,,,,,,,,,,,,,,,,,,,,
103.0,S,,,,,,,TEXAS BROWN,,,,,,2.0,,Hoban,0.0,S,,,,,,,,,,,,,,,,,,,,,,,,,,,,,,,,,,,,,,,,,,,,,,,,,,,,,,,,,,,,,,,,,,,,,,,,,,,,,,,,,,,
104.0,K,,,M,-40.0,KO Rec,Return,,,,,,,3.0,,Hoban,0.0,K,,,,,,,,,,,,,,,,,,,,,,,,,,,,,,,,,,,,,,,,,,,,,,,,,,,,,,,,,,,,,,,,,,,,,,,,,,,,,,,,,,,
105.0,O,1.0,10.0,L,-11.0,Run,Rush,Wyoming brown,,R,,,,3.0,1.0,Hoban,1.0,O,,,,,,,,,,,,,,,,,,,,,,,,,,,,,,,,,,,,,,,,,,,,,,,,,,,,,,,,,,,,,,,,,,,,,,,,,,,,,,,,,,,
106.0,O,2.0,9.0,L,-12.0,Run,Rush,Wyoming brown,,L,,,,3.0,1.0,Hoban,1.0,O,,,,,,,,,,,,,,,,,,,,,,,,,,,,,,,,,,,,,,,,,,,,,,,,,,,,,,,,,,,,,,,,,,,,,,,,,,,,,,,,,,,
107.0,O,3.0,8.0,L,-13.0,Pass,Incomplete,Wyoming brown,,R,,,,3.0,0.0,Hoban,0.0,O,,,,,,,,,,,,,,,,,,,,,,,,,,,,,,,,,,,,,,,,,,,,,,,,,,,,,,,,,,,,,,,,,,,,,,,,,,,,,,,,,,,
108.0,K,4.0,8.0,L,-13.0,Punt,Return,,,,,,,3.0,,Hoban,0.0,K,,,,,,,,,,,,,,,,,,,,,,,,,,,,,,,,,,,,,,,,,,,,,,,,,,,,,,,,,,,,,,,,,,,,,,,,,,,,,,,,,,,
109.0,D,1.0,10.0,L,29.0,Run,Penalty,,,L,,,,3.0,-5.0,Hoban,-5.0,D,,,,,,,,,,,,,,,,,,,,,,,,,,,,,,,,,,,,,,,,,,,,,,,,,,,,,,,,,,,,,,,,,,,,,,,,,,,,,,,,,,,
110.0,D,1.0,15.0,R,34.0,Run,Rush,,,R,,,,3.0,3.0,Hoban,3.0,D,,,,,,,,,,,,,,,,,,,,,,,,,,,,,,,,,,,,,,,,,,,,,,,,,,,,,,,,,,,,,,,,,,,,,,,,,,,,,,,,,,,
111.0,D,2.0,12.0,R,31.0,Run,Rush,UTAH RED,,R,,,,3.0,1.0,Hoban,1.0,D,,,,,,,,,,,,,,,,,,,,,,,,,,,,,,,,,,,,,,,,,,,,,,,,,,,,,,,,,,,,,,,,,,,,,,,,,,,,,,,,,,,
112.0,D,3.0,11.0,R,30.0,Run,Fumble,FLA. BLUE,,L,,,,3.0,16.0,Hoban,16.0,D,,,,,,,,,,,,,,,,,,,,,,,,,,,,,,,,,,,,,,,,,,,,,,,,,,,,,,,,,,,,,,,,,,,,,,,,,,,,,,,,,,,
113.0,O,1.0,10.0,M,-7.0,Run,Rush,WISCONSIN RED,,L,,,,3.0,2.0,Hoban,2.0,O,,,,,,,,,,,,,,,,,,,,,,,,,,,,,,,,,,,,,,,,,,,,,,,,,,,,,,,,,,,,,,,,,,,,,,,,,,,,,,,,,,,
114.0,O,2.0,8.0,M,-9.0,Run,Rush,WISCONSIN RED,,R,,,,3.0,1.0,Hoban,1.0,O,,,,,,,,,,,,,,,,,,,,,,,,,,,,,,,,,,,,,,,,,,,,,,,,,,,,,,,,,,,,,,,,,,,,,,,,,,,,,,,,,,,
115.0,O,3.0,7.0,M,-10.0,,Penalty,,,,,,,3.0,-5.0,Hoban,-5.0,O,,,,,,,,,,,,,,,,,,,,,,,,,,,,,,,,,,,,,,,,,,,,,,,,,,,,,,,,,,,,,,,,,,,,,,,,,,,,,,,,,,,
116.0,O,3.0,12.0,M,-5.0,Run,Rush,,,L,,,,3.0,6.0,Hoban,6.0,O,,,,,,,,,,,,,,,,,,,,,,,,,,,,,,,,,,,,,,,,,,,,,,,,,,,,,,,,,,,,,,,,,,,,,,,,,,,,,,,,,,,
117.0,K,4.0,6.0,L,-11.0,Punt,Downed,,,,,,,3.0,,Hoban,0.0,K,,,,,,,,,,,,,,,,,,,,,,,,,,,,,,,,,,,,,,,,,,,,,,,,,,,,,,,,,,,,,,,,,,,,,,,,,,,,,,,,,,,
118.0,D,1.0,10.0,L,42.0,Run,Rush,OREGON GREEN,,R,,,,3.0,0.0,Hoban,0.0,D,,,,,,,,,,,,,,,,,,,,,,,,,,,,,,,,,,,,,,,,,,,,,,,,,,,,,,,,,,,,,,,,,,,,,,,,,,,,,,,,,,,
119.0,D,2.0,10.0,M,42.0,Run,Rush,Wyoming brown,,R,,,,3.0,1.0,Hoban,1.0,D,,,,,,,,,,,,,,,,,,,,,,,,,,,,,,,,,,,,,,,,,,,,,,,,,,,,,,,,,,,,,,,,,,,,,,,,,,,,,,,,,,,
120.0,D,3.0,9.0,M,41.0,Run,Rush,Wyoming brown,,R,,,,3.0,12.0,Hoban,12.0,D,,,,,,,,,,,,,,,,,,,,,,,,,,,,,,,,,,,,,,,,,,,,,,,,,,,,,,,,,,,,,,,,,,,,,,,,,,,,,,,,,,,
121.0,D,1.0,10.0,R,29.0,Run,Rush,Twins Split,,L,,,,4.0,5.0,Hoban,5.0,D,,,,,,,,,,,,,,,,,,,,,,,,,,,,,,,,,,,,,,,,,,,,,,,,,,,,,,,,,,,,,,,,,,,,,,,,,,,,,,,,,,,
122.0,D,2.0,5.0,L,24.0,Run,Rush,,,L,,,,4.0,2.0,Hoban,2.0,D,,,,,,,,,,,,,,,,,,,,,,,,,,,,,,,,,,,,,,,,,,,,,,,,,,,,,,,,,,,,,,,,,,,,,,,,,,,,,,,,,,,
123.0,D,3.0,3.0,L,22.0,Run,Penalty,Twins Split,,R,,,,4.0,11.0,Hoban,11.0,D,,,,,,,,,,,,,,,,,,,,,,,,,,,,,,,,,,,,,,,,,,,,,,,,,,,,,,,,,,,,,,,,,,,,,,,,,,,,,,,,,,,
124.0,D,1.0,10.0,M,11.0,Run,"Rush, TD",Wyoming brown,,R,,,,4.0,11.0,Hoban,11.0,D,,,,,,,,,,,,,,,,,,,,,,,,,,,,,,,,,,,,,,,,,,,,,,,,,,,,,,,,,,,,,,,,,,,,,,,,,,,,,,,,,,,
125.0,S,,,,,,,DBL TE,,,,,,4.0,,Hoban,0.0,S,,,,,,,,,,,,,,,,,,,,,,,,,,,,,,,,,,,,,,,,,,,,,,,,,,,,,,,,,,,,,,,,,,,,,,,,,,,,,,,,,,,
126.0,K,,,M,3.0,Extra Pt. Block,Good,,,,,,,4.0,,Hoban,0.0,K,,,,,,,,,,,,,,,,,,,,,,,,,,,,,,,,,,,,,,,,,,,,,,,,,,,,,,,,,,,,,,,,,,,,,,,,,,,,,,,,,,,
127.0,K,,,M,-40.0,KO Rec,Return,,,,,,,4.0,,Hoban,0.0,K,,,,,,,,,,,,,,,,,,,,,,,,,,,,,,,,,,,,,,,,,,,,,,,,,,,,,,,,,,,,,,,,,,,,,,,,,,,,,,,,,,,
128.0,O,1.0,10.0,R,-32.0,Run,Rush,Twins Split,,L,,,,4.0,29.0,Hoban,29.0,O,,,,,,,,,,,,,,,,,,,,,,,,,,,,,,,,,,,,,,,,,,,,,,,,,,,,,,,,,,,,,,,,,,,,,,,,,,,,,,,,,,,
129.0,O,1.0,10.0,L,39.0,Run,Rush,Twins Split,,L,,,,4.0,0.0,Hoban,0.0,O,,,,,,,,,,,,,,,,,,,,,,,,,,,,,,,,,,,,,,,,,,,,,,,,,,,,,,,,,,,,,,,,,,,,,,,,,,,,,,,,,,,
130.0,O,2.0,10.0,L,39.0,Run,Rush,Wyoming brown,,L,,,,4.0,6.0,Hoban,6.0,O,,,,,,,,,,,,,,,,,,,,,,,,,,,,,,,,,,,,,,,,,,,,,,,,,,,,,,,,,,,,,,,,,,,,,,,,,,,,,,,,,,,
131.0,O,3.0,4.0,L,33.0,Pass,Complete,Wyoming brown,,R,,,,4.0,7.0,Hoban,7.0,O,,,,,,,,,,,,,,,,,,,,,,,,,,,,,,,,,,,,,,,,,,,,,,,,,,,,,,,,,,,,,,,,,,,,,,,,,,,,,,,,,,,
132.0,O,1.0,10.0,M,26.0,Run,Rush,Twins Split,,R,,,,4.0,5.0,Hoban,5.0,O,,,,,,,,,,,,,,,,,,,,,,,,,,,,,,,,,,,,,,,,,,,,,,,,,,,,,,,,,,,,,,,,,,,,,,,,,,,,,,,,,,,
133.0,O,2.0,5.0,R,21.0,Run,Rush,Wyoming brown,,L,,,,4.0,17.0,Hoban,17.0,O,,,,,,,,,,,,,,,,,,,,,,,,,,,,,,,,,,,,,,,,,,,,,,,,,,,,,,,,,,,,,,,,,,,,,,,,,,,,,,,,,,,
134.0,O,1.0,4.0,L,4.0,Run,Rush,Twins Split,,L,,,,4.0,-2.0,Hoban,-2.0,O,,,,,,,,,,,,,,,,,,,,,,,,,,,,,,,,,,,,,,,,,,,,,,,,,,,,,,,,,,,,,,,,,,,,,,,,,,,,,,,,,,,
135.0,O,2.0,6.0,L,6.0,Run,Rush,WISCONSIN RED,,L,,,,4.0,-4.0,Hoban,-4.0,O,,,,,,,,,,,,,,,,,,,,,,,,,,,,,,,,,,,,,,,,,,,,,,,,,,,,,,,,,,,,,,,,,,,,,,,,,,,,,,,,,,,
136.0,O,3.0,10.0,L,10.0,Pass,"Scramble, TD",WISCONSIN RED,,L,,,,4.0,10.0,Hoban,10.0,O,,,,,,,,,,,,,,,,,,,,,,,,,,,,,,,,,,,,,,,,,,,,,,,,,,,,,,,,,,,,,,,,,,,,,,,,,,,,,,,,,,,
137.0,K,,,M,3.0,Extra Pt.,Good,,,,,,,4.0,,Hoban,0.0,K,,,,,,,,,,,,,,,,,,,,,,,,,,,,,,,,,,,,,,,,,,,,,,,,,,,,,,,,,,,,,,,,,,,,,,,,,,,,,,,,,,,
138.0,K,,,M,-40.0,KO,Return,,,,,,,4.0,,Hoban,0.0,K,,,,,,,,,,,,,,,,,,,,,,,,,,,,,,,,,,,,,,,,,,,,,,,,,,,,,,,,,,,,,,,,,,,,,,,,,,,,,,,,,,,
139.0,D,1.0,10.0,M,-39.0,Run,Rush,,,R,,,,4.0,-1.0,Hoban,-1.0,D,,,,,,,,,,,,,,,,,,,,,,,,,,,,,,,,,,,,,,,,,,,,,,,,,,,,,,,,,,,,,,,,,,,,,,,,,,,,,,,,,,,
140.0,S,2.0,11.0,,,,,,,,,,,4.0,,Hoban,0.0,S,,,,,,,,,,,,,,,,,,,,,,,,,,,,,,,,,,,,,,,,,,,,,,,,,,,,,,,,,,,,,,,,,,,,,,,,,,,,,,,,,,,
141.0,S,,,,,,,,,,,,,4.0,,Hoban,0.0,S,,,,,,,,,,,,,,,,,,,,,,,,,,,,,,,,,,,,,,,,,,,,,,,,,,,,,,,,,,,,,,,,,,,,,,,,,,,,,,,,,,,
142.0,S,,,,,,,,,,,,,4.0,,Hoban,0.0,S,,,,,,,,,,,,,,,,,,,,,,,,,,,,,,,,,,,,,,,,,,,,,,,,,,,,,,,,,,,,,,,,,,,,,,,,,,,,,,,,,,,
1.0,K,,,M,-40.0,KO,Return,TEXAS BROWN,,,,,,1.0,,Hoban,0.0,K,,,,,,,,,,,,,,,,,,,,,,,,,,,,,,,,,,,,,,,,,,,,,,,,,,,,,,,,,,,,,,,,,,,,,,,,,,,,,,,,,,,
2.0,D,1.0,10.0,L,-36.0,Pass,Incomplete,Twins Split,,L,,,,1.0,0.0,Hoban,0.0,D,,,,,,,,,,,,,,,,,,,,,,,,,,,,,,,,,,,,,,,,,,,,,,,,,,,,,,,,,,,,,,,,,,,,,,,,,,,,,,,,,,,
3.0,D,2.0,10.0,L,-36.0,Run,Rush,,,L,,,,1.0,8.0,Hoban,8.0,D,,,,,,,,,,,,,,,,,,,,,,,,,,,,,,,,,,,,,,,,,,,,,,,,,,,,,,,,,,,,,,,,,,,,,,,,,,,,,,,,,,,
4.0,D,3.0,2.0,L,-44.0,Run,Rush,UTAH RED,,L,,,,1.0,5.0,Hoban,5.0,D,,,,,,,,,,,,,,,,,,,,,,,,,,,,,,,,,,,,,,,,,,,,,,,,,,,,,,,,,,,,,,,,,,,,,,,,,,,,,,,,,,,
5.0,D,1.0,10.0,L,-49.0,Pass,Sack,IOWA BLACK STACK,,L,,,,1.0,-13.0,Hoban,-13.0,D,,,,,,,,,,,,,,,,,,,,,,,,,,,,,,,,,,,,,,,,,,,,,,,,,,,,,,,,,,,,,,,,,,,,,,,,,,,,,,,,,,,
6.0,D,2.0,23.0,L,-36.0,Pass,Incomplete,FLA. BLUE,,R,,,,1.0,0.0,Hoban,0.0,D,,,,,,,,,,,,,,,,,,,,,,,,,,,,,,,,,,,,,,,,,,,,,,,,,,,,,,,,,,,,,,,,,,,,,,,,,,,,,,,,,,,
7.0,D,3.0,23.0,L,-36.0,,Timeout,FLA. BLUE TIGHT,,,,,,1.0,0.0,Hoban,0.0,D,,,,,,,,,,,,,,,,,,,,,,,,,,,,,,,,,,,,,,,,,,,,,,,,,,,,,,,,,,,,,,,,,,,,,,,,,,,,,,,,,,,
8.0,D,3.0,23.0,L,-36.0,Run,Rush,,,L,,,,1.0,7.0,Hoban,7.0,D,,,,,,,,,,,,,,,,,,,,,,,,,,,,,,,,,,,,,,,,,,,,,,,,,,,,,,,,,,,,,,,,,,,,,,,,,,,,,,,,,,,
9.0,K,4.0,16.0,L,-43.0,Punt Rec,Fair Catch,,,,,,,1.0,,Hoban,0.0,K,,,,,,,,,,,,,,,,,,,,,,,,,,,,,,,,,,,,,,,,,,,,,,,,,,,,,,,,,,,,,,,,,,,,,,,,,,,,,,,,,,,
10.0,O,1.0,10.0,R,-27.0,Pass,Incomplete,IOWA BLACK,,L,,,,1.0,0.0,Hoban,0.0,O,,,,,,,,,,,,,,,,,,,,,,,,,,,,,,,,,,,,,,,,,,,,,,,,,,,,,,,,,,,,,,,,,,,,,,,,,,,,,,,,,,,
11.0,O,2.0,10.0,R,-27.0,Run,Rush,TEXAS BROWN,,R,,,,1.0,-2.0,Hoban,-2.0,O,,,,,,,,,,,,,,,,,,,,,,,,,,,,,,,,,,,,,,,,,,,,,,,,,,,,,,,,,,,,,,,,,,,,,,,,,,,,,,,,,,,
12.0,O,3.0,12.0,R,-25.0,Pass,Incomplete,TEXAS BROWN,,L,,,,1.0,0.0,Hoban,0.0,O,,,,,,,,,,,,,,,,,,,,,,,,,,,,,,,,,,,,,,,,,,,,,,,,,,,,,,,,,,,,,,,,,,,,,,,,,,,,,,,,,,,
13.0,K,4.0,12.0,R,-25.0,Punt,Downed,,,,,,,1.0,,Hoban,0.0,K,,,,,,,,,,,,,,,,,,,,,,,,,,,,,,,,,,,,,,,,,,,,,,,,,,,,,,,,,,,,,,,,,,,,,,,,,,,,,,,,,,,
14.0,D,1.0,10.0,L,-22.0,Run,Rush,,,R,,,,1.0,3.0,Hoban,3.0,D,,,,,,,,,,,,,,,,,,,,,,,,,,,,,,,,,,,,,,,,,,,,,,,,,,,,,,,,,,,,,,,,,,,,,,,,,,,,,,,,,,,
15.0,D,2.0,7.0,L,-25.0,Pass,Complete,FLA. BLUE TIGHT,,R,,,,1.0,10.0,Hoban,10.0,D,,,,,,,,,,,,,,,,,,,,,,,,,,,,,,,,,,,,,,,,,,,,,,,,,,,,,,,,,,,,,,,,,,,,,,,,,,,,,,,,,,,
16.0,D,1.0,10.0,R,-35.0,Run,"Rush, TD",,,R,,,,1.0,65.0,Hoban,65.0,D,,,,,,,,,,,,,,,,,,,,,,,,,,,,,,,,,,,,,,,,,,,,,,,,,,,,,,,,,,,,,,,,,,,,,,,,,,,,,,,,,,,
17.0,K,,,M,3.0,Extra Pt. Block,Good,,,,,,,1.0,,Hoban,0.0,K,,,,,,,,,,,,,,,,,,,,,,,,,,,,,,,,,,,,,,,,,,,,,,,,,,,,,,,,,,,,,,,,,,,,,,,,,,,,,,,,,,,
18.0,K,,,M,-40.0,KO Rec,Return,,,,,,,1.0,,Hoban,0.0,K,,,,,,,,,,,,,,,,,,,,,,,,,,,,,,,,,,,,,,,,,,,,,,,,,,,,,,,,,,,,,,,,,,,,,,,,,,,,,,,,,,,
19.0,O,1.0,10.0,R,-25.0,Run,Rush,TEXAS BROWN,,L,,,,1.0,10.0,Hoban,10.0,O,,,,,,,,,,,,,,,,,,,,,,,,,,,,,,,,,,,,,,,,,,,,,,,,,,,,,,,,,,,,,,,,,,,,,,,,,,,,,,,,,,,
20.0,O,1.0,10.0,M,-35.0,Run,Rush,TEXAS BROWN,,L,,,,1.0,-3.0,Hoban,-3.0,O,,,,,,,,,,,,,,,,,,,,,,,,,,,,,,,,,,,,,,,,,,,,,,,,,,,,,,,,,,,,,,,,,,,,,,,,,,,,,,,,,,,
21.0,O,2.0,13.0,M,-32.0,Run,Rush,FLA. BLUE,,R,,,,1.0,-5.0,Hoban,-5.0,O,,,,,,,,,,,,,,,,,,,,,,,,,,,,,,,,,,,,,,,,,,,,,,,,,,,,,,,,,,,,,,,,,,,,,,,,,,,,,,,,,,,
22.0,O,3.0,18.0,M,-27.0,Pass,Incomplete,FLA. BLUE,,R,,,,1.0,0.0,Hoban,0.0,O,,,,,,,,,,,,,,,,,,,,,,,,,,,,,,,,,,,,,,,,,,,,,,,,,,,,,,,,,,,,,,,,,,,,,,,,,,,,,,,,,,,
23.0,K,4.0,18.0,M,-27.0,Punt,Downed,,,,,,,1.0,,Hoban,0.0,K,,,,,,,,,,,,,,,,,,,,,,,,,,,,,,,,,,,,,,,,,,,,,,,,,,,,,,,,,,,,,,,,,,,,,,,,,,,,,,,,,,,
24.0,D,1.0,10.0,R,-47.0,Run,Rush,IOWA BLACK,,L,,,,1.0,9.0,Hoban,9.0,D,,,,,,,,,,,,,,,,,,,,,,,,,,,,,,,,,,,,,,,,,,,,,,,,,,,,,,,,,,,,,,,,,,,,,,,,,,,,,,,,,,,
25.0,D,2.0,1.0,M,44.0,Pass,Incomplete,IOWA BLACK,,L,,,,1.0,0.0,Hoban,0.0,D,,,,,,,,,,,,,,,,,,,,,,,,,,,,,,,,,,,,,,,,,,,,,,,,,,,,,,,,,,,,,,,,,,,,,,,,,,,,,,,,,,,
26.0,D,3.0,1.0,M,44.0,Run,Rush,IOWA BLACK STACK,,R,,,,1.0,2.0,Hoban,2.0,D,,,,,,,,,,,,,,,,,,,,,,,,,,,,,,,,,,,,,,,,,,,,,,,,,,,,,,,,,,,,,,,,,,,,,,,,,,,,,,,,,,,
27.0,D,1.0,10.0,R,42.0,Pass,Incomplete,Wyoming brown,,L,,,,1.0,0.0,Hoban,0.0,D,,,,,,,,,,,,,,,,,,,,,,,,,,,,,,,,,,,,,,,,,,,,,,,,,,,,,,,,,,,,,,,,,,,,,,,,,,,,,,,,,,,
28.0,D,2.0,10.0,R,42.0,Run,Rush,,,L,,,,1.0,2.0,Hoban,2.0,D,,,,,,,,,,,,,,,,,,,,,,,,,,,,,,,,,,,,,,,,,,,,,,,,,,,,,,,,,,,,,,,,,,,,,,,,,,,,,,,,,,,
29.0,D,3.0,8.0,M,40.0,Pass,Incomplete,FLA. BLUE,,L,,,,1.0,0.0,Hoban,0.0,D,,,,,,,,,,,,,,,,,,,,,,,,,,,,,,,,,,,,,,,,,,,,,,,,,,,,,,,,,,,,,,,,,,,,,,,,,,,,,,,,,,,
30.0,K,4.0,8.0,M,40.0,Punt Rec,Return,,,,,,,1.0,,Hoban,0.0,K,,,,,,,,,,,,,,,,,,,,,,,,,,,,,,,,,,,,,,,,,,,,,,,,,,,,,,,,,,,,,,,,,,,,,,,,,,,,,,,,,,,
31.0,O,1.0,10.0,R,-16.0,,Penalty,Wyoming brown,,,,,,1.0,-5.0,Hoban,-5.0,O,,,,,,,,,,,,,,,,,,,,,,,,,,,,,,,,,,,,,,,,,,,,,,,,,,,,,,,,,,,,,,,,,,,,,,,,,,,,,,,,,,,
32.0,O,2.0,15.0,R,-11.0,Run,Rush,,,R,,,,1.0,2.0,Hoban,2.0,O,,,,,,,,,,,,,,,,,,,,,,,,,,,,,,,,,,,,,,,,,,,,,,,,,,,,,,,,,,,,,,,,,,,,,,,,,,,,,,,,,,,
33.0,O,2.0,13.0,R,-13.0,Pass,Complete,Wyoming brown,,L,,,,1.0,9.0,Hoban,9.0,O,,,,,,,,,,,,,,,,,,,,,,,,,,,,,,,,,,,,,,,,,,,,,,,,,,,,,,,,,,,,,,,,,,,,,,,,,,,,,,,,,,,
34.0,O,3.0,4.0,M,-22.0,Run,Rush,,,L,,,,1.0,5.0,Hoban,5.0,O,,,,,,,,,,,,,,,,,,,,,,,,,,,,,,,,,,,,,,,,,,,,,,,,,,,,,,,,,,,,,,,,,,,,,,,,,,,,,,,,,,,
35.0,O,1.0,10.0,M,-27.0,Run,Penalty,,,L,,,,1.0,-13.0,Hoban,-13.0,O,,,,,,,,,,,,,,,,,,,,,,,,,,,,,,,,,,,,,,,,,,,,,,,,,,,,,,,,,,,,,,,,,,,,,,,,,,,,,,,,,,,
36.0,O,1.0,23.0,L,-14.0,Pass,Incomplete,,,R,,,,1.0,0.0,Hoban,0.0,O,,,,,,,,,,,,,,,,,,,,,,,,,,,,,,,,,,,,,,,,,,,,,,,,,,,,,,,,,,,,,,,,,,,,,,,,,,,,,,,,,,,
37.0,O,2.0,23.0,L,-14.0,Run,Penalty,,,R,,,,1.0,0.0,Hoban,0.0,O,,,,,,,,,,,,,,,,,,,,,,,,,,,,,,,,,,,,,,,,,,,,,,,,,,,,,,,,,,,,,,,,,,,,,,,,,,,,,,,,,,,
38.0,O,3.0,23.0,R,-14.0,Pass,Incomplete,TEXAS BROWN,,L,,,,1.0,0.0,Hoban,0.0,O,,,,,,,,,,,,,,,,,,,,,,,,,,,,,,,,,,,,,,,,,,,,,,,,,,,,,,,,,,,,,,,,,,,,,,,,,,,,,,,,,,,
39.0,K,4.0,23.0,R,-14.0,Punt,Downed,,,,,,,1.0,,Hoban,0.0,K,,,,,,,,,,,,,,,,,,,,,,,,,,,,,,,,,,,,,,,,,,,,,,,,,,,,,,,,,,,,,,,,,,,,,,,,,,,,,,,,,,,
40.0,D,1.0,10.0,L,31.0,Run,"Rush, TD",DBL Slot,,L,,,,1.0,31.0,Hoban,31.0,D,,,,,,,,,,,,,,,,,,,,,,,,,,,,,,,,,,,,,,,,,,,,,,,,,,,,,,,,,,,,,,,,,,,,,,,,,,,,,,,,,,,
41.0,K,,,M,3.0,Extra Pt. Block,Good,,,,,,,1.0,,Hoban,0.0,K,,,,,,,,,,,,,,,,,,,,,,,,,,,,,,,,,,,,,,,,,,,,,,,,,,,,,,,,,,,,,,,,,,,,,,,,,,,,,,,,,,,
42.0,K,,,M,-40.0,KO Rec,Return,TEXAS BROWN,,,,,,1.0,,Hoban,0.0,K,,,,,,,,,,,,,,,,,,,,,,,,,,,,,,,,,,,,,,,,,,,,,,,,,,,,,,,,,,,,,,,,,,,,,,,,,,,,,,,,,,,
43.0,O,1.0,10.0,R,-13.0,Run,Rush,Wyoming brown,,L,,,,1.0,5.0,Hoban,5.0,O,,,,,,,,,,,,,,,,,,,,,,,,,,,,,,,,,,,,,,,,,,,,,,,,,,,,,,,,,,,,,,,,,,,,,,,,,,,,,,,,,,,
44.0,O,2.0,5.0,L,-18.0,Run,Rush,Twins Split,,R,,,,2.0,-3.0,Hoban,-3.0,O,,,,,,,,,,,,,,,,,,,,,,,,,,,,,,,,,,,,,,,,,,,,,,,,,,,,,,,,,,,,,,,,,,,,,,,,,,,,,,,,,,,
45.0,O,3.0,8.0,M,-15.0,,Penalty,TEXAS BROWN,,,,,,2.0,0.0,Hoban,0.0,O,,,,,,,,,,,,,,,,,,,,,,,,,,,,,,,,,,,,,,,,,,,,,,,,,,,,,,,,,,,,,,,,,,,,,,,,,,,,,,,,,,,
46.0,O,3.0,8.0,M,-15.0,Run,Rush,,,R,,,,2.0,8.0,Hoban,8.0,O,,,,,,,,,,,,,,,,,,,,,,,,,,,,,,,,,,,,,,,,,,,,,,,,,,,,,,,,,,,,,,,,,,,,,,,,,,,,,,,,,,,
47.0,O,1.0,10.0,M,-23.0,Run,Rush,,,R,,,,2.0,4.0,Hoban,4.0,O,,,,,,,,,,,,,,,,,,,,,,,,,,,,,,,,,,,,,,,,,,,,,,,,,,,,,,,,,,,,,,,,,,,,,,,,,,,,,,,,,,,
48.0,O,2.0,6.0,M,-27.0,Pass,Scramble,IOWA BLACK,,L,,,,2.0,1.0,Hoban,1.0,O,,,,,,,,,,,,,,,,,,,,,,,,,,,,,,,,,,,,,,,,,,,,,,,,,,,,,,,,,,,,,,,,,,,,,,,,,,,,,,,,,,,
49.0,O,3.0,5.0,M,-28.0,Run,Rush,,,R,,,,2.0,-3.0,Hoban,-3.0,O,,,,,,,,,,,,,,,,,,,,,,,,,,,,,,,,,,,,,,,,,,,,,,,,,,,,,,,,,,,,,,,,,,,,,,,,,,,,,,,,,,,
50.0,K,4.0,8.0,M,-25.0,Punt,Downed,,,,,,,2.0,,Hoban,0.0,K,,,,,,,,,,,,,,,,,,,,,,,,,,,,,,,,,,,,,,,,,,,,,,,,,,,,,,,,,,,,,,,,,,,,,,,,,,,,,,,,,,,
51.0,D,1.0,10.0,R,34.0,Pass,Incomplete,UTAH RED,,R,,,,2.0,0.0,Hoban,0.0,D,,,,,,,,,,,,,,,,,,,,,,,,,,,,,,,,,,,,,,,,,,,,,,,,,,,,,,,,,,,,,,,,,,,,,,,,,,,,,,,,,,,
52.0,D,2.0,10.0,R,34.0,Run,Rush,WISCONSIN RED,,R,,,,2.0,10.0,Hoban,10.0,D,,,,,,,,,,,,,,,,,,,,,,,,,,,,,,,,,,,,,,,,,,,,,,,,,,,,,,,,,,,,,,,,,,,,,,,,,,,,,,,,,,,
53.0,D,1.0,10.0,R,24.0,Run,Rush,UTAH RED,,R,,,,2.0,-1.0,Hoban,-1.0,D,,,,,,,,,,,,,,,,,,,,,,,,,,,,,,,,,,,,,,,,,,,,,,,,,,,,,,,,,,,,,,,,,,,,,,,,,,,,,,,,,,,
54.0,D,2.0,11.0,M,25.0,Run,Rush,UTAH RED,,R,,,,2.0,15.0,Hoban,15.0,D,,,,,,,,,,,,,,,,,,,,,,,,,,,,,,,,,,,,,,,,,,,,,,,,,,,,,,,,,,,,,,,,,,,,,,,,,,,,,,,,,,,
55.0,D,1.0,10.0,R,10.0,Run,Penalty,Wyoming brown,,L,,,,2.0,-10.0,Hoban,-10.0,D,,,,,,,,,,,,,,,,,,,,,,,,,,,,,,,,,,,,,,,,,,,,,,,,,,,,,,,,,,,,,,,,,,,,,,,,,,,,,,,,,,,
56.0,D,2.0,20.0,M,20.0,Pass,"Complete, TD",,,R,,,,2.0,20.0,Hoban,20.0,D,,,,,,,,,,,,,,,,,,,,,,,,,,,,,,,,,,,,,,,,,,,,,,,,,,,,,,,,,,,,,,,,,,,,,,,,,,,,,,,,,,,
57.0,K,,,M,3.0,Extra Pt. Block,Good,,,,,,,2.0,,Hoban,0.0,K,,,,,,,,,,,,,,,,,,,,,,,,,,,,,,,,,,,,,,,,,,,,,,,,,,,,,,,,,,,,,,,,,,,,,,,,,,,,,,,,,,,
58.0,K,,,M,-40.0,KO Rec,Return,,,,,,,2.0,,Hoban,0.0,K,,,,,,,,,,,,,,,,,,,,,,,,,,,,,,,,,,,,,,,,,,,,,,,,,,,,,,,,,,,,,,,,,,,,,,,,,,,,,,,,,,,
59.0,O,1.0,10.0,R,-7.0,Pass,Complete,Wyoming brown,,R,,,,2.0,5.0,Hoban,5.0,O,,,,,,,,,,,,,,,,,,,,,,,,,,,,,,,,,,,,,,,,,,,,,,,,,,,,,,,,,,,,,,,,,,,,,,,,,,,,,,,,,,,
60.0,O,2.0,5.0,R,-12.0,Pass,Incomplete,Wyoming brown,,L,,,,2.0,0.0,Hoban,0.0,O,,,,,,,,,,,,,,,,,,,,,,,,,,,,,,,,,,,,,,,,,,,,,,,,,,,,,,,,,,,,,,,,,,,,,,,,,,,,,,,,,,,
61.0,O,3.0,5.0,R,-12.0,Run,Rush,Wyoming brown,,R,,,,2.0,0.0,Hoban,0.0,O,,,,,,,,,,,,,,,,,,,,,,,,,,,,,,,,,,,,,,,,,,,,,,,,,,,,,,,,,,,,,,,,,,,,,,,,,,,,,,,,,,,
62.0,K,4.0,5.0,R,-12.0,Punt,Return,,,,,,,2.0,,Hoban,0.0,K,,,,,,,,,,,,,,,,,,,,,,,,,,,,,,,,,,,,,,,,,,,,,,,,,,,,,,,,,,,,,,,,,,,,,,,,,,,,,,,,,,,
63.0,D,1.0,10.0,R,32.0,Run,Rush,WISCONSIN RED,,L,,,,2.0,22.0,Hoban,22.0,D,,,,,,,,,,,,,,,,,,,,,,,,,,,,,,,,,,,,,,,,,,,,,,,,,,,,,,,,,,,,,,,,,,,,,,,,,,,,,,,,,,,
64.0,D,1.0,10.0,L,10.0,Pass,"Complete, TD",WISCONSIN RED,,R,,,,2.0,10.0,Hoban,10.0,D,,,,,,,,,,,,,,,,,,,,,,,,,,,,,,,,,,,,,,,,,,,,,,,,,,,,,,,,,,,,,,,,,,,,,,,,,,,,,,,,,,,
65.0,K,,,M,3.0,Extra Pt. Block,Good,,,,,,,2.0,,Hoban,0.0,K,,,,,,,,,,,,,,,,,,,,,,,,,,,,,,,,,,,,,,,,,,,,,,,,,,,,,,,,,,,,,,,,,,,,,,,,,,,,,,,,,,,
66.0,K,,,L,-40.0,KO Rec,Return,,,,,,,2.0,,Hoban,0.0,K,,,,,,,,,,,,,,,,,,,,,,,,,,,,,,,,,,,,,,,,,,,,,,,,,,,,,,,,,,,,,,,,,,,,,,,,,,,,,,,,,,,
67.0,O,1.0,10.0,R,-17.0,Pass,Complete,FLA. BLUE,,L,,,,2.0,4.0,Hoban,4.0,O,,,,,,,,,,,,,,,,,,,,,,,,,,,,,,,,,,,,,,,,,,,,,,,,,,,,,,,,,,,,,,,,,,,,,,,,,,,,,,,,,,,
68.0,O,2.0,6.0,L,-21.0,Pass,Incomplete,FLA. BLUE,,R,,,,2.0,0.0,Hoban,0.0,O,,,,,,,,,,,,,,,,,,,,,,,,,,,,,,,,,,,,,,,,,,,,,,,,,,,,,,,,,,,,,,,,,,,,,,,,,,,,,,,,,,,
69.0,O,3.0,6.0,L,-21.0,Pass,Incomplete,FLA. BLUE,,R,,,,2.0,0.0,Hoban,0.0,O,,,,,,,,,,,,,,,,,,,,,,,,,,,,,,,,,,,,,,,,,,,,,,,,,,,,,,,,,,,,,,,,,,,,,,,,,,,,,,,,,,,
70.0,K,4.0,6.0,L,-21.0,Punt,Return,,,,,,,2.0,,Hoban,0.0,K,,,,,,,,,,,,,,,,,,,,,,,,,,,,,,,,,,,,,,,,,,,,,,,,,,,,,,,,,,,,,,,,,,,,,,,,,,,,,,,,,,,
71.0,D,1.0,10.0,R,-36.0,Pass,Complete,IOWA BLACK,,R,,,,2.0,10.0,Hoban,10.0,D,,,,,,,,,,,,,,,,,,,,,,,,,,,,,,,,,,,,,,,,,,,,,,,,,,,,,,,,,,,,,,,,,,,,,,,,,,,,,,,,,,,
72.0,D,1.0,10.0,R,-46.0,Pass,Complete,FLA. BLUE,,L,,,,2.0,-8.0,Hoban,-8.0,D,,,,,,,,,,,,,,,,,,,,,,,,,,,,,,,,,,,,,,,,,,,,,,,,,,,,,,,,,,,,,,,,,,,,,,,,,,,,,,,,,,,
73.0,D,2.0,18.0,L,-38.0,Pass,Interception,IOWA BLACK,,R,,,,2.0,,Hoban,0.0,D,,,,,,,,,,,,,,,,,,,,,,,,,,,,,,,,,,,,,,,,,,,,,,,,,,,,,,,,,,,,,,,,,,,,,,,,,,,,,,,,,,,
74.0,O,1.0,10.0,M,-22.0,Run,Rush,Twins Split,,R,,,,2.0,1.0,Hoban,1.0,O,,,,,,,,,,,,,,,,,,,,,,,,,,,,,,,,,,,,,,,,,,,,,,,,,,,,,,,,,,,,,,,,,,,,,,,,,,,,,,,,,,,
75.0,O,2.0,9.0,R,-23.0,Pass,Incomplete,IOWA BLACK,,L,,,,2.0,0.0,Hoban,0.0,O,,,,,,,,,,,,,,,,,,,,,,,,,,,,,,,,,,,,,,,,,,,,,,,,,,,,,,,,,,,,,,,,,,,,,,,,,,,,,,,,,,,
76.0,O,3.0,9.0,R,-23.0,Pass,Incomplete,WISCONSIN RED,,L,,,,2.0,0.0,Hoban,0.0,O,,,,,,,,,,,,,,,,,,,,,,,,,,,,,,,,,,,,,,,,,,,,,,,,,,,,,,,,,,,,,,,,,,,,,,,,,,,,,,,,,,,
77.0,K,4.0,9.0,R,-23.0,Punt,Return,,,,,,,2.0,,Hoban,0.0,K,,,,,,,,,,,,,,,,,,,,,,,,,,,,,,,,,,,,,,,,,,,,,,,,,,,,,,,,,,,,,,,,,,,,,,,,,,,,,,,,,,,
78.0,D,1.0,10.0,R,28.0,Run,Rush,IOWA BLACK,,L,,,,2.0,24.0,Hoban,24.0,D,,,,,,,,,,,,,,,,,,,,,,,,,,,,,,,,,,,,,,,,,,,,,,,,,,,,,,,,,,,,,,,,,,,,,,,,,,,,,,,,,,,
79.0,D,1.0,4.0,L,4.0,,Timeout,IOWA BLACK,,,,,,2.0,0.0,Hoban,0.0,D,,,,,,,,,,,,,,,,,,,,,,,,,,,,,,,,,,,,,,,,,,,,,,,,,,,,,,,,,,,,,,,,,,,,,,,,,,,,,,,,,,,
80.0,D,1.0,4.0,L,4.0,Run,"Rush, TD",IOWA BLACK,,R,,,,2.0,4.0,Hoban,4.0,D,,,,,,,,,,,,,,,,,,,,,,,,,,,,,,,,,,,,,,,,,,,,,,,,,,,,,,,,,,,,,,,,,,,,,,,,,,,,,,,,,,,
81.0,K,,,M,3.0,Extra Pt. Block,Good,,,,,,,2.0,,Hoban,0.0,K,,,,,,,,,,,,,,,,,,,,,,,,,,,,,,,,,,,,,,,,,,,,,,,,,,,,,,,,,,,,,,,,,,,,,,,,,,,,,,,,,,,
82.0,K,,,M,-40.0,KO Rec,Touchback,,,,,,,2.0,,Hoban,0.0,K,,,,,,,,,,,,,,,,,,,,,,,,,,,,,,,,,,,,,,,,,,,,,,,,,,,,,,,,,,,,,,,,,,,,,,,,,,,,,,,,,,,
83.0,O,1.0,10.0,M,-20.0,,Timeout,Twins Split,,,,,,2.0,0.0,Hoban,0.0,O,,,,,,,,,,,,,,,,,,,,,,,,,,,,,,,,,,,,,,,,,,,,,,,,,,,,,,,,,,,,,,,,,,,,,,,,,,,,,,,,,,,
84.0,O,1.0,10.0,M,-20.0,Run,Rush,Wyoming brown,,L,,,,2.0,6.0,Hoban,6.0,O,,,,,,,,,,,,,,,,,,,,,,,,,,,,,,,,,,,,,,,,,,,,,,,,,,,,,,,,,,,,,,,,,,,,,,,,,,,,,,,,,,,
85.0,O,2.0,4.0,M,-26.0,Run,Rush,Twins Split,,R,,,,2.0,1.0,Hoban,1.0,O,,,,,,,,,,,,,,,,,,,,,,,,,,,,,,,,,,,,,,,,,,,,,,,,,,,,,,,,,,,,,,,,,,,,,,,,,,,,,,,,,,,
86.0,O,3.0,3.0,M,-27.0,Pass,Incomplete,Twins Split,,R,,,,2.0,0.0,Hoban,0.0,O,,,,,,,,,,,,,,,,,,,,,,,,,,,,,,,,,,,,,,,,,,,,,,,,,,,,,,,,,,,,,,,,,,,,,,,,,,,,,,,,,,,
87.0,K,4.0,3.0,M,-27.0,Punt,Downed,,,,,,,2.0,,Hoban,0.0,K,,,,,,,,,,,,,,,,,,,,,,,,,,,,,,,,,,,,,,,,,,,,,,,,,,,,,,,,,,,,,,,,,,,,,,,,,,,,,,,,,,,
88.0,D,1.0,10.0,M,40.0,Pass,Complete,UTAH RED,,R,,,,2.0,5.0,Hoban,5.0,D,,,,,,,,,,,,,,,,,,,,,,,,,,,,,,,,,,,,,,,,,,,,,,,,,,,,,,,,,,,,,,,,,,,,,,,,,,,,,,,,,,,
89.0,D,2.0,5.0,R,35.0,Run,Rush,IOWA BLACK,,R,,,,2.0,14.0,Hoban,14.0,D,,,,,,,,,,,,,,,,,,,,,,,,,,,,,,,,,,,,,,,,,,,,,,,,,,,,,,,,,,,,,,,,,,,,,,,,,,,,,,,,,,,
90.0,K,1.0,10.0,R,21.0,FG Block,Good,,,,,,,2.0,,Hoban,0.0,K,,,,,,,,,,,,,,,,,,,,,,,,,,,,,,,,,,,,,,,,,,,,,,,,,,,,,,,,,,,,,,,,,,,,,,,,,,,,,,,,,,,
91.0,K,,,M,-40.0,KO Rec,Return,,,,,,,3.0,,Hoban,0.0,K,,,,,,,,,,,,,,,,,,,,,,,,,,,,,,,,,,,,,,,,,,,,,,,,,,,,,,,,,,,,,,,,,,,,,,,,,,,,,,,,,,,
92.0,O,1.0,10.0,L,-11.0,Run,Rush,Twins Split,,R,,,,3.0,1.0,Hoban,1.0,O,,,,,,,,,,,,,,,,,,,,,,,,,,,,,,,,,,,,,,,,,,,,,,,,,,,,,,,,,,,,,,,,,,,,,,,,,,,,,,,,,,,
93.0,O,2.0,9.0,L,-12.0,Run,Rush,Wyoming brown,,L,,,,3.0,1.0,Hoban,1.0,O,,,,,,,,,,,,,,,,,,,,,,,,,,,,,,,,,,,,,,,,,,,,,,,,,,,,,,,,,,,,,,,,,,,,,,,,,,,,,,,,,,,
94.0,O,3.0,8.0,L,-13.0,Run,Rush,Wyoming brown,,R,,,,3.0,0.0,Hoban,0.0,O,,,,,,,,,,,,,,,,,,,,,,,,,,,,,,,,,,,,,,,,,,,,,,,,,,,,,,,,,,,,,,,,,,,,,,,,,,,,,,,,,,,
95.0,K,4.0,8.0,L,-13.0,Punt,Return,,,,,,,3.0,,Hoban,0.0,K,,,,,,,,,,,,,,,,,,,,,,,,,,,,,,,,,,,,,,,,,,,,,,,,,,,,,,,,,,,,,,,,,,,,,,,,,,,,,,,,,,,
96.0,D,1.0,10.0,L,29.0,Run,Penalty,IOWA BLACK,,L,,,,3.0,-5.0,Hoban,-5.0,D,,,,,,,,,,,,,,,,,,,,,,,,,,,,,,,,,,,,,,,,,,,,,,,,,,,,,,,,,,,,,,,,,,,,,,,,,,,,,,,,,,,
97.0,D,1.0,15.0,R,34.0,Run,Rush,Wyoming brown,,R,,,,3.0,3.0,Hoban,3.0,D,,,,,,,,,,,,,,,,,,,,,,,,,,,,,,,,,,,,,,,,,,,,,,,,,,,,,,,,,,,,,,,,,,,,,,,,,,,,,,,,,,,
98.0,D,2.0,12.0,R,31.0,Run,Rush,UTAH RED,,R,,,,3.0,1.0,Hoban,1.0,D,,,,,,,,,,,,,,,,,,,,,,,,,,,,,,,,,,,,,,,,,,,,,,,,,,,,,,,,,,,,,,,,,,,,,,,,,,,,,,,,,,,
99.0,D,3.0,11.0,R,30.0,Run,Fumble,FLA. BLUE,,L,,,,3.0,,Hoban,0.0,D,,,,,,,,,,,,,,,,,,,,,,,,,,,,,,,,,,,,,,,,,,,,,,,,,,,,,,,,,,,,,,,,,,,,,,,,,,,,,,,,,,,
100.0,O,1.0,10.0,M,-7.0,Run,Rush,WISCONSIN RED,,L,,,,3.0,2.0,Hoban,2.0,O,,,,,,,,,,,,,,,,,,,,,,,,,,,,,,,,,,,,,,,,,,,,,,,,,,,,,,,,,,,,,,,,,,,,,,,,,,,,,,,,,,,
101.0,O,2.0,8.0,M,-9.0,Run,Rush,WISCONSIN RED,,R,,,,3.0,1.0,Hoban,1.0,O,,,,,,,,,,,,,,,,,,,,,,,,,,,,,,,,,,,,,,,,,,,,,,,,,,,,,,,,,,,,,,,,,,,,,,,,,,,,,,,,,,,
102.0,O,3.0,7.0,M,-10.0,,Penalty,,,,,,,3.0,-5.0,Hoban,-5.0,O,,,,,,,,,,,,,,,,,,,,,,,,,,,,,,,,,,,,,,,,,,,,,,,,,,,,,,,,,,,,,,,,,,,,,,,,,,,,,,,,,,,
103.0,O,3.0,12.0,M,-5.0,Run,Rush,Twins Split,,L,,,,3.0,6.0,Hoban,6.0,O,,,,,,,,,,,,,,,,,,,,,,,,,,,,,,,,,,,,,,,,,,,,,,,,,,,,,,,,,,,,,,,,,,,,,,,,,,,,,,,,,,,
104.0,K,4.0,6.0,L,-11.0,Punt,Downed,WISCONSIN RED,,,,,,3.0,,Hoban,0.0,K,,,,,,,,,,,,,,,,,,,,,,,,,,,,,,,,,,,,,,,,,,,,,,,,,,,,,,,,,,,,,,,,,,,,,,,,,,,,,,,,,,,
105.0,D,1.0,10.0,L,42.0,Run,Rush,Twins Split,,R,,,,3.0,0.0,Hoban,0.0,D,,,,,,,,,,,,,,,,,,,,,,,,,,,,,,,,,,,,,,,,,,,,,,,,,,,,,,,,,,,,,,,,,,,,,,,,,,,,,,,,,,,
106.0,D,2.0,10.0,M,42.0,Run,Rush,,,R,,,,3.0,1.0,Hoban,1.0,D,,,,,,,,,,,,,,,,,,,,,,,,,,,,,,,,,,,,,,,,,,,,,,,,,,,,,,,,,,,,,,,,,,,,,,,,,,,,,,,,,,,
107.0,D,3.0,9.0,M,41.0,Run,Rush,,,R,,,,3.0,12.0,Hoban,12.0,D,,,,,,,,,,,,,,,,,,,,,,,,,,,,,,,,,,,,,,,,,,,,,,,,,,,,,,,,,,,,,,,,,,,,,,,,,,,,,,,,,,,
108.0,D,1.0,10.0,R,29.0,Run,Rush,Twins Split,,L,,,,4.0,5.0,Hoban,5.0,D,,,,,,,,,,,,,,,,,,,,,,,,,,,,,,,,,,,,,,,,,,,,,,,,,,,,,,,,,,,,,,,,,,,,,,,,,,,,,,,,,,,
109.0,D,2.0,5.0,L,24.0,Run,Rush,WISCONSIN RED,,L,,,,4.0,2.0,Hoban,2.0,D,,,,,,,,,,,,,,,,,,,,,,,,,,,,,,,,,,,,,,,,,,,,,,,,,,,,,,,,,,,,,,,,,,,,,,,,,,,,,,,,,,,
110.0,D,3.0,3.0,L,22.0,Run,Penalty,Twins Split,,R,,,,4.0,11.0,Hoban,11.0,D,,,,,,,,,,,,,,,,,,,,,,,,,,,,,,,,,,,,,,,,,,,,,,,,,,,,,,,,,,,,,,,,,,,,,,,,,,,,,,,,,,,
111.0,D,1.0,10.0,M,11.0,Run,"Rush, TD",OREGON GREEN,,R,,,,4.0,11.0,Hoban,11.0,D,,,,,,,,,,,,,,,,,,,,,,,,,,,,,,,,,,,,,,,,,,,,,,,,,,,,,,,,,,,,,,,,,,,,,,,,,,,,,,,,,,,
112.0,K,,,M,3.0,Extra Pt. Block,Good,,,,,,,4.0,,Hoban,0.0,K,,,,,,,,,,,,,,,,,,,,,,,,,,,,,,,,,,,,,,,,,,,,,,,,,,,,,,,,,,,,,,,,,,,,,,,,,,,,,,,,,,,
113.0,K,,,M,-40.0,KO Rec,Return,TEXAS BROWN,,,,,,4.0,,Hoban,0.0,K,,,,,,,,,,,,,,,,,,,,,,,,,,,,,,,,,,,,,,,,,,,,,,,,,,,,,,,,,,,,,,,,,,,,,,,,,,,,,,,,,,,
114.0,O,1.0,10.0,R,-32.0,Run,Rush,FLA. BLUE,,L,,,,4.0,29.0,Hoban,29.0,O,,,,,,,,,,,,,,,,,,,,,,,,,,,,,,,,,,,,,,,,,,,,,,,,,,,,,,,,,,,,,,,,,,,,,,,,,,,,,,,,,,,
115.0,O,1.0,10.0,L,39.0,Run,Rush,Twins Split,,L,,,,4.0,0.0,Hoban,0.0,O,,,,,,,,,,,,,,,,,,,,,,,,,,,,,,,,,,,,,,,,,,,,,,,,,,,,,,,,,,,,,,,,,,,,,,,,,,,,,,,,,,,
116.0,O,2.0,10.0,L,39.0,Run,Rush,Wyoming brown,,L,,,,4.0,6.0,Hoban,6.0,O,,,,,,,,,,,,,,,,,,,,,,,,,,,,,,,,,,,,,,,,,,,,,,,,,,,,,,,,,,,,,,,,,,,,,,,,,,,,,,,,,,,
117.0,O,3.0,4.0,L,33.0,Run,Rush,Twins Split,,R,,,,4.0,7.0,Hoban,7.0,O,,,,,,,,,,,,,,,,,,,,,,,,,,,,,,,,,,,,,,,,,,,,,,,,,,,,,,,,,,,,,,,,,,,,,,,,,,,,,,,,,,,
118.0,O,1.0,10.0,M,26.0,Run,Rush,Twins Split,,R,,,,4.0,5.0,Hoban,5.0,O,,,,,,,,,,,,,,,,,,,,,,,,,,,,,,,,,,,,,,,,,,,,,,,,,,,,,,,,,,,,,,,,,,,,,,,,,,,,,,,,,,,
119.0,O,2.0,5.0,R,21.0,Run,Rush,Twins Split,,L,,,,4.0,17.0,Hoban,17.0,O,,,,,,,,,,,,,,,,,,,,,,,,,,,,,,,,,,,,,,,,,,,,,,,,,,,,,,,,,,,,,,,,,,,,,,,,,,,,,,,,,,,
120.0,O,1.0,4.0,L,4.0,Run,Rush,Wyoming brown,,L,,,,4.0,-2.0,Hoban,-2.0,O,,,,,,,,,,,,,,,,,,,,,,,,,,,,,,,,,,,,,,,,,,,,,,,,,,,,,,,,,,,,,,,,,,,,,,,,,,,,,,,,,,,
121.0,O,2.0,6.0,L,6.0,Run,Rush,WISCONSIN RED,,L,,,,4.0,-4.0,Hoban,-4.0,O,,,,,,,,,,,,,,,,,,,,,,,,,,,,,,,,,,,,,,,,,,,,,,,,,,,,,,,,,,,,,,,,,,,,,,,,,,,,,,,,,,,
122.0,O,3.0,10.0,L,10.0,Run,"Rush, TD",WISCONSIN RED,,L,,,,4.0,10.0,Hoban,10.0,O,,,,,,,,,,,,,,,,,,,,,,,,,,,,,,,,,,,,,,,,,,,,,,,,,,,,,,,,,,,,,,,,,,,,,,,,,,,,,,,,,,,
123.0,K,,,M,3.0,Extra Pt.,Good,,,,,,,4.0,,Hoban,0.0,K,,,,,,,,,,,,,,,,,,,,,,,,,,,,,,,,,,,,,,,,,,,,,,,,,,,,,,,,,,,,,,,,,,,,,,,,,,,,,,,,,,,
124.0,K,,,M,-40.0,KO,Return,,,,,,,4.0,,Hoban,0.0,K,,,,,,,,,,,,,,,,,,,,,,,,,,,,,,,,,,,,,,,,,,,,,,,,,,,,,,,,,,,,,,,,,,,,,,,,,,,,,,,,,,,
125.0,D,1.0,10.0,M,-39.0,Run,Rush,,,R,,,,4.0,-1.0,Hoban,-1.0,D,,,,,,,,,,,,,,,,,,,,,,,,,,,,,,,,,,,,,,,,,,,,,,,,,,,,,,,,,,,,,,,,,,,,,,,,,,,,,,,,,,,
1.0,S,,,,,,,,,,,,,1.0,,Euclid,0.0,S,,,,,,,,,,,,,,,,,,,,,,,,,,,,,,,,,,,,,,,,,,,,,,,,,,,,,,,,,,,,,,,,,,,,,,,,,,,,,,,,,,,
2.0,K,,,M,-40.0,KO,Return,,,,,,,1.0,,Euclid,0.0,K,,,,,,,,,,,,,,,,,,,,,,,,,,,,,,,,,,,,,,,,,,,,,,,,,,,,,,,,,,,,,,,,,,,,,,,,,,,,,,,,,,,
3.0,D,1.0,10.0,L,-40.0,Run,Rush,,,R,,,,1.0,4.0,Euclid,4.0,D,,,,,,,,,,,,,,,,,,,,,,,,,,,,,,,,,,,,,,,,,,,,,,,,,,,,,,,,,,,,,,,,,,,,,,,,,,,,,,,,,,,
4.0,D,2.0,6.0,M,-44.0,Pass,Complete,Twins Split,,R,,,,1.0,19.0,Euclid,19.0,D,,,,,,,,,,,,,,,,,,,,,,,,,,,,,,,,,,,,,,,,,,,,,,,,,,,,,,,,,,,,,,,,,,,,,,,,,,,,,,,,,,,
5.0,D,1.0,10.0,R,37.0,Pass,Incomplete,OREGON GREEN,,R,,,,1.0,0.0,Euclid,0.0,D,,,,,,,,,,,,,,,,,,,,,,,,,,,,,,,,,,,,,,,,,,,,,,,,,,,,,,,,,,,,,,,,,,,,,,,,,,,,,,,,,,,
6.0,D,2.0,10.0,R,37.0,Run,Rush,,,L,,,,1.0,15.0,Euclid,15.0,D,,,,,,,,,,,,,,,,,,,,,,,,,,,,,,,,,,,,,,,,,,,,,,,,,,,,,,,,,,,,,,,,,,,,,,,,,,,,,,,,,,,
7.0,D,1.0,10.0,R,22.0,Pass,Penalty,Wyoming brown,,L,,,,1.0,-5.0,Euclid,-5.0,D,,,,,,,,,,,,,,,,,,,,,,,,,,,,,,,,,,,,,,,,,,,,,,,,,,,,,,,,,,,,,,,,,,,,,,,,,,,,,,,,,,,
8.0,D,1.0,15.0,R,27.0,Run,Rush,,,L,,,,1.0,-2.0,Euclid,-2.0,D,,,,,,,,,,,,,,,,,,,,,,,,,,,,,,,,,,,,,,,,,,,,,,,,,,,,,,,,,,,,,,,,,,,,,,,,,,,,,,,,,,,
9.0,D,2.0,17.0,L,29.0,,Timeout,DBL Slot,,,,,,1.0,0.0,Euclid,0.0,D,,,,,,,,,,,,,,,,,,,,,,,,,,,,,,,,,,,,,,,,,,,,,,,,,,,,,,,,,,,,,,,,,,,,,,,,,,,,,,,,,,,
10.0,D,2.0,17.0,L,29.0,Pass,Complete,FLA. BLUE,,L,,,,1.0,12.0,Euclid,12.0,D,,,,,,,,,,,,,,,,,,,,,,,,,,,,,,,,,,,,,,,,,,,,,,,,,,,,,,,,,,,,,,,,,,,,,,,,,,,,,,,,,,,
11.0,D,3.0,5.0,L,17.0,Run,Rush,Twins Split,,L,,,,1.0,1.0,Euclid,1.0,D,,,,,,,,,,,,,,,,,,,,,,,,,,,,,,,,,,,,,,,,,,,,,,,,,,,,,,,,,,,,,,,,,,,,,,,,,,,,,,,,,,,
12.0,S,,,,,,,,,,,,,1.0,,Euclid,0.0,S,,,,,,,,,,,,,,,,,,,,,,,,,,,,,,,,,,,,,,,,,,,,,,,,,,,,,,,,,,,,,,,,,,,,,,,,,,,,,,,,,,,
13.0,D,4.0,4.0,L,16.0,Run,Rush,Wyoming brown,,L,,,,1.0,14.0,Euclid,14.0,D,,,,,,,,,,,,,,,,,,,,,,,,,,,,,,,,,,,,,,,,,,,,,,,,,,,,,,,,,,,,,,,,,,,,,,,,,,,,,,,,,,,
14.0,D,1.0,2.0,L,2.0,Run,"Rush, TD",DBL TE Fl,,R,,,,1.0,2.0,Euclid,2.0,D,,,,,,,,,,,,,,,,,,,,,,,,,,,,,,,,,,,,,,,,,,,,,,,,,,,,,,,,,,,,,,,,,,,,,,,,,,,,,,,,,,,
15.0,K,,,M,3.0,Extra Pt. Block,Good,DBL TE,,,,,,1.0,,Euclid,0.0,K,,,,,,,,,,,,,,,,,,,,,,,,,,,,,,,,,,,,,,,,,,,,,,,,,,,,,,,,,,,,,,,,,,,,,,,,,,,,,,,,,,,
16.0,K,,,R,-40.0,KO Rec,Return,,,,,,,1.0,,Euclid,0.0,K,,,,,,,,,,,,,,,,,,,,,,,,,,,,,,,,,,,,,,,,,,,,,,,,,,,,,,,,,,,,,,,,,,,,,,,,,,,,,,,,,,,
17.0,O,1.0,10.0,L,-37.0,Run,Rush,Wyoming brown,,L,,,,1.0,6.0,Euclid,6.0,O,,,,,,,,,,,,,,,,,,,,,,,,,,,,,,,,,,,,,,,,,,,,,,,,,,,,,,,,,,,,,,,,,,,,,,,,,,,,,,,,,,,
18.0,O,2.0,4.0,L,-43.0,Run,Rush,Wyoming brown,,R,,,,1.0,0.0,Euclid,0.0,O,,,,,,,,,,,,,,,,,,,,,,,,,,,,,,,,,,,,,,,,,,,,,,,,,,,,,,,,,,,,,,,,,,,,,,,,,,,,,,,,,,,
19.0,O,3.0,4.0,R,-43.0,Run,Rush,Wyoming brown,,L,,,,1.0,11.0,Euclid,11.0,O,,,,,,,,,,,,,,,,,,,,,,,,,,,,,,,,,,,,,,,,,,,,,,,,,,,,,,,,,,,,,,,,,,,,,,,,,,,,,,,,,,,
20.0,O,1.0,10.0,L,46.0,Run,Rush,Wyoming brown,,R,,,,1.0,10.0,Euclid,10.0,O,,,,,,,,,,,,,,,,,,,,,,,,,,,,,,,,,,,,,,,,,,,,,,,,,,,,,,,,,,,,,,,,,,,,,,,,,,,,,,,,,,,
21.0,O,1.0,10.0,M,36.0,Run,Rush,Wyoming brown,,R,,,,1.0,1.0,Euclid,1.0,O,,,,,,,,,,,,,,,,,,,,,,,,,,,,,,,,,,,,,,,,,,,,,,,,,,,,,,,,,,,,,,,,,,,,,,,,,,,,,,,,,,,
22.0,O,2.0,9.0,M,35.0,Run,Rush,Wyoming brown,,R,,,,1.0,2.0,Euclid,2.0,O,,,,,,,,,,,,,,,,,,,,,,,,,,,,,,,,,,,,,,,,,,,,,,,,,,,,,,,,,,,,,,,,,,,,,,,,,,,,,,,,,,,
23.0,S,,,,,,,,,,,,,1.0,,Euclid,0.0,S,,,,,,,,,,,,,,,,,,,,,,,,,,,,,,,,,,,,,,,,,,,,,,,,,,,,,,,,,,,,,,,,,,,,,,,,,,,,,,,,,,,
24.0,O,3.0,7.0,R,33.0,Pass,Complete,Wyoming brown,,L,,,,1.0,13.0,Euclid,13.0,O,,,,,,,,,,,,,,,,,,,,,,,,,,,,,,,,,,,,,,,,,,,,,,,,,,,,,,,,,,,,,,,,,,,,,,,,,,,,,,,,,,,
25.0,O,1.0,10.0,L,20.0,Run,Rush,WISCONSIN RED,,R,,,,1.0,3.0,Euclid,3.0,O,,,,,,,,,,,,,,,,,,,,,,,,,,,,,,,,,,,,,,,,,,,,,,,,,,,,,,,,,,,,,,,,,,,,,,,,,,,,,,,,,,,
26.0,O,2.0,7.0,R,17.0,Run,Rush,Wyoming brown,,L,,,,1.0,3.0,Euclid,3.0,O,,,,,,,,,,,,,,,,,,,,,,,,,,,,,,,,,,,,,,,,,,,,,,,,,,,,,,,,,,,,,,,,,,,,,,,,,,,,,,,,,,,
27.0,O,3.0,4.0,M,14.0,Pass,Sack,WISCONSIN RED,,L,,,,1.0,-5.0,Euclid,-5.0,O,,,,,,,,,,,,,,,,,,,,,,,,,,,,,,,,,,,,,,,,,,,,,,,,,,,,,,,,,,,,,,,,,,,,,,,,,,,,,,,,,,,
28.0,O,4.0,9.0,M,19.0,Pass,Sack,IOWA BLACK,,R,,,,1.0,-5.0,Euclid,-5.0,O,,,,,,,,,,,,,,,,,,,,,,,,,,,,,,,,,,,,,,,,,,,,,,,,,,,,,,,,,,,,,,,,,,,,,,,,,,,,,,,,,,,
29.0,D,1.0,10.0,L,-24.0,Pass,Incomplete,,,R,,,,1.0,0.0,Euclid,0.0,D,,,,,,,,,,,,,,,,,,,,,,,,,,,,,,,,,,,,,,,,,,,,,,,,,,,,,,,,,,,,,,,,,,,,,,,,,,,,,,,,,,,
30.0,D,2.0,10.0,L,-24.0,Run,Rush,FLA. BLUE TIGHT,,R,,,,1.0,2.0,Euclid,2.0,D,,,,,,,,,,,,,,,,,,,,,,,,,,,,,,,,,,,,,,,,,,,,,,,,,,,,,,,,,,,,,,,,,,,,,,,,,,,,,,,,,,,
31.0,D,3.0,8.0,M,-26.0,Pass,Sack,OREGON GREEN,,R,,,,1.0,14.0,Euclid,14.0,D,,,,,,,,,,,,,,,,,,,,,,,,,,,,,,,,,,,,,,,,,,,,,,,,,,,,,,,,,,,,,,,,,,,,,,,,,,,,,,,,,,,
32.0,D,1.0,10.0,R,-40.0,Pass,Sack,Wyoming brown,,L,,,,1.0,-7.0,Euclid,-7.0,D,,,,,,,,,,,,,,,,,,,,,,,,,,,,,,,,,,,,,,,,,,,,,,,,,,,,,,,,,,,,,,,,,,,,,,,,,,,,,,,,,,,
33.0,D,2.0,17.0,M,-33.0,Pass,Scramble,Wyoming brown,,L,,,,1.0,6.0,Euclid,6.0,D,,,,,,,,,,,,,,,,,,,,,,,,,,,,,,,,,,,,,,,,,,,,,,,,,,,,,,,,,,,,,,,,,,,,,,,,,,,,,,,,,,,
34.0,D,3.0,11.0,L,-39.0,Pass,Complete,FLA. BLUE,,R,,,,1.0,11.0,Euclid,11.0,D,,,,,,,,,,,,,,,,,,,,,,,,,,,,,,,,,,,,,,,,,,,,,,,,,,,,,,,,,,,,,,,,,,,,,,,,,,,,,,,,,,,
35.0,D,1.0,10.0,R,50.0,Run,Rush,OREGON GREEN,,L,,,,2.0,-6.0,Euclid,-6.0,D,,,,,,,,,,,,,,,,,,,,,,,,,,,,,,,,,,,,,,,,,,,,,,,,,,,,,,,,,,,,,,,,,,,,,,,,,,,,,,,,,,,
36.0,D,2.0,16.0,L,-44.0,Pass,Incomplete,,,R,,,,2.0,0.0,Euclid,0.0,D,,,,,,,,,,,,,,,,,,,,,,,,,,,,,,,,,,,,,,,,,,,,,,,,,,,,,,,,,,,,,,,,,,,,,,,,,,,,,,,,,,,
37.0,D,3.0,16.0,M,-44.0,Pass,Incomplete,FLA. BLUE,,R,,,,2.0,0.0,Euclid,0.0,D,,,,,,,,,,,,,,,,,,,,,,,,,,,,,,,,,,,,,,,,,,,,,,,,,,,,,,,,,,,,,,,,,,,,,,,,,,,,,,,,,,,
38.0,S,,,,,,,,,,,,,2.0,,Euclid,0.0,S,,,,,,,,,,,,,,,,,,,,,,,,,,,,,,,,,,,,,,,,,,,,,,,,,,,,,,,,,,,,,,,,,,,,,,,,,,,,,,,,,,,
39.0,K,4.0,16.0,M,-44.0,Punt Rec,Downed,,,,,,,2.0,,Euclid,0.0,K,,,,,,,,,,,,,,,,,,,,,,,,,,,,,,,,,,,,,,,,,,,,,,,,,,,,,,,,,,,,,,,,,,,,,,,,,,,,,,,,,,,
40.0,S,,,,,,,,,,,,,2.0,,Euclid,0.0,S,,,,,,,,,,,,,,,,,,,,,,,,,,,,,,,,,,,,,,,,,,,,,,,,,,,,,,,,,,,,,,,,,,,,,,,,,,,,,,,,,,,
41.0,O,1.0,10.0,M,-22.0,Pass,Complete,Wyoming brown,,L,,,,2.0,6.0,Euclid,6.0,O,,,,,,,,,,,,,,,,,,,,,,,,,,,,,,,,,,,,,,,,,,,,,,,,,,,,,,,,,,,,,,,,,,,,,,,,,,,,,,,,,,,
42.0,O,2.0,4.0,L,-28.0,Run,Rush,Wyoming brown,,L,,,,2.0,6.0,Euclid,6.0,O,,,,,,,,,,,,,,,,,,,,,,,,,,,,,,,,,,,,,,,,,,,,,,,,,,,,,,,,,,,,,,,,,,,,,,,,,,,,,,,,,,,
43.0,O,1.0,10.0,L,-34.0,Run,Rush,Wyoming brown,,R,,,,2.0,5.0,Euclid,5.0,O,,,,,,,,,,,,,,,,,,,,,,,,,,,,,,,,,,,,,,,,,,,,,,,,,,,,,,,,,,,,,,,,,,,,,,,,,,,,,,,,,,,
44.0,O,2.0,5.0,M,-39.0,Run,Rush,Wyoming brown,,L,,,,2.0,5.0,Euclid,5.0,O,,,,,,,,,,,,,,,,,,,,,,,,,,,,,,,,,,,,,,,,,,,,,,,,,,,,,,,,,,,,,,,,,,,,,,,,,,,,,,,,,,,
45.0,O,1.0,10.0,L,-44.0,Run,Rush,Wyoming brown,,R,,,,2.0,0.0,Euclid,0.0,O,,,,,,,,,,,,,,,,,,,,,,,,,,,,,,,,,,,,,,,,,,,,,,,,,,,,,,,,,,,,,,,,,,,,,,,,,,,,,,,,,,,
46.0,O,2.0,10.0,M,-44.0,Run,Rush,Wyoming brown,,L,,,,2.0,13.0,Euclid,13.0,O,,,,,,,,,,,,,,,,,,,,,,,,,,,,,,,,,,,,,,,,,,,,,,,,,,,,,,,,,,,,,,,,,,,,,,,,,,,,,,,,,,,
47.0,O,1.0,10.0,M,43.0,Pass,Incomplete,Wyoming brown,,L,,,,2.0,0.0,Euclid,0.0,O,,,,,,,,,,,,,,,,,,,,,,,,,,,,,,,,,,,,,,,,,,,,,,,,,,,,,,,,,,,,,,,,,,,,,,,,,,,,,,,,,,,
48.0,O,2.0,10.0,L,43.0,,Timeout,,,,,,,2.0,0.0,Euclid,0.0,O,,,,,,,,,,,,,,,,,,,,,,,,,,,,,,,,,,,,,,,,,,,,,,,,,,,,,,,,,,,,,,,,,,,,,,,,,,,,,,,,,,,
49.0,O,2.0,10.0,L,43.0,Run,Rush,Wyoming brown,,R,,,,2.0,-4.0,Euclid,-4.0,O,,,,,,,,,,,,,,,,,,,,,,,,,,,,,,,,,,,,,,,,,,,,,,,,,,,,,,,,,,,,,,,,,,,,,,,,,,,,,,,,,,,
50.0,O,3.0,14.0,R,47.0,Run,Rush,Wyoming brown,,L,,,,2.0,12.0,Euclid,12.0,O,,,,,,,,,,,,,,,,,,,,,,,,,,,,,,,,,,,,,,,,,,,,,,,,,,,,,,,,,,,,,,,,,,,,,,,,,,,,,,,,,,,
51.0,O,4.0,2.0,L,35.0,,Penalty,,,,,,,2.0,-5.0,Euclid,-5.0,O,,,,,,,,,,,,,,,,,,,,,,,,,,,,,,,,,,,,,,,,,,,,,,,,,,,,,,,,,,,,,,,,,,,,,,,,,,,,,,,,,,,
52.0,O,4.0,10.0,L,40.0,Pass,Incomplete,IOWA BLACK,,L,,,,2.0,0.0,Euclid,0.0,O,,,,,,,,,,,,,,,,,,,,,,,,,,,,,,,,,,,,,,,,,,,,,,,,,,,,,,,,,,,,,,,,,,,,,,,,,,,,,,,,,,,
53.0,D,1.0,10.0,R,-40.0,Pass,Sack,Wyoming brown,,R,,,,2.0,-14.0,Euclid,-14.0,D,,,,,,,,,,,,,,,,,,,,,,,,,,,,,,,,,,,,,,,,,,,,,,,,,,,,,,,,,,,,,,,,,,,,,,,,,,,,,,,,,,,
54.0,D,2.0,24.0,R,-26.0,Run,Rush,FLA. BLUE TIGHT,,L,,,,2.0,5.0,Euclid,5.0,D,,,,,,,,,,,,,,,,,,,,,,,,,,,,,,,,,,,,,,,,,,,,,,,,,,,,,,,,,,,,,,,,,,,,,,,,,,,,,,,,,,,
55.0,D,3.0,19.0,L,-31.0,Run,Rush,WISCONSIN RED,,R,,,,2.0,10.0,Euclid,10.0,D,,,,,,,,,,,,,,,,,,,,,,,,,,,,,,,,,,,,,,,,,,,,,,,,,,,,,,,,,,,,,,,,,,,,,,,,,,,,,,,,,,,
56.0,K,4.0,9.0,M,-41.0,Punt Rec,Downed,,,,,,,2.0,,Euclid,0.0,K,,,,,,,,,,,,,,,,,,,,,,,,,,,,,,,,,,,,,,,,,,,,,,,,,,,,,,,,,,,,,,,,,,,,,,,,,,,,,,,,,,,
57.0,O,1.0,10.0,L,-4.0,Run,Rush,Wyoming brown,,R,,,,2.0,2.0,Euclid,2.0,O,,,,,,,,,,,,,,,,,,,,,,,,,,,,,,,,,,,,,,,,,,,,,,,,,,,,,,,,,,,,,,,,,,,,,,,,,,,,,,,,,,,
58.0,O,2.0,8.0,M,-6.0,Run,Rush,WISCONSIN RED,,R,,,,2.0,8.0,Euclid,8.0,O,,,,,,,,,,,,,,,,,,,,,,,,,,,,,,,,,,,,,,,,,,,,,,,,,,,,,,,,,,,,,,,,,,,,,,,,,,,,,,,,,,,
59.0,O,1.0,10.0,M,-14.0,Pass,Complete,Wyoming brown,,R,,,,2.0,12.0,Euclid,12.0,O,,,,,,,,,,,,,,,,,,,,,,,,,,,,,,,,,,,,,,,,,,,,,,,,,,,,,,,,,,,,,,,,,,,,,,,,,,,,,,,,,,,
60.0,O,1.0,10.0,R,-26.0,Pass,Incomplete,IOWA BLACK,,R,,,,2.0,0.0,Euclid,0.0,O,,,,,,,,,,,,,,,,,,,,,,,,,,,,,,,,,,,,,,,,,,,,,,,,,,,,,,,,,,,,,,,,,,,,,,,,,,,,,,,,,,,
61.0,O,2.0,10.0,R,-26.0,Run,Rush,FLA. BLUE,,L,,,,2.0,3.0,Euclid,3.0,O,,,,,,,,,,,,,,,,,,,,,,,,,,,,,,,,,,,,,,,,,,,,,,,,,,,,,,,,,,,,,,,,,,,,,,,,,,,,,,,,,,,
62.0,O,3.0,7.0,M,-29.0,Pass,Sack,FLA. BLUE,,L,,,,2.0,0.0,Euclid,0.0,O,,,,,,,,,,,,,,,,,,,,,,,,,,,,,,,,,,,,,,,,,,,,,,,,,,,,,,,,,,,,,,,,,,,,,,,,,,,,,,,,,,,
63.0,K,4.0,7.0,L,-29.0,Punt,Return,DBL Slot,,,,,,2.0,,Euclid,0.0,K,,,,,,,,,,,,,,,,,,,,,,,,,,,,,,,,,,,,,,,,,,,,,,,,,,,,,,,,,,,,,,,,,,,,,,,,,,,,,,,,,,,
64.0,D,1.0,10.0,R,43.0,Pass,Incomplete,FLA. BLUE TIGHT,,L,,,,2.0,0.0,Euclid,0.0,D,,,,,,,,,,,,,,,,,,,,,,,,,,,,,,,,,,,,,,,,,,,,,,,,,,,,,,,,,,,,,,,,,,,,,,,,,,,,,,,,,,,
65.0,D,2.0,10.0,R,43.0,Run,Rush,,,L,,,,2.0,1.0,Euclid,1.0,D,,,,,,,,,,,,,,,,,,,,,,,,,,,,,,,,,,,,,,,,,,,,,,,,,,,,,,,,,,,,,,,,,,,,,,,,,,,,,,,,,,,
66.0,D,3.0,9.0,L,42.0,Pass,Sack,FLA. BLUE,,R,,,,2.0,0.0,Euclid,0.0,D,,,,,,,,,,,,,,,,,,,,,,,,,,,,,,,,,,,,,,,,,,,,,,,,,,,,,,,,,,,,,,,,,,,,,,,,,,,,,,,,,,,
67.0,K,4.0,9.0,M,42.0,Punt Rec,Downed,,,,,,,2.0,,Euclid,0.0,K,,,,,,,,,,,,,,,,,,,,,,,,,,,,,,,,,,,,,,,,,,,,,,,,,,,,,,,,,,,,,,,,,,,,,,,,,,,,,,,,,,,
68.0,O,1.0,10.0,M,3.0,,Timeout,,,,,,,2.0,0.0,Euclid,0.0,O,,,,,,,,,,,,,,,,,,,,,,,,,,,,,,,,,,,,,,,,,,,,,,,,,,,,,,,,,,,,,,,,,,,,,,,,,,,,,,,,,,,
69.0,O,1.0,10.0,M,3.0,Run,Rush,Wyoming brown,,R,,,,2.0,-3.0,Euclid,-3.0,O,,,,,,,,,,,,,,,,,,,,,,,,,,,,,,,,,,,,,,,,,,,,,,,,,,,,,,,,,,,,,,,,,,,,,,,,,,,,,,,,,,,
70.0,S,,,,,,,,,,,,,2.0,,Euclid,0.0,S,,,,,,,,,,,,,,,,,,,,,,,,,,,,,,,,,,,,,,,,,,,,,,,,,,,,,,,,,,,,,,,,,,,,,,,,,,,,,,,,,,,
71.0,S,,,,,,,,,,,,,2.0,,Euclid,0.0,S,,,,,,,,,,,,,,,,,,,,,,,,,,,,,,,,,,,,,,,,,,,,,,,,,,,,,,,,,,,,,,,,,,,,,,,,,,,,,,,,,,,
72.0,S,,,,,,,,,,,,,2.0,,Euclid,0.0,S,,,,,,,,,,,,,,,,,,,,,,,,,,,,,,,,,,,,,,,,,,,,,,,,,,,,,,,,,,,,,,,,,,,,,,,,,,,,,,,,,,,
73.0,S,,,,,,,,,,,,,2.0,,Euclid,0.0,S,,,,,,,,,,,,,,,,,,,,,,,,,,,,,,,,,,,,,,,,,,,,,,,,,,,,,,,,,,,,,,,,,,,,,,,,,,,,,,,,,,,
74.0,S,,,,,,,,,,,,,2.0,,Euclid,0.0,S,,,,,,,,,,,,,,,,,,,,,,,,,,,,,,,,,,,,,,,,,,,,,,,,,,,,,,,,,,,,,,,,,,,,,,,,,,,,,,,,,,,
75.0,S,,,,,,,,,,,,,2.0,,Euclid,0.0,S,,,,,,,,,,,,,,,,,,,,,,,,,,,,,,,,,,,,,,,,,,,,,,,,,,,,,,,,,,,,,,,,,,,,,,,,,,,,,,,,,,,
76.0,S,,,,,,,,,,,,,2.0,,Euclid,0.0,S,,,,,,,,,,,,,,,,,,,,,,,,,,,,,,,,,,,,,,,,,,,,,,,,,,,,,,,,,,,,,,,,,,,,,,,,,,,,,,,,,,,
77.0,S,,,,,,,,,,,,,2.0,,Euclid,0.0,S,,,,,,,,,,,,,,,,,,,,,,,,,,,,,,,,,,,,,,,,,,,,,,,,,,,,,,,,,,,,,,,,,,,,,,,,,,,,,,,,,,,
78.0,S,,,,,,,,,,,,,2.0,,Euclid,0.0,S,,,,,,,,,,,,,,,,,,,,,,,,,,,,,,,,,,,,,,,,,,,,,,,,,,,,,,,,,,,,,,,,,,,,,,,,,,,,,,,,,,,
79.0,K,,,R,-40.0,KO Rec,Return,,,,,,,3.0,,Euclid,0.0,K,,,,,,,,,,,,,,,,,,,,,,,,,,,,,,,,,,,,,,,,,,,,,,,,,,,,,,,,,,,,,,,,,,,,,,,,,,,,,,,,,,,
80.0,O,1.0,10.0,R,-42.0,Pass,Incomplete,Wyoming brown,,R,,,,3.0,0.0,Euclid,0.0,O,,,,,,,,,,,,,,,,,,,,,,,,,,,,,,,,,,,,,,,,,,,,,,,,,,,,,,,,,,,,,,,,,,,,,,,,,,,,,,,,,,,
81.0,S,,,,,,,Twins Split,,,,,,3.0,,Euclid,0.0,S,,,,,,,,,,,,,,,,,,,,,,,,,,,,,,,,,,,,,,,,,,,,,,,,,,,,,,,,,,,,,,,,,,,,,,,,,,,,,,,,,,,
82.0,O,2.0,10.0,R,-42.0,Run,Rush,Twins Split,,R,,,,3.0,3.0,Euclid,3.0,O,,,,,,,,,,,,,,,,,,,,,,,,,,,,,,,,,,,,,,,,,,,,,,,,,,,,,,,,,,,,,,,,,,,,,,,,,,,,,,,,,,,
83.0,O,3.0,7.0,R,-45.0,Run,Rush,,,L,,,,3.0,-10.0,Euclid,-10.0,O,,,,,,,,,,,,,,,,,,,,,,,,,,,,,,,,,,,,,,,,,,,,,,,,,,,,,,,,,,,,,,,,,,,,,,,,,,,,,,,,,,,
84.0,K,4.0,17.0,M,-35.0,Punt,Downed,DBL Slot,,,,,,3.0,,Euclid,0.0,K,,,,,,,,,,,,,,,,,,,,,,,,,,,,,,,,,,,,,,,,,,,,,,,,,,,,,,,,,,,,,,,,,,,,,,,,,,,,,,,,,,,
85.0,D,1.0,10.0,L,-45.0,Run,Rush,,,L,,,,3.0,12.0,Euclid,12.0,D,,,,,,,,,,,,,,,,,,,,,,,,,,,,,,,,,,,,,,,,,,,,,,,,,,,,,,,,,,,,,,,,,,,,,,,,,,,,,,,,,,,
86.0,D,1.0,10.0,L,43.0,Run,Rush,,,L,,,,3.0,2.0,Euclid,2.0,D,,,,,,,,,,,,,,,,,,,,,,,,,,,,,,,,,,,,,,,,,,,,,,,,,,,,,,,,,,,,,,,,,,,,,,,,,,,,,,,,,,,
87.0,D,2.0,8.0,L,41.0,Pass,Complete,,,R,,,,3.0,6.0,Euclid,6.0,D,,,,,,,,,,,,,,,,,,,,,,,,,,,,,,,,,,,,,,,,,,,,,,,,,,,,,,,,,,,,,,,,,,,,,,,,,,,,,,,,,,,
88.0,D,3.0,2.0,R,35.0,Run,Rush,,,L,,,,3.0,0.0,Euclid,0.0,D,,,,,,,,,,,,,,,,,,,,,,,,,,,,,,,,,,,,,,,,,,,,,,,,,,,,,,,,,,,,,,,,,,,,,,,,,,,,,,,,,,,
89.0,D,4.0,2.0,M,35.0,Run,Rush,DBL TE Fl,,R,,,,3.0,1.0,Euclid,1.0,D,,,,,,,,,,,,,,,,,,,,,,,,,,,,,,,,,,,,,,,,,,,,,,,,,,,,,,,,,,,,,,,,,,,,,,,,,,,,,,,,,,,
90.0,O,1.0,10.0,L,-34.0,Run,Rush,WISCONSIN RED,,R,,,,3.0,1.0,Euclid,1.0,O,,,,,,,,,,,,,,,,,,,,,,,,,,,,,,,,,,,,,,,,,,,,,,,,,,,,,,,,,,,,,,,,,,,,,,,,,,,,,,,,,,,
91.0,O,2.0,9.0,M,-35.0,Pass,Incomplete,Wyoming brown,,L,,,,3.0,0.0,Euclid,0.0,O,,,,,,,,,,,,,,,,,,,,,,,,,,,,,,,,,,,,,,,,,,,,,,,,,,,,,,,,,,,,,,,,,,,,,,,,,,,,,,,,,,,
92.0,O,3.0,9.0,M,-35.0,Pass,Complete,IOWA BLACK,,R,,,,3.0,11.0,Euclid,11.0,O,,,,,,,,,,,,,,,,,,,,,,,,,,,,,,,,,,,,,,,,,,,,,,,,,,,,,,,,,,,,,,,,,,,,,,,,,,,,,,,,,,,
93.0,O,1.0,10.0,R,-46.0,Pass,Complete,Twins Split,,L,,,,3.0,7.0,Euclid,7.0,O,,,,,,,,,,,,,,,,,,,,,,,,,,,,,,,,,,,,,,,,,,,,,,,,,,,,,,,,,,,,,,,,,,,,,,,,,,,,,,,,,,,
94.0,O,2.0,3.0,L,47.0,Run,Rush,Wyoming brown,,L,,,,3.0,13.0,Euclid,13.0,O,,,,,,,,,,,,,,,,,,,,,,,,,,,,,,,,,,,,,,,,,,,,,,,,,,,,,,,,,,,,,,,,,,,,,,,,,,,,,,,,,,,
95.0,O,1.0,10.0,L,34.0,Pass,Complete,Wyoming brown,,R,,,,3.0,7.0,Euclid,7.0,O,,,,,,,,,,,,,,,,,,,,,,,,,,,,,,,,,,,,,,,,,,,,,,,,,,,,,,,,,,,,,,,,,,,,,,,,,,,,,,,,,,,
96.0,O,2.0,3.0,R,27.0,Run,Rush,Twins Split,,R,,,,3.0,-3.0,Euclid,-3.0,O,,,,,,,,,,,,,,,,,,,,,,,,,,,,,,,,,,,,,,,,,,,,,,,,,,,,,,,,,,,,,,,,,,,,,,,,,,,,,,,,,,,
97.0,O,3.0,6.0,R,30.0,Pass,Incomplete,Wyoming brown,,L,,,,3.0,0.0,Euclid,0.0,O,,,,,,,,,,,,,,,,,,,,,,,,,,,,,,,,,,,,,,,,,,,,,,,,,,,,,,,,,,,,,,,,,,,,,,,,,,,,,,,,,,,
98.0,S,,,,,,,,,,,,,3.0,,Euclid,0.0,S,,,,,,,,,,,,,,,,,,,,,,,,,,,,,,,,,,,,,,,,,,,,,,,,,,,,,,,,,,,,,,,,,,,,,,,,,,,,,,,,,,,
99.0,O,2.0,14.0,R,19.0,Pass,Complete,FLA. BLUE,,L,,,,3.0,-3.0,Euclid,-3.0,O,,,,,,,,,,,,,,,,,,,,,,,,,,,,,,,,,,,,,,,,,,,,,,,,,,,,,,,,,,,,,,,,,,,,,,,,,,,,,,,,,,,
100.0,O,3.0,17.0,L,22.0,Pass,Complete,FLA. BLUE,,R,,,,3.0,7.0,Euclid,7.0,O,,,,,,,,,,,,,,,,,,,,,,,,,,,,,,,,,,,,,,,,,,,,,,,,,,,,,,,,,,,,,,,,,,,,,,,,,,,,,,,,,,,
101.0,K,4.0,10.0,R,15.0,FG,No Good,,,,,,,3.0,,Euclid,0.0,K,,,,,,,,,,,,,,,,,,,,,,,,,,,,,,,,,,,,,,,,,,,,,,,,,,,,,,,,,,,,,,,,,,,,,,,,,,,,,,,,,,,
102.0,D,1.0,10.0,M,-20.0,Run,Rush,OREGON GREEN,,R,,,,3.0,-1.0,Euclid,-1.0,D,,,,,,,,,,,,,,,,,,,,,,,,,,,,,,,,,,,,,,,,,,,,,,,,,,,,,,,,,,,,,,,,,,,,,,,,,,,,,,,,,,,
103.0,D,2.0,11.0,R,-19.0,Pass,Incomplete,,,L,,,,3.0,0.0,Euclid,0.0,D,,,,,,,,,,,,,,,,,,,,,,,,,,,,,,,,,,,,,,,,,,,,,,,,,,,,,,,,,,,,,,,,,,,,,,,,,,,,,,,,,,,
104.0,D,3.0,11.0,M,-19.0,Pass,Complete,FLA. BLUE,,R,,,,3.0,10.0,Euclid,10.0,D,,,,,,,,,,,,,,,,,,,,,,,,,,,,,,,,,,,,,,,,,,,,,,,,,,,,,,,,,,,,,,,,,,,,,,,,,,,,,,,,,,,
105.0,K,4.0,1.0,R,-29.0,Punt Rec,Downed,,,,,,,3.0,,Euclid,0.0,K,,,,,,,,,,,,,,,,,,,,,,,,,,,,,,,,,,,,,,,,,,,,,,,,,,,,,,,,,,,,,,,,,,,,,,,,,,,,,,,,,,,
106.0,O,1.0,10.0,M,-27.0,Pass,Incomplete,Wyoming brown,,L,,,,3.0,0.0,Euclid,0.0,O,,,,,,,,,,,,,,,,,,,,,,,,,,,,,,,,,,,,,,,,,,,,,,,,,,,,,,,,,,,,,,,,,,,,,,,,,,,,,,,,,,,
107.0,O,2.0,10.0,M,-27.0,Run,Rush,Wyoming brown,,R,,,,3.0,6.0,Euclid,6.0,O,,,,,,,,,,,,,,,,,,,,,,,,,,,,,,,,,,,,,,,,,,,,,,,,,,,,,,,,,,,,,,,,,,,,,,,,,,,,,,,,,,,
108.0,S,,,,,,,,,,,,,3.0,,Euclid,0.0,S,,,,,,,,,,,,,,,,,,,,,,,,,,,,,,,,,,,,,,,,,,,,,,,,,,,,,,,,,,,,,,,,,,,,,,,,,,,,,,,,,,,
109.0,O,3.0,4.0,M,-33.0,Run,Rush,Wyoming brown,,R,,,,4.0,19.0,Euclid,19.0,O,,,,,,,,,,,,,,,,,,,,,,,,,,,,,,,,,,,,,,,,,,,,,,,,,,,,,,,,,,,,,,,,,,,,,,,,,,,,,,,,,,,
110.0,S,,,,,,,,,,,,,4.0,,Euclid,0.0,S,,,,,,,,,,,,,,,,,,,,,,,,,,,,,,,,,,,,,,,,,,,,,,,,,,,,,,,,,,,,,,,,,,,,,,,,,,,,,,,,,,,
111.0,O,1.0,10.0,R,48.0,,Timeout,,,,,,,4.0,0.0,Euclid,0.0,O,,,,,,,,,,,,,,,,,,,,,,,,,,,,,,,,,,,,,,,,,,,,,,,,,,,,,,,,,,,,,,,,,,,,,,,,,,,,,,,,,,,
112.0,O,2.0,10.0,R,48.0,Run,Rush,FLA. BLUE,,L,,,,4.0,-2.0,Euclid,-2.0,O,,,,,,,,,,,,,,,,,,,,,,,,,,,,,,,,,,,,,,,,,,,,,,,,,,,,,,,,,,,,,,,,,,,,,,,,,,,,,,,,,,,
113.0,O,3.0,12.0,R,50.0,Run,Rush,Wyoming brown,,L,,,,4.0,-4.0,Euclid,-4.0,O,,,,,,,,,,,,,,,,,,,,,,,,,,,,,,,,,,,,,,,,,,,,,,,,,,,,,,,,,,,,,,,,,,,,,,,,,,,,,,,,,,,
114.0,K,4.0,16.0,L,-46.0,Punt,Return,DBL Slot,,,,,,4.0,,Euclid,0.0,K,,,,,,,,,,,,,,,,,,,,,,,,,,,,,,,,,,,,,,,,,,,,,,,,,,,,,,,,,,,,,,,,,,,,,,,,,,,,,,,,,,,
115.0,D,1.0,10.0,R,-26.0,Run,Rush,WISCONSIN RED,,L,,,,4.0,10.0,Euclid,10.0,D,,,,,,,,,,,,,,,,,,,,,,,,,,,,,,,,,,,,,,,,,,,,,,,,,,,,,,,,,,,,,,,,,,,,,,,,,,,,,,,,,,,
116.0,D,1.0,10.0,M,-36.0,Run,Rush,,,R,,,,4.0,8.0,Euclid,8.0,D,,,,,,,,,,,,,,,,,,,,,,,,,,,,,,,,,,,,,,,,,,,,,,,,,,,,,,,,,,,,,,,,,,,,,,,,,,,,,,,,,,,
117.0,S,,,,,,,,,,,,,4.0,,Euclid,0.0,S,,,,,,,,,,,,,,,,,,,,,,,,,,,,,,,,,,,,,,,,,,,,,,,,,,,,,,,,,,,,,,,,,,,,,,,,,,,,,,,,,,,
118.0,D,2.0,2.0,R,-44.0,Run,Rush,,,R,,,,4.0,2.0,Euclid,2.0,D,,,,,,,,,,,,,,,,,,,,,,,,,,,,,,,,,,,,,,,,,,,,,,,,,,,,,,,,,,,,,,,,,,,,,,,,,,,,,,,,,,,
119.0,D,1.0,10.0,R,-46.0,Run,Penalty,WISCONSIN RED,,L,,,,4.0,-6.0,Euclid,-6.0,D,,,,,,,,,,,,,,,,,,,,,,,,,,,,,,,,,,,,,,,,,,,,,,,,,,,,,,,,,,,,,,,,,,,,,,,,,,,,,,,,,,,
120.0,D,1.0,16.0,L,-40.0,Run,Rush,OREGON GREEN,,R,,,,4.0,7.0,Euclid,7.0,D,,,,,,,,,,,,,,,,,,,,,,,,,,,,,,,,,,,,,,,,,,,,,,,,,,,,,,,,,,,,,,,,,,,,,,,,,,,,,,,,,,,
121.0,D,2.0,9.0,L,-47.0,Run,Penalty,,,R,,,,4.0,0.0,Euclid,0.0,D,,,,,,,,,,,,,,,,,,,,,,,,,,,,,,,,,,,,,,,,,,,,,,,,,,,,,,,,,,,,,,,,,,,,,,,,,,,,,,,,,,,
122.0,S,,,,,,,,,,,,,4.0,,Euclid,0.0,S,,,,,,,,,,,,,,,,,,,,,,,,,,,,,,,,,,,,,,,,,,,,,,,,,,,,,,,,,,,,,,,,,,,,,,,,,,,,,,,,,,,
123.0,D,2.0,9.0,M,-47.0,Run,Rush,FLA. BLUE,,R,,,,4.0,1.0,Euclid,1.0,D,,,,,,,,,,,,,,,,,,,,,,,,,,,,,,,,,,,,,,,,,,,,,,,,,,,,,,,,,,,,,,,,,,,,,,,,,,,,,,,,,,,
124.0,S,,,,,,,,,,,,,4.0,,Euclid,0.0,S,,,,,,,,,,,,,,,,,,,,,,,,,,,,,,,,,,,,,,,,,,,,,,,,,,,,,,,,,,,,,,,,,,,,,,,,,,,,,,,,,,,
125.0,D,3.0,8.0,L,-48.0,,Timeout,TEXAS BROWN,,,,,,4.0,0.0,Euclid,0.0,D,,,,,,,,,,,,,,,,,,,,,,,,,,,,,,,,,,,,,,,,,,,,,,,,,,,,,,,,,,,,,,,,,,,,,,,,,,,,,,,,,,,
126.0,D,3.0,8.0,L,-48.0,Pass,Complete,FLA. BLUE,,L,,,,4.0,41.0,Euclid,41.0,D,,,,,,,,,,,,,,,,,,,,,,,,,,,,,,,,,,,,,,,,,,,,,,,,,,,,,,,,,,,,,,,,,,,,,,,,,,,,,,,,,,,
127.0,D,1.0,10.0,L,11.0,Run,"Rush, TD",,,R,,,,4.0,11.0,Euclid,11.0,D,,,,,,,,,,,,,,,,,,,,,,,,,,,,,,,,,,,,,,,,,,,,,,,,,,,,,,,,,,,,,,,,,,,,,,,,,,,,,,,,,,,
128.0,K,,,M,3.0,Extra Pt. Block,Good,,,,,,,4.0,,Euclid,0.0,K,,,,,,,,,,,,,,,,,,,,,,,,,,,,,,,,,,,,,,,,,,,,,,,,,,,,,,,,,,,,,,,,,,,,,,,,,,,,,,,,,,,
129.0,K,,,R,-40.0,KO Rec,Return,,,,,,,4.0,,Euclid,0.0,K,,,,,,,,,,,,,,,,,,,,,,,,,,,,,,,,,,,,,,,,,,,,,,,,,,,,,,,,,,,,,,,,,,,,,,,,,,,,,,,,,,,
130.0,O,1.0,10.0,L,-10.0,Pass,Complete,FLA. BLUE,,R,,,,4.0,27.0,Euclid,27.0,O,,,,,,,,,,,,,,,,,,,,,,,,,,,,,,,,,,,,,,,,,,,,,,,,,,,,,,,,,,,,,,,,,,,,,,,,,,,,,,,,,,,
131.0,O,1.0,10.0,M,-37.0,Pass,Incomplete,FLA. BLUE,,R,,,,4.0,0.0,Euclid,0.0,O,,,,,,,,,,,,,,,,,,,,,,,,,,,,,,,,,,,,,,,,,,,,,,,,,,,,,,,,,,,,,,,,,,,,,,,,,,,,,,,,,,,
132.0,O,2.0,10.0,M,-37.0,Pass,Incomplete,IOWA BLACK,,L,,,,4.0,0.0,Euclid,0.0,O,,,,,,,,,,,,,,,,,,,,,,,,,,,,,,,,,,,,,,,,,,,,,,,,,,,,,,,,,,,,,,,,,,,,,,,,,,,,,,,,,,,
133.0,O,3.0,10.0,L,-37.0,Pass,Scramble,IOWA BLACK,,R,,,,4.0,8.0,Euclid,8.0,O,,,,,,,,,,,,,,,,,,,,,,,,,,,,,,,,,,,,,,,,,,,,,,,,,,,,,,,,,,,,,,,,,,,,,,,,,,,,,,,,,,,
134.0,O,4.0,2.0,R,-45.0,Pass,Scramble,FLA. BLUE,,R,,,,4.0,3.0,Euclid,3.0,O,,,,,,,,,,,,,,,,,,,,,,,,,,,,,,,,,,,,,,,,,,,,,,,,,,,,,,,,,,,,,,,,,,,,,,,,,,,,,,,,,,,
135.0,O,1.0,10.0,R,-48.0,Run,Rush,FLA. BLUE,,R,,,,4.0,4.0,Euclid,4.0,O,,,,,,,,,,,,,,,,,,,,,,,,,,,,,,,,,,,,,,,,,,,,,,,,,,,,,,,,,,,,,,,,,,,,,,,,,,,,,,,,,,,
136.0,O,2.0,6.0,R,48.0,Pass,Complete,IOWA BLACK,,R,,,,4.0,-2.0,Euclid,-2.0,O,,,,,,,,,,,,,,,,,,,,,,,,,,,,,,,,,,,,,,,,,,,,,,,,,,,,,,,,,,,,,,,,,,,,,,,,,,,,,,,,,,,
137.0,O,3.0,8.0,R,50.0,Pass,Incomplete,FLA. BLUE,,L,,,,4.0,0.0,Euclid,0.0,O,,,,,,,,,,,,,,,,,,,,,,,,,,,,,,,,,,,,,,,,,,,,,,,,,,,,,,,,,,,,,,,,,,,,,,,,,,,,,,,,,,,
138.0,O,4.0,8.0,R,50.0,Pass,Scramble,IOWA BLACK,,R,,,,4.0,28.0,Euclid,28.0,O,,,,,,,,,,,,,,,,,,,,,,,,,,,,,,,,,,,,,,,,,,,,,,,,,,,,,,,,,,,,,,,,,,,,,,,,,,,,,,,,,,,
139.0,O,1.0,10.0,R,22.0,Pass,Incomplete,IOWA BLACK,,R,,,,4.0,0.0,Euclid,0.0,O,,,,,,,,,,,,,,,,,,,,,,,,,,,,,,,,,,,,,,,,,,,,,,,,,,,,,,,,,,,,,,,,,,,,,,,,,,,,,,,,,,,
140.0,O,2.0,10.0,R,22.0,Pass,Incomplete,FLA. BLUE,,L,,,,4.0,0.0,Euclid,0.0,O,,,,,,,,,,,,,,,,,,,,,,,,,,,,,,,,,,,,,,,,,,,,,,,,,,,,,,,,,,,,,,,,,,,,,,,,,,,,,,,,,,,
141.0,O,3.0,10.0,R,22.0,Pass,Complete,FLA. BLUE,,R,,,,4.0,-1.0,Euclid,-1.0,O,,,,,,,,,,,,,,,,,,,,,,,,,,,,,,,,,,,,,,,,,,,,,,,,,,,,,,,,,,,,,,,,,,,,,,,,,,,,,,,,,,,
142.0,O,4.0,11.0,R,23.0,Run,Rush,FLA. BLUE,,L,,,,4.0,10.0,Euclid,10.0,O,,,,,,,,,,,,,,,,,,,,,,,,,,,,,,,,,,,,,,,,,,,,,,,,,,,,,,,,,,,,,,,,,,,,,,,,,,,,,,,,,,,
143.0,D,1.0,10.0,R,-13.0,Run,Rush,,,L,,,,4.0,6.0,Euclid,6.0,D,,,,,,,,,,,,,,,,,,,,,,,,,,,,,,,,,,,,,,,,,,,,,,,,,,,,,,,,,,,,,,,,,,,,,,,,,,,,,,,,,,,
144.0,D,2.0,4.0,M,-19.0,Run,Rush,,,R,,,,4.0,1.0,Euclid,1.0,D,,,,,,,,,,,,,,,,,,,,,,,,,,,,,,,,,,,,,,,,,,,,,,,,,,,,,,,,,,,,,,,,,,,,,,,,,,,,,,,,,,,
145.0,D,3.0,3.0,R,-20.0,Run,Rush,,,R,,,,4.0,-3.0,Euclid,-3.0,D,,,,,,,,,,,,,,,,,,,,,,,,,,,,,,,,,,,,,,,,,,,,,,,,,,,,,,,,,,,,,,,,,,,,,,,,,,,,,,,,,,,
146.0,D,4.0,6.0,R,-17.0,Run,Rush,,,R,,,,4.0,40.0,Euclid,40.0,D,,,,,,,,,,,,,,,,,,,,,,,,,,,,,,,,,,,,,,,,,,,,,,,,,,,,,,,,,,,,,,,,,,,,,,,,,,,,,,,,,,,
147.0,D,1.0,10.0,R,43.0,Run,Rush,,,L,,,,4.0,17.0,Euclid,17.0,D,,,,,,,,,,,,,,,,,,,,,,,,,,,,,,,,,,,,,,,,,,,,,,,,,,,,,,,,,,,,,,,,,,,,,,,,,,,,,,,,,,,
148.0,S,,,,,,,,,,,,,4.0,,Euclid,0.0,S,,,,,,,,,,,,,,,,,,,,,,,,,,,,,,,,,,,,,,,,,,,,,,,,,,,,,,,,,,,,,,,,,,,,,,,,,,,,,,,,,,,
149.0,S,,,,,,,,,,,,,4.0,,Euclid,0.0,S,,,,,,,,,,,,,,,,,,,,,,,,,,,,,,,,,,,,,,,,,,,,,,,,,,,,,,,,,,,,,,,,,,,,,,,,,,,,,,,,,,,
150.0,D,1.0,10.0,L,26.0,Run,Rush,,,R,,,,4.0,7.0,Euclid,7.0,D,,,,,,,,,,,,,,,,,,,,,,,,,,,,,,,,,,,,,,,,,,,,,,,,,,,,,,,,,,,,,,,,,,,,,,,,,,,,,,,,,,,
151.0,D,2.0,3.0,R,19.0,Run,Penalty,,,R,,,,4.0,-5.0,Euclid,-5.0,D,,,,,,,,,,,,,,,,,,,,,,,,,,,,,,,,,,,,,,,,,,,,,,,,,,,,,,,,,,,,,,,,,,,,,,,,,,,,,,,,,,,
152.0,D,2.0,8.0,R,24.0,Run,Rush,,,R,,,,4.0,2.0,Euclid,2.0,D,,,,,,,,,,,,,,,,,,,,,,,,,,,,,,,,,,,,,,,,,,,,,,,,,,,,,,,,,,,,,,,,,,,,,,,,,,,,,,,,,,,
153.0,S,,,,,,,,,,,,,4.0,,Euclid,0.0,S,,,,,,,,,,,,,,,,,,,,,,,,,,,,,,,,,,,,,,,,,,,,,,,,,,,,,,,,,,,,,,,,,,,,,,,,,,,,,,,,,,,
154.0,S,,,,,,,,,,,,,4.0,,Euclid,0.0,S,,,,,,,,,,,,,,,,,,,,,,,,,,,,,,,,,,,,,,,,,,,,,,,,,,,,,,,,,,,,,,,,,,,,,,,,,,,,,,,,,,,
155.0,S,,,,,,,,,,,,,4.0,,Euclid,0.0,S,,,,,,,,,,,,,,,,,,,,,,,,,,,,,,,,,,,,,,,,,,,,,,,,,,,,,,,,,,,,,,,,,,,,,,,,,,,,,,,,,,,
1.0,S,,,,,,,,,,,,,1.0,,Euclid,0.0,S,,,,,,,,,,,,,,,,,,,,,,,,,,,,,,,,,,,,,,,,,,,,,,,,,,,,,,,,,,,,,,,,,,,,,,,,,,,,,,,,,,,
2.0,S,,,,,,,,,,,,,1.0,,Euclid,0.0,S,,,,,,,,,,,,,,,,,,,,,,,,,,,,,,,,,,,,,,,,,,,,,,,,,,,,,,,,,,,,,,,,,,,,,,,,,,,,,,,,,,,
3.0,K,,,L,-40.0,KO Rec,Return,TEXAS BROWN,,,,,,1.0,,Euclid,0.0,K,,,,,,,,,,,,,,,,,,,,,,,,,,,,,,,,,,,,,,,,,,,,,,,,,,,,,,,,,,,,,,,,,,,,,,,,,,,,,,,,,,,
4.0,O,1.0,10.0,R,-46.0,Pass,Sack,,,R,,,,1.0,14.0,Euclid,14.0,O,,,,,,,,,,,,,,,,,,,,,,,,,,,,,,,,,,,,,,,,,,,,,,,,,,,,,,,,,,,,,,,,,,,,,,,,,,,,,,,,,,,
5.0,D,1.0,10.0,L,40.0,Run,Rush,,,R,,,,1.0,4.0,Euclid,4.0,D,,,,,,,,,,,,,,,,,,,,,,,,,,,,,,,,,,,,,,,,,,,,,,,,,,,,,,,,,,,,,,,,,,,,,,,,,,,,,,,,,,,
6.0,D,2.0,6.0,L,36.0,Run,Rush,Twins Split,,R,,,,1.0,3.0,Euclid,3.0,D,,,,,,,,,,,,,,,,,,,,,,,,,,,,,,,,,,,,,,,,,,,,,,,,,,,,,,,,,,,,,,,,,,,,,,,,,,,,,,,,,,,
7.0,D,3.0,3.0,M,33.0,Pass,"Complete, TD",WISCONSIN RED,,R,,,,1.0,33.0,Euclid,33.0,D,,,,,,,,,,,,,,,,,,,,,,,,,,,,,,,,,,,,,,,,,,,,,,,,,,,,,,,,,,,,,,,,,,,,,,,,,,,,,,,,,,,
8.0,S,,,,,,,,,,,,,1.0,,Euclid,0.0,S,,,,,,,,,,,,,,,,,,,,,,,,,,,,,,,,,,,,,,,,,,,,,,,,,,,,,,,,,,,,,,,,,,,,,,,,,,,,,,,,,,,
9.0,K,,,M,3.0,Extra Pt. Block,Good,,,,,,,1.0,,Euclid,0.0,K,,,,,,,,,,,,,,,,,,,,,,,,,,,,,,,,,,,,,,,,,,,,,,,,,,,,,,,,,,,,,,,,,,,,,,,,,,,,,,,,,,,
10.0,K,1.0,10.0,L,-40.0,KO Rec,Return,,,,,,,1.0,,Euclid,0.0,K,,,,,,,,,,,,,,,,,,,,,,,,,,,,,,,,,,,,,,,,,,,,,,,,,,,,,,,,,,,,,,,,,,,,,,,,,,,,,,,,,,,
11.0,O,1.0,10.0,M,-27.0,Run,Rush,WISCONSIN RED,,R,,,,1.0,11.0,Euclid,11.0,O,,,,,,,,,,,,,,,,,,,,,,,,,,,,,,,,,,,,,,,,,,,,,,,,,,,,,,,,,,,,,,,,,,,,,,,,,,,,,,,,,,,
12.0,O,1.0,10.0,M,-38.0,Run,Rush,WISCONSIN RED,,L,,,,1.0,5.0,Euclid,5.0,O,,,,,,,,,,,,,,,,,,,,,,,,,,,,,,,,,,,,,,,,,,,,,,,,,,,,,,,,,,,,,,,,,,,,,,,,,,,,,,,,,,,
13.0,O,2.0,5.0,L,-43.0,Run,Rush,WISCONSIN RED,,R,,,,1.0,2.0,Euclid,2.0,O,,,,,,,,,,,,,,,,,,,,,,,,,,,,,,,,,,,,,,,,,,,,,,,,,,,,,,,,,,,,,,,,,,,,,,,,,,,,,,,,,,,
14.0,O,3.0,3.0,M,-45.0,Run,Rush,WISCONSIN RED,,R,,,,1.0,-2.0,Euclid,-2.0,O,,,,,,,,,,,,,,,,,,,,,,,,,,,,,,,,,,,,,,,,,,,,,,,,,,,,,,,,,,,,,,,,,,,,,,,,,,,,,,,,,,,
15.0,O,4.0,5.0,R,-43.0,Pass,Complete,WISCONSIN RED,,R,,,,1.0,16.0,Euclid,16.0,O,,,,,,,,,,,,,,,,,,,,,,,,,,,,,,,,,,,,,,,,,,,,,,,,,,,,,,,,,,,,,,,,,,,,,,,,,,,,,,,,,,,
16.0,O,1.0,10.0,R,41.0,Run,Rush,WISCONSIN RED,,L,,,,1.0,3.0,Euclid,3.0,O,,,,,,,,,,,,,,,,,,,,,,,,,,,,,,,,,,,,,,,,,,,,,,,,,,,,,,,,,,,,,,,,,,,,,,,,,,,,,,,,,,,
17.0,O,2.0,7.0,R,38.0,Run,Rush,WISCONSIN RED,,R,,,,1.0,1.0,Euclid,1.0,O,,,,,,,,,,,,,,,,,,,,,,,,,,,,,,,,,,,,,,,,,,,,,,,,,,,,,,,,,,,,,,,,,,,,,,,,,,,,,,,,,,,
18.0,S,,,,,,,IOWA BLACK,,,,,,1.0,,Euclid,0.0,S,,,,,,,,,,,,,,,,,,,,,,,,,,,,,,,,,,,,,,,,,,,,,,,,,,,,,,,,,,,,,,,,,,,,,,,,,,,,,,,,,,,
19.0,O,3.0,6.0,R,37.0,Pass,Incomplete,WISCONSIN RED,,R,,,,1.0,0.0,Euclid,0.0,O,,,,,,,,,,,,,,,,,,,,,,,,,,,,,,,,,,,,,,,,,,,,,,,,,,,,,,,,,,,,,,,,,,,,,,,,,,,,,,,,,,,
20.0,O,4.0,6.0,R,37.0,Pass,Complete,,,R,,,,1.0,23.0,Euclid,23.0,O,,,,,,,,,,,,,,,,,,,,,,,,,,,,,,,,,,,,,,,,,,,,,,,,,,,,,,,,,,,,,,,,,,,,,,,,,,,,,,,,,,,
21.0,S,,,,,,,,,,,,,1.0,,Euclid,0.0,S,,,,,,,,,,,,,,,,,,,,,,,,,,,,,,,,,,,,,,,,,,,,,,,,,,,,,,,,,,,,,,,,,,,,,,,,,,,,,,,,,,,
22.0,S,,,,,,,,,,,,,1.0,,Euclid,0.0,S,,,,,,,,,,,,,,,,,,,,,,,,,,,,,,,,,,,,,,,,,,,,,,,,,,,,,,,,,,,,,,,,,,,,,,,,,,,,,,,,,,,
23.0,O,1.0,10.0,R,14.0,Run,Rush,,,L,,,,1.0,6.0,Euclid,6.0,O,,,,,,,,,,,,,,,,,,,,,,,,,,,,,,,,,,,,,,,,,,,,,,,,,,,,,,,,,,,,,,,,,,,,,,,,,,,,,,,,,,,
24.0,S,,,,,,,,,,,,,1.0,,Euclid,0.0,S,,,,,,,,,,,,,,,,,,,,,,,,,,,,,,,,,,,,,,,,,,,,,,,,,,,,,,,,,,,,,,,,,,,,,,,,,,,,,,,,,,,
25.0,O,2.0,4.0,M,8.0,Run,Rush,WISCONSIN RED,,L,,,,1.0,4.0,Euclid,4.0,O,,,,,,,,,,,,,,,,,,,,,,,,,,,,,,,,,,,,,,,,,,,,,,,,,,,,,,,,,,,,,,,,,,,,,,,,,,,,,,,,,,,
26.0,O,3.0,8.0,L,4.0,Run,Rush,IOWA BLACK,,R,,,,1.0,3.0,Euclid,3.0,O,,,,,,,,,,,,,,,,,,,,,,,,,,,,,,,,,,,,,,,,,,,,,,,,,,,,,,,,,,,,,,,,,,,,,,,,,,,,,,,,,,,
27.0,S,,,,,,,,,,,,,1.0,,Euclid,0.0,S,,,,,,,,,,,,,,,,,,,,,,,,,,,,,,,,,,,,,,,,,,,,,,,,,,,,,,,,,,,,,,,,,,,,,,,,,,,,,,,,,,,
28.0,O,4.0,5.0,L,1.0,Run,Penalty,IOWA BLACK,,R,,,,1.0,4.0,Euclid,4.0,O,,,,,,,,,,,,,,,,,,,,,,,,,,,,,,,,,,,,,,,,,,,,,,,,,,,,,,,,,,,,,,,,,,,,,,,,,,,,,,,,,,,
29.0,D,1.0,10.0,M,-5.0,Pass,Incomplete,,,R,,,,1.0,0.0,Euclid,0.0,D,,,,,,,,,,,,,,,,,,,,,,,,,,,,,,,,,,,,,,,,,,,,,,,,,,,,,,,,,,,,,,,,,,,,,,,,,,,,,,,,,,,
30.0,D,2.0,10.0,R,-5.0,Run,Rush,,,R,,,,1.0,10.0,Euclid,10.0,D,,,,,,,,,,,,,,,,,,,,,,,,,,,,,,,,,,,,,,,,,,,,,,,,,,,,,,,,,,,,,,,,,,,,,,,,,,,,,,,,,,,
31.0,D,1.0,10.0,R,-15.0,Pass,Penalty,,,L,,,,1.0,10.0,Euclid,10.0,D,,,,,,,,,,,,,,,,,,,,,,,,,,,,,,,,,,,,,,,,,,,,,,,,,,,,,,,,,,,,,,,,,,,,,,,,,,,,,,,,,,,
32.0,D,1.0,10.0,R,-25.0,Pass,Incomplete,,,R,,,,1.0,0.0,Euclid,0.0,D,,,,,,,,,,,,,,,,,,,,,,,,,,,,,,,,,,,,,,,,,,,,,,,,,,,,,,,,,,,,,,,,,,,,,,,,,,,,,,,,,,,
33.0,D,2.0,10.0,R,-25.0,Run,Rush,,,L,,,,1.0,0.0,Euclid,0.0,D,,,,,,,,,,,,,,,,,,,,,,,,,,,,,,,,,,,,,,,,,,,,,,,,,,,,,,,,,,,,,,,,,,,,,,,,,,,,,,,,,,,
34.0,S,,,,,,,,,,,,,1.0,,Euclid,0.0,S,,,,,,,,,,,,,,,,,,,,,,,,,,,,,,,,,,,,,,,,,,,,,,,,,,,,,,,,,,,,,,,,,,,,,,,,,,,,,,,,,,,
35.0,S,,,,,,,,,,,,,1.0,,Euclid,0.0,S,,,,,,,,,,,,,,,,,,,,,,,,,,,,,,,,,,,,,,,,,,,,,,,,,,,,,,,,,,,,,,,,,,,,,,,,,,,,,,,,,,,
36.0,D,3.0,10.0,L,-25.0,,Timeout,FLA. BLUE,,,,,,1.0,0.0,Euclid,0.0,D,,,,,,,,,,,,,,,,,,,,,,,,,,,,,,,,,,,,,,,,,,,,,,,,,,,,,,,,,,,,,,,,,,,,,,,,,,,,,,,,,,,
37.0,S,,,,,,,,,,,,,1.0,,Euclid,0.0,S,,,,,,,,,,,,,,,,,,,,,,,,,,,,,,,,,,,,,,,,,,,,,,,,,,,,,,,,,,,,,,,,,,,,,,,,,,,,,,,,,,,
38.0,D,3.0,10.0,L,-25.0,Pass,Incomplete,FLA. BLUE,,R,,,,1.0,0.0,Euclid,0.0,D,,,,,,,,,,,,,,,,,,,,,,,,,,,,,,,,,,,,,,,,,,,,,,,,,,,,,,,,,,,,,,,,,,,,,,,,,,,,,,,,,,,
39.0,K,4.0,10.0,L,-25.0,Punt Rec,Fair Catch,DBL TE,,,,,,1.0,,Euclid,0.0,K,,,,,,,,,,,,,,,,,,,,,,,,,,,,,,,,,,,,,,,,,,,,,,,,,,,,,,,,,,,,,,,,,,,,,,,,,,,,,,,,,,,
40.0,O,1.0,10.0,R,50.0,Run,Rush,WISCONSIN RED,,R,,,,1.0,2.0,Euclid,2.0,O,,,,,,,,,,,,,,,,,,,,,,,,,,,,,,,,,,,,,,,,,,,,,,,,,,,,,,,,,,,,,,,,,,,,,,,,,,,,,,,,,,,
41.0,O,2.0,8.0,R,48.0,Run,Rush,,,R,,,,1.0,2.0,Euclid,2.0,O,,,,,,,,,,,,,,,,,,,,,,,,,,,,,,,,,,,,,,,,,,,,,,,,,,,,,,,,,,,,,,,,,,,,,,,,,,,,,,,,,,,
42.0,O,3.0,6.0,R,46.0,Pass,Interception,WISCONSIN RED,,L,,,,1.0,0.0,Euclid,0.0,O,,,,,,,,,,,,,,,,,,,,,,,,,,,,,,,,,,,,,,,,,,,,,,,,,,,,,,,,,,,,,,,,,,,,,,,,,,,,,,,,,,,
43.0,D,1.0,10.0,L,-37.0,Pass,Complete,,,R,,,,1.0,3.0,Euclid,3.0,D,,,,,,,,,,,,,,,,,,,,,,,,,,,,,,,,,,,,,,,,,,,,,,,,,,,,,,,,,,,,,,,,,,,,,,,,,,,,,,,,,,,
44.0,D,2.0,3.0,L,-40.0,Pass,Complete,,,R,,,,1.0,0.0,Euclid,0.0,D,,,,,,,,,,,,,,,,,,,,,,,,,,,,,,,,,,,,,,,,,,,,,,,,,,,,,,,,,,,,,,,,,,,,,,,,,,,,,,,,,,,
45.0,D,2.0,10.0,L,-40.0,Run,Rush,WISCONSIN RED,,R,,,,1.0,12.0,Euclid,12.0,D,,,,,,,,,,,,,,,,,,,,,,,,,,,,,,,,,,,,,,,,,,,,,,,,,,,,,,,,,,,,,,,,,,,,,,,,,,,,,,,,,,,
46.0,S,,,,,,,,,,,,,2.0,,Euclid,0.0,S,,,,,,,,,,,,,,,,,,,,,,,,,,,,,,,,,,,,,,,,,,,,,,,,,,,,,,,,,,,,,,,,,,,,,,,,,,,,,,,,,,,
47.0,D,1.0,10.0,R,48.0,Run,Rush,,,L,,,,2.0,-5.0,Euclid,-5.0,D,,,,,,,,,,,,,,,,,,,,,,,,,,,,,,,,,,,,,,,,,,,,,,,,,,,,,,,,,,,,,,,,,,,,,,,,,,,,,,,,,,,
48.0,D,2.0,15.0,M,-47.0,Pass,Complete,IOWA BLACK,,R,,,,2.0,12.0,Euclid,12.0,D,,,,,,,,,,,,,,,,,,,,,,,,,,,,,,,,,,,,,,,,,,,,,,,,,,,,,,,,,,,,,,,,,,,,,,,,,,,,,,,,,,,
49.0,D,3.0,3.0,R,41.0,,Timeout,,,,,,,2.0,-5.0,Euclid,-5.0,D,,,,,,,,,,,,,,,,,,,,,,,,,,,,,,,,,,,,,,,,,,,,,,,,,,,,,,,,,,,,,,,,,,,,,,,,,,,,,,,,,,,
50.0,D,4.0,8.0,R,46.0,Pass,Complete,,,L,,,,2.0,0.0,Euclid,0.0,D,,,,,,,,,,,,,,,,,,,,,,,,,,,,,,,,,,,,,,,,,,,,,,,,,,,,,,,,,,,,,,,,,,,,,,,,,,,,,,,,,,,
51.0,K,1.0,10.0,L,46.0,Fake Punt,"Rush, TD",DBL TE,,R,,,,2.0,46.0,Euclid,46.0,K,,,,,,,,,,,,,,,,,,,,,,,,,,,,,,,,,,,,,,,,,,,,,,,,,,,,,,,,,,,,,,,,,,,,,,,,,,,,,,,,,,,
52.0,K,,,M,3.0,Extra Pt. Block,No Good,,,,,,,2.0,,Euclid,0.0,K,,,,,,,,,,,,,,,,,,,,,,,,,,,,,,,,,,,,,,,,,,,,,,,,,,,,,,,,,,,,,,,,,,,,,,,,,,,,,,,,,,,
53.0,K,,,M,-40.0,KO Rec,Return,,,,,,,2.0,,Euclid,0.0,K,,,,,,,,,,,,,,,,,,,,,,,,,,,,,,,,,,,,,,,,,,,,,,,,,,,,,,,,,,,,,,,,,,,,,,,,,,,,,,,,,,,
54.0,O,1.0,10.0,R,-36.0,Run,Rush,,,L,,,,2.0,3.0,Euclid,3.0,O,,,,,,,,,,,,,,,,,,,,,,,,,,,,,,,,,,,,,,,,,,,,,,,,,,,,,,,,,,,,,,,,,,,,,,,,,,,,,,,,,,,
55.0,O,2.0,7.0,M,-39.0,Run,Rush,,,R,,,,2.0,4.0,Euclid,4.0,O,,,,,,,,,,,,,,,,,,,,,,,,,,,,,,,,,,,,,,,,,,,,,,,,,,,,,,,,,,,,,,,,,,,,,,,,,,,,,,,,,,,
56.0,O,3.0,3.0,M,-43.0,Pass,Scramble,,,R,,,,2.0,4.0,Euclid,4.0,O,,,,,,,,,,,,,,,,,,,,,,,,,,,,,,,,,,,,,,,,,,,,,,,,,,,,,,,,,,,,,,,,,,,,,,,,,,,,,,,,,,,
57.0,O,1.0,10.0,R,-47.0,Run,Rush,,,L,,,,2.0,10.0,Euclid,10.0,O,,,,,,,,,,,,,,,,,,,,,,,,,,,,,,,,,,,,,,,,,,,,,,,,,,,,,,,,,,,,,,,,,,,,,,,,,,,,,,,,,,,
58.0,O,1.0,10.0,L,43.0,Run,Rush,,,L,,,,2.0,0.0,Euclid,0.0,O,,,,,,,,,,,,,,,,,,,,,,,,,,,,,,,,,,,,,,,,,,,,,,,,,,,,,,,,,,,,,,,,,,,,,,,,,,,,,,,,,,,
59.0,O,2.0,10.0,L,43.0,Pass,Complete,,,L,,,,2.0,16.0,Euclid,16.0,O,,,,,,,,,,,,,,,,,,,,,,,,,,,,,,,,,,,,,,,,,,,,,,,,,,,,,,,,,,,,,,,,,,,,,,,,,,,,,,,,,,,
60.0,O,1.0,10.0,L,27.0,Run,Rush,WISCONSIN RED,,R,,,,2.0,5.0,Euclid,5.0,O,,,,,,,,,,,,,,,,,,,,,,,,,,,,,,,,,,,,,,,,,,,,,,,,,,,,,,,,,,,,,,,,,,,,,,,,,,,,,,,,,,,
61.0,O,2.0,5.0,L,22.0,Run,Rush,WISCONSIN RED,,R,,,,2.0,-2.0,Euclid,-2.0,O,,,,,,,,,,,,,,,,,,,,,,,,,,,,,,,,,,,,,,,,,,,,,,,,,,,,,,,,,,,,,,,,,,,,,,,,,,,,,,,,,,,
62.0,O,3.0,7.0,M,24.0,Pass,Incomplete,Twins Split,,L,,,,2.0,0.0,Euclid,0.0,O,,,,,,,,,,,,,,,,,,,,,,,,,,,,,,,,,,,,,,,,,,,,,,,,,,,,,,,,,,,,,,,,,,,,,,,,,,,,,,,,,,,
63.0,S,,,,,,,FLA. BLUE,,,,,,2.0,,Euclid,0.0,S,,,,,,,,,,,,,,,,,,,,,,,,,,,,,,,,,,,,,,,,,,,,,,,,,,,,,,,,,,,,,,,,,,,,,,,,,,,,,,,,,,,
64.0,O,4.0,7.0,M,24.0,Pass,Sack,,,L,,,,2.0,8.0,Euclid,8.0,O,,,,,,,,,,,,,,,,,,,,,,,,,,,,,,,,,,,,,,,,,,,,,,,,,,,,,,,,,,,,,,,,,,,,,,,,,,,,,,,,,,,
65.0,D,1.0,10.0,M,-32.0,,Timeout,WISCONSIN RED,,,,,,2.0,0.0,Euclid,0.0,D,,,,,,,,,,,,,,,,,,,,,,,,,,,,,,,,,,,,,,,,,,,,,,,,,,,,,,,,,,,,,,,,,,,,,,,,,,,,,,,,,,,
66.0,D,1.0,10.0,M,-32.0,Run,Rush,WISCONSIN RED,,L,,,,2.0,-9.0,Euclid,-9.0,D,,,,,,,,,,,,,,,,,,,,,,,,,,,,,,,,,,,,,,,,,,,,,,,,,,,,,,,,,,,,,,,,,,,,,,,,,,,,,,,,,,,
67.0,D,2.0,19.0,M,-23.0,Run,Penalty,,,R,,,,2.0,1.0,Euclid,1.0,D,,,,,,,,,,,,,,,,,,,,,,,,,,,,,,,,,,,,,,,,,,,,,,,,,,,,,,,,,,,,,,,,,,,,,,,,,,,,,,,,,,,
68.0,D,3.0,18.0,R,-24.0,Run,Rush,,,L,,,,2.0,-11.0,Euclid,-11.0,D,,,,,,,,,,,,,,,,,,,,,,,,,,,,,,,,,,,,,,,,,,,,,,,,,,,,,,,,,,,,,,,,,,,,,,,,,,,,,,,,,,,
69.0,S,,,,,,,,,,,,,2.0,,Euclid,0.0,S,,,,,,,,,,,,,,,,,,,,,,,,,,,,,,,,,,,,,,,,,,,,,,,,,,,,,,,,,,,,,,,,,,,,,,,,,,,,,,,,,,,
70.0,D,4.0,29.0,M,-13.0,Pass,Incomplete,IOWA BLACK,,L,,,,2.0,0.0,Euclid,0.0,D,,,,,,,,,,,,,,,,,,,,,,,,,,,,,,,,,,,,,,,,,,,,,,,,,,,,,,,,,,,,,,,,,,,,,,,,,,,,,,,,,,,
71.0,S,,,,,,,,,,,,,2.0,,Euclid,0.0,S,,,,,,,,,,,,,,,,,,,,,,,,,,,,,,,,,,,,,,,,,,,,,,,,,,,,,,,,,,,,,,,,,,,,,,,,,,,,,,,,,,,
72.0,K,4.0,10.0,M,-13.0,,Penalty,DBL TE,,,,,,2.0,-5.0,Euclid,-5.0,K,,,,,,,,,,,,,,,,,,,,,,,,,,,,,,,,,,,,,,,,,,,,,,,,,,,,,,,,,,,,,,,,,,,,,,,,,,,,,,,,,,,
73.0,K,4.0,10.0,M,-8.0,Punt Rec,Return,,,,,,,2.0,,Euclid,0.0,K,,,,,,,,,,,,,,,,,,,,,,,,,,,,,,,,,,,,,,,,,,,,,,,,,,,,,,,,,,,,,,,,,,,,,,,,,,,,,,,,,,,
74.0,S,,,,,,,,,,,,,2.0,,Euclid,0.0,S,,,,,,,,,,,,,,,,,,,,,,,,,,,,,,,,,,,,,,,,,,,,,,,,,,,,,,,,,,,,,,,,,,,,,,,,,,,,,,,,,,,
75.0,S,,,,,,,IOWA BLACK,,,,,,2.0,,Euclid,0.0,S,,,,,,,,,,,,,,,,,,,,,,,,,,,,,,,,,,,,,,,,,,,,,,,,,,,,,,,,,,,,,,,,,,,,,,,,,,,,,,,,,,,
76.0,O,1.0,10.0,L,35.0,Run,Rush,Wyoming brown,,R,,,,2.0,10.0,Euclid,10.0,O,,,,,,,,,,,,,,,,,,,,,,,,,,,,,,,,,,,,,,,,,,,,,,,,,,,,,,,,,,,,,,,,,,,,,,,,,,,,,,,,,,,
77.0,O,2.0,10.0,L,25.0,Pass,Sack,FLA. BLUE,,L,,,,2.0,0.0,Euclid,0.0,O,,,,,,,,,,,,,,,,,,,,,,,,,,,,,,,,,,,,,,,,,,,,,,,,,,,,,,,,,,,,,,,,,,,,,,,,,,,,,,,,,,,
78.0,S,,,,,,,,,,,,,2.0,,Euclid,0.0,S,,,,,,,,,,,,,,,,,,,,,,,,,,,,,,,,,,,,,,,,,,,,,,,,,,,,,,,,,,,,,,,,,,,,,,,,,,,,,,,,,,,
79.0,O,3.0,10.0,L,25.0,Run,Rush,Wyoming brown,,R,,,,2.0,2.0,Euclid,2.0,O,,,,,,,,,,,,,,,,,,,,,,,,,,,,,,,,,,,,,,,,,,,,,,,,,,,,,,,,,,,,,,,,,,,,,,,,,,,,,,,,,,,
80.0,O,4.0,8.0,R,23.0,Pass,Scramble,WISCONSIN RED,,R,,,,2.0,3.0,Euclid,3.0,O,,,,,,,,,,,,,,,,,,,,,,,,,,,,,,,,,,,,,,,,,,,,,,,,,,,,,,,,,,,,,,,,,,,,,,,,,,,,,,,,,,,
81.0,O,4.0,10.0,R,20.0,Pass,Sack,,,R,,,,2.0,-59.0,Euclid,-59.0,O,,,,,,,,,,,,,,,,,,,,,,,,,,,,,,,,,,,,,,,,,,,,,,,,,,,,,,,,,,,,,,,,,,,,,,,,,,,,,,,,,,,
82.0,S,,,,-21.0,,,,,,,,,2.0,,Euclid,0.0,S,,,,,,,,,,,,,,,,,,,,,,,,,,,,,,,,,,,,,,,,,,,,,,,,,,,,,,,,,,,,,,,,,,,,,,,,,,,,,,,,,,,
83.0,D,1.0,10.0,L,-21.0,Run,Rush,,,L,,,,2.0,1.0,Euclid,1.0,D,,,,,,,,,,,,,,,,,,,,,,,,,,,,,,,,,,,,,,,,,,,,,,,,,,,,,,,,,,,,,,,,,,,,,,,,,,,,,,,,,,,
84.0,D,2.0,9.0,L,-22.0,Run,Rush,,,L,,,,2.0,3.0,Euclid,3.0,D,,,,,,,,,,,,,,,,,,,,,,,,,,,,,,,,,,,,,,,,,,,,,,,,,,,,,,,,,,,,,,,,,,,,,,,,,,,,,,,,,,,
85.0,D,3.0,6.0,L,-25.0,Pass,Complete,TEXAS BROWN,,R,,,,2.0,15.0,Euclid,15.0,D,,,,,,,,,,,,,,,,,,,,,,,,,,,,,,,,,,,,,,,,,,,,,,,,,,,,,,,,,,,,,,,,,,,,,,,,,,,,,,,,,,,
86.0,D,1.0,10.0,M,-40.0,,Timeout,IOWA BLACK,,,,,,2.0,0.0,Euclid,0.0,D,,,,,,,,,,,,,,,,,,,,,,,,,,,,,,,,,,,,,,,,,,,,,,,,,,,,,,,,,,,,,,,,,,,,,,,,,,,,,,,,,,,
87.0,D,2.0,10.0,M,-40.0,Pass,Incomplete,,,L,,,,2.0,0.0,Euclid,0.0,D,,,,,,,,,,,,,,,,,,,,,,,,,,,,,,,,,,,,,,,,,,,,,,,,,,,,,,,,,,,,,,,,,,,,,,,,,,,,,,,,,,,
88.0,S,,,,,,,,,,,,,2.0,,Euclid,0.0,S,,,,,,,,,,,,,,,,,,,,,,,,,,,,,,,,,,,,,,,,,,,,,,,,,,,,,,,,,,,,,,,,,,,,,,,,,,,,,,,,,,,
89.0,D,3.0,10.0,M,-40.0,Pass,Incomplete,FLA. BLUE,,R,,,,2.0,0.0,Euclid,0.0,D,,,,,,,,,,,,,,,,,,,,,,,,,,,,,,,,,,,,,,,,,,,,,,,,,,,,,,,,,,,,,,,,,,,,,,,,,,,,,,,,,,,
90.0,D,4.0,10.0,M,-40.0,Run,Rush,WISCONSIN RED,,L,,,,2.0,-2.0,Euclid,-2.0,D,,,,,,,,,,,,,,,,,,,,,,,,,,,,,,,,,,,,,,,,,,,,,,,,,,,,,,,,,,,,,,,,,,,,,,,,,,,,,,,,,,,
91.0,K,1.0,10.0,M,-38.0,Punt Rec,Downed,DBL TE,,,,,,2.0,2.0,Euclid,2.0,K,,,,,,,,,,,,,,,,,,,,,,,,,,,,,,,,,,,,,,,,,,,,,,,,,,,,,,,,,,,,,,,,,,,,,,,,,,,,,,,,,,,
92.0,S,,,,,,,,,,,,,3.0,,Euclid,0.0,S,,,,,,,,,,,,,,,,,,,,,,,,,,,,,,,,,,,,,,,,,,,,,,,,,,,,,,,,,,,,,,,,,,,,,,,,,,,,,,,,,,,
93.0,S,,,,,,,,,,,,,3.0,,Euclid,0.0,S,,,,,,,,,,,,,,,,,,,,,,,,,,,,,,,,,,,,,,,,,,,,,,,,,,,,,,,,,,,,,,,,,,,,,,,,,,,,,,,,,,,
94.0,S,,,,,,,,,,,,,3.0,,Euclid,0.0,S,,,,,,,,,,,,,,,,,,,,,,,,,,,,,,,,,,,,,,,,,,,,,,,,,,,,,,,,,,,,,,,,,,,,,,,,,,,,,,,,,,,
95.0,S,,,,,,,,,,,,,3.0,,Euclid,0.0,S,,,,,,,,,,,,,,,,,,,,,,,,,,,,,,,,,,,,,,,,,,,,,,,,,,,,,,,,,,,,,,,,,,,,,,,,,,,,,,,,,,,
96.0,S,,,,,,,,,,,,,3.0,,Euclid,0.0,S,,,,,,,,,,,,,,,,,,,,,,,,,,,,,,,,,,,,,,,,,,,,,,,,,,,,,,,,,,,,,,,,,,,,,,,,,,,,,,,,,,,
97.0,K,,,M,-40.0,KO,Return,,,,,,,3.0,,Euclid,0.0,K,,,,,,,,,,,,,,,,,,,,,,,,,,,,,,,,,,,,,,,,,,,,,,,,,,,,,,,,,,,,,,,,,,,,,,,,,,,,,,,,,,,
98.0,D,1.0,10.0,L,-16.0,Run,Rush,Twins Split,,L,,,,3.0,22.0,Euclid,22.0,D,,,,,,,,,,,,,,,,,,,,,,,,,,,,,,,,,,,,,,,,,,,,,,,,,,,,,,,,,,,,,,,,,,,,,,,,,,,,,,,,,,,
99.0,D,1.0,10.0,L,-38.0,Run,Rush,,,L,,,,3.0,1.0,Euclid,1.0,D,,,,,,,,,,,,,,,,,,,,,,,,,,,,,,,,,,,,,,,,,,,,,,,,,,,,,,,,,,,,,,,,,,,,,,,,,,,,,,,,,,,
100.0,D,2.0,9.0,L,-39.0,Run,Rush,Wyoming brown,,R,,,,3.0,12.0,Euclid,12.0,D,,,,,,,,,,,,,,,,,,,,,,,,,,,,,,,,,,,,,,,,,,,,,,,,,,,,,,,,,,,,,,,,,,,,,,,,,,,,,,,,,,,
101.0,D,1.0,10.0,M,49.0,Run,Rush,Wyoming brown,,L,,,,3.0,0.0,Euclid,0.0,D,,,,,,,,,,,,,,,,,,,,,,,,,,,,,,,,,,,,,,,,,,,,,,,,,,,,,,,,,,,,,,,,,,,,,,,,,,,,,,,,,,,
102.0,D,2.0,10.0,L,49.0,Run,Penalty,Wyoming brown,,R,,,,3.0,-13.0,Euclid,-13.0,D,,,,,,,,,,,,,,,,,,,,,,,,,,,,,,,,,,,,,,,,,,,,,,,,,,,,,,,,,,,,,,,,,,,,,,,,,,,,,,,,,,,
103.0,O,2.0,23.0,R,-38.0,Pass,Incomplete,WISCONSIN RED,,R,,,,3.0,0.0,Euclid,0.0,O,,,,,,,,,,,,,,,,,,,,,,,,,,,,,,,,,,,,,,,,,,,,,,,,,,,,,,,,,,,,,,,,,,,,,,,,,,,,,,,,,,,
104.0,O,3.0,23.0,R,-38.0,Pass,Scramble,,,R,,,,3.0,7.0,Euclid,7.0,O,,,,,,,,,,,,,,,,,,,,,,,,,,,,,,,,,,,,,,,,,,,,,,,,,,,,,,,,,,,,,,,,,,,,,,,,,,,,,,,,,,,
105.0,O,4.0,3.0,R,-45.0,Run,Rush,,,L,,,,3.0,5.0,Euclid,5.0,O,,,,,,,,,,,,,,,,,,,,,,,,,,,,,,,,,,,,,,,,,,,,,,,,,,,,,,,,,,,,,,,,,,,,,,,,,,,,,,,,,,,
106.0,O,2.0,5.0,M,50.0,Pass,Interception,,,L,,,,3.0,4.0,Euclid,4.0,O,,,,,,,,,,,,,,,,,,,,,,,,,,,,,,,,,,,,,,,,,,,,,,,,,,,,,,,,,,,,,,,,,,,,,,,,,,,,,,,,,,,
107.0,D,1.0,10.0,R,-46.0,Run,Rush,,,L,,,,3.0,4.0,Euclid,4.0,D,,,,,,,,,,,,,,,,,,,,,,,,,,,,,,,,,,,,,,,,,,,,,,,,,,,,,,,,,,,,,,,,,,,,,,,,,,,,,,,,,,,
108.0,D,2.0,6.0,M,50.0,Run,Rush,WISCONSIN RED,,R,,,,3.0,2.0,Euclid,2.0,D,,,,,,,,,,,,,,,,,,,,,,,,,,,,,,,,,,,,,,,,,,,,,,,,,,,,,,,,,,,,,,,,,,,,,,,,,,,,,,,,,,,
109.0,D,3.0,4.0,M,48.0,Run,Rush,,,R,,,,3.0,-1.0,Euclid,-1.0,D,,,,,,,,,,,,,,,,,,,,,,,,,,,,,,,,,,,,,,,,,,,,,,,,,,,,,,,,,,,,,,,,,,,,,,,,,,,,,,,,,,,
110.0,S,,,,,,,,,,,,,3.0,,Euclid,0.0,S,,,,,,,,,,,,,,,,,,,,,,,,,,,,,,,,,,,,,,,,,,,,,,,,,,,,,,,,,,,,,,,,,,,,,,,,,,,,,,,,,,,
111.0,D,2.0,11.0,M,49.0,,Timeout,,,,,,,3.0,0.0,Euclid,0.0,D,,,,,,,,,,,,,,,,,,,,,,,,,,,,,,,,,,,,,,,,,,,,,,,,,,,,,,,,,,,,,,,,,,,,,,,,,,,,,,,,,,,
112.0,K,2.0,11.0,M,49.0,Punt Rec,Downed,DBL TE,,,,,,3.0,22.0,Euclid,22.0,K,,,,,,,,,,,,,,,,,,,,,,,,,,,,,,,,,,,,,,,,,,,,,,,,,,,,,,,,,,,,,,,,,,,,,,,,,,,,,,,,,,,
113.0,O,1.0,10.0,R,-17.0,Pass,Scramble,,,L,,,,3.0,3.0,Euclid,3.0,O,,,,,,,,,,,,,,,,,,,,,,,,,,,,,,,,,,,,,,,,,,,,,,,,,,,,,,,,,,,,,,,,,,,,,,,,,,,,,,,,,,,
114.0,O,2.0,7.0,R,-20.0,Run,Rush,,,L,,,,3.0,7.0,Euclid,7.0,O,,,,,,,,,,,,,,,,,,,,,,,,,,,,,,,,,,,,,,,,,,,,,,,,,,,,,,,,,,,,,,,,,,,,,,,,,,,,,,,,,,,
115.0,S,,,,,,,,,,,,,3.0,,Euclid,0.0,S,,,,,,,,,,,,,,,,,,,,,,,,,,,,,,,,,,,,,,,,,,,,,,,,,,,,,,,,,,,,,,,,,,,,,,,,,,,,,,,,,,,
116.0,O,1.0,10.0,M,-27.0,Run,Rush,,,L,,,,3.0,0.0,Euclid,0.0,O,,,,,,,,,,,,,,,,,,,,,,,,,,,,,,,,,,,,,,,,,,,,,,,,,,,,,,,,,,,,,,,,,,,,,,,,,,,,,,,,,,,
117.0,S,,,,,,,,,,,,,3.0,,Euclid,0.0,S,,,,,,,,,,,,,,,,,,,,,,,,,,,,,,,,,,,,,,,,,,,,,,,,,,,,,,,,,,,,,,,,,,,,,,,,,,,,,,,,,,,
118.0,S,,,,,,,,,,,,,3.0,,Euclid,0.0,S,,,,,,,,,,,,,,,,,,,,,,,,,,,,,,,,,,,,,,,,,,,,,,,,,,,,,,,,,,,,,,,,,,,,,,,,,,,,,,,,,,,
119.0,O,2.0,10.0,L,-27.0,,Penalty,,,,,,,3.0,5.0,Euclid,5.0,O,,,,,,,,,,,,,,,,,,,,,,,,,,,,,,,,,,,,,,,,,,,,,,,,,,,,,,,,,,,,,,,,,,,,,,,,,,,,,,,,,,,
120.0,O,2.0,5.0,M,-32.0,Run,Rush,,,R,,,,3.0,13.0,Euclid,13.0,O,,,,,,,,,,,,,,,,,,,,,,,,,,,,,,,,,,,,,,,,,,,,,,,,,,,,,,,,,,,,,,,,,,,,,,,,,,,,,,,,,,,
121.0,O,1.0,10.0,M,-45.0,Run,Rush,,,R,,,,3.0,-3.0,Euclid,-3.0,O,,,,,,,,,,,,,,,,,,,,,,,,,,,,,,,,,,,,,,,,,,,,,,,,,,,,,,,,,,,,,,,,,,,,,,,,,,,,,,,,,,,
122.0,S,,,,,,,,,,,,,3.0,,Euclid,0.0,S,,,,,,,,,,,,,,,,,,,,,,,,,,,,,,,,,,,,,,,,,,,,,,,,,,,,,,,,,,,,,,,,,,,,,,,,,,,,,,,,,,,
123.0,O,2.0,13.0,M,-42.0,Pass,Scramble,,,L,,,,3.0,36.0,Euclid,36.0,O,,,,,,,,,,,,,,,,,,,,,,,,,,,,,,,,,,,,,,,,,,,,,,,,,,,,,,,,,,,,,,,,,,,,,,,,,,,,,,,,,,,
124.0,S,,,,,,,IOWA BLACK,,,,,,3.0,,Euclid,0.0,S,,,,,,,,,,,,,,,,,,,,,,,,,,,,,,,,,,,,,,,,,,,,,,,,,,,,,,,,,,,,,,,,,,,,,,,,,,,,,,,,,,,
125.0,O,1.0,10.0,L,22.0,Run,Rush,,,L,,,,3.0,4.0,Euclid,4.0,O,,,,,,,,,,,,,,,,,,,,,,,,,,,,,,,,,,,,,,,,,,,,,,,,,,,,,,,,,,,,,,,,,,,,,,,,,,,,,,,,,,,
126.0,O,2.0,6.0,L,18.0,Pass,Incomplete,,,L,,,,3.0,0.0,Euclid,0.0,O,,,,,,,,,,,,,,,,,,,,,,,,,,,,,,,,,,,,,,,,,,,,,,,,,,,,,,,,,,,,,,,,,,,,,,,,,,,,,,,,,,,
127.0,S,,,,,,,TEXAS BROWN,,,,,,3.0,,Euclid,0.0,S,,,,,,,,,,,,,,,,,,,,,,,,,,,,,,,,,,,,,,,,,,,,,,,,,,,,,,,,,,,,,,,,,,,,,,,,,,,,,,,,,,,
128.0,O,3.0,6.0,L,18.0,Run,Rush,,,R,,,,3.0,0.0,Euclid,0.0,O,,,,,,,,,,,,,,,,,,,,,,,,,,,,,,,,,,,,,,,,,,,,,,,,,,,,,,,,,,,,,,,,,,,,,,,,,,,,,,,,,,,
129.0,O,4.0,6.0,L,18.0,Run,Rush,,,R,,,,3.0,7.0,Euclid,7.0,O,,,,,,,,,,,,,,,,,,,,,,,,,,,,,,,,,,,,,,,,,,,,,,,,,,,,,,,,,,,,,,,,,,,,,,,,,,,,,,,,,,,
130.0,O,1.0,10.0,M,11.0,Pass,Scramble,Wyoming brown,,R,,,,3.0,7.0,Euclid,7.0,O,,,,,,,,,,,,,,,,,,,,,,,,,,,,,,,,,,,,,,,,,,,,,,,,,,,,,,,,,,,,,,,,,,,,,,,,,,,,,,,,,,,
131.0,S,,,,,,,,,,,,,3.0,,Euclid,0.0,S,,,,,,,,,,,,,,,,,,,,,,,,,,,,,,,,,,,,,,,,,,,,,,,,,,,,,,,,,,,,,,,,,,,,,,,,,,,,,,,,,,,
132.0,O,2.0,3.0,R,4.0,Run,Penalty,,,L,,,,3.0,2.0,Euclid,2.0,O,,,,,,,,,,,,,,,,,,,,,,,,,,,,,,,,,,,,,,,,,,,,,,,,,,,,,,,,,,,,,,,,,,,,,,,,,,,,,,,,,,,
133.0,O,2.0,1.0,M,2.0,Run,"Rush, TD",IOWA BLACK,,R,,,,3.0,2.0,Euclid,2.0,O,,,,,,,,,,,,,,,,,,,,,,,,,,,,,,,,,,,,,,,,,,,,,,,,,,,,,,,,,,,,,,,,,,,,,,,,,,,,,,,,,,,
134.0,K,1.0,10.0,M,3.0,Extra Pt.,Penalty,,,,,,,3.0,-5.0,Euclid,-5.0,K,,,,,,,,,,,,,,,,,,,,,,,,,,,,,,,,,,,,,,,,,,,,,,,,,,,,,,,,,,,,,,,,,,,,,,,,,,,,,,,,,,,
135.0,K,1.0,3.0,M,8.0,Extra Pt.,No Good,,,,,,,3.0,,Euclid,0.0,K,,,,,,,,,,,,,,,,,,,,,,,,,,,,,,,,,,,,,,,,,,,,,,,,,,,,,,,,,,,,,,,,,,,,,,,,,,,,,,,,,,,
136.0,S,,,,,,,,,,,,,3.0,,Euclid,0.0,S,,,,,,,,,,,,,,,,,,,,,,,,,,,,,,,,,,,,,,,,,,,,,,,,,,,,,,,,,,,,,,,,,,,,,,,,,,,,,,,,,,,
137.0,K,,,M,-40.0,KO,Return,,,,,,,3.0,,Euclid,0.0,K,,,,,,,,,,,,,,,,,,,,,,,,,,,,,,,,,,,,,,,,,,,,,,,,,,,,,,,,,,,,,,,,,,,,,,,,,,,,,,,,,,,
138.0,S,,,,,,,,,,,,,3.0,,Euclid,0.0,S,,,,,,,,,,,,,,,,,,,,,,,,,,,,,,,,,,,,,,,,,,,,,,,,,,,,,,,,,,,,,,,,,,,,,,,,,,,,,,,,,,,
139.0,S,,,,,,,,,,,,,3.0,,Euclid,0.0,S,,,,,,,,,,,,,,,,,,,,,,,,,,,,,,,,,,,,,,,,,,,,,,,,,,,,,,,,,,,,,,,,,,,,,,,,,,,,,,,,,,,
140.0,D,1.0,10.0,L,-37.0,Run,Rush,Twins Split,,L,,,,3.0,5.0,Euclid,5.0,D,,,,,,,,,,,,,,,,,,,,,,,,,,,,,,,,,,,,,,,,,,,,,,,,,,,,,,,,,,,,,,,,,,,,,,,,,,,,,,,,,,,
141.0,D,2.0,5.0,L,-42.0,Run,Rush,Twins Split,,L,,,,3.0,3.0,Euclid,3.0,D,,,,,,,,,,,,,,,,,,,,,,,,,,,,,,,,,,,,,,,,,,,,,,,,,,,,,,,,,,,,,,,,,,,,,,,,,,,,,,,,,,,
142.0,D,3.0,2.0,L,-45.0,Run,Rush,Twins Split,,L,,,,3.0,1.0,Euclid,1.0,D,,,,,,,,,,,,,,,,,,,,,,,,,,,,,,,,,,,,,,,,,,,,,,,,,,,,,,,,,,,,,,,,,,,,,,,,,,,,,,,,,,,
143.0,K,4.0,1.0,L,-46.0,Punt Rec,Downed,DBL TE,,,,,,4.0,,Euclid,0.0,K,,,,,,,,,,,,,,,,,,,,,,,,,,,,,,,,,,,,,,,,,,,,,,,,,,,,,,,,,,,,,,,,,,,,,,,,,,,,,,,,,,,
144.0,O,1.0,10.0,R,-20.0,Run,Rush,Twins Split,,R,,,,4.0,5.0,Euclid,5.0,O,,,,,,,,,,,,,,,,,,,,,,,,,,,,,,,,,,,,,,,,,,,,,,,,,,,,,,,,,,,,,,,,,,,,,,,,,,,,,,,,,,,
145.0,O,2.0,5.0,R,-25.0,Run,Rush,,,L,,,,4.0,4.0,Euclid,4.0,O,,,,,,,,,,,,,,,,,,,,,,,,,,,,,,,,,,,,,,,,,,,,,,,,,,,,,,,,,,,,,,,,,,,,,,,,,,,,,,,,,,,
146.0,O,3.0,1.0,M,-29.0,Run,Rush,Wyoming brown,,R,,,,4.0,7.0,Euclid,7.0,O,,,,,,,,,,,,,,,,,,,,,,,,,,,,,,,,,,,,,,,,,,,,,,,,,,,,,,,,,,,,,,,,,,,,,,,,,,,,,,,,,,,
147.0,O,1.0,10.0,R,-36.0,Run,Rush,,,R,,,,4.0,2.0,Euclid,2.0,O,,,,,,,,,,,,,,,,,,,,,,,,,,,,,,,,,,,,,,,,,,,,,,,,,,,,,,,,,,,,,,,,,,,,,,,,,,,,,,,,,,,
148.0,O,2.0,8.0,R,-38.0,Run,Rush,,,R,,,,4.0,-1.0,Euclid,-1.0,O,,,,,,,,,,,,,,,,,,,,,,,,,,,,,,,,,,,,,,,,,,,,,,,,,,,,,,,,,,,,,,,,,,,,,,,,,,,,,,,,,,,
149.0,O,3.0,9.0,R,-37.0,Pass,Incomplete,,,L,,,,4.0,0.0,Euclid,0.0,O,,,,,,,,,,,,,,,,,,,,,,,,,,,,,,,,,,,,,,,,,,,,,,,,,,,,,,,,,,,,,,,,,,,,,,,,,,,,,,,,,,,
150.0,S,,,,,,,,,,,,,4.0,,Euclid,0.0,S,,,,,,,,,,,,,,,,,,,,,,,,,,,,,,,,,,,,,,,,,,,,,,,,,,,,,,,,,,,,,,,,,,,,,,,,,,,,,,,,,,,
151.0,K,4.0,9.0,R,-37.0,Punt,Return,,,,,,,4.0,,Euclid,0.0,K,,,,,,,,,,,,,,,,,,,,,,,,,,,,,,,,,,,,,,,,,,,,,,,,,,,,,,,,,,,,,,,,,,,,,,,,,,,,,,,,,,,
152.0,D,1.0,10.0,L,-37.0,Run,Rush,Wyoming brown,,R,,,,4.0,3.0,Euclid,3.0,D,,,,,,,,,,,,,,,,,,,,,,,,,,,,,,,,,,,,,,,,,,,,,,,,,,,,,,,,,,,,,,,,,,,,,,,,,,,,,,,,,,,
153.0,D,2.0,7.0,M,-40.0,Pass,Penalty,Wyoming brown,,R,,,,4.0,-15.0,Euclid,-15.0,D,,,,,,,,,,,,,,,,,,,,,,,,,,,,,,,,,,,,,,,,,,,,,,,,,,,,,,,,,,,,,,,,,,,,,,,,,,,,,,,,,,,
154.0,S,,,,,,,,,,,,,4.0,,Euclid,0.0,S,,,,,,,,,,,,,,,,,,,,,,,,,,,,,,,,,,,,,,,,,,,,,,,,,,,,,,,,,,,,,,,,,,,,,,,,,,,,,,,,,,,
155.0,D,2.0,22.0,R,-25.0,Pass,Complete,,,L,,,,4.0,13.0,Euclid,13.0,D,,,,,,,,,,,,,,,,,,,,,,,,,,,,,,,,,,,,,,,,,,,,,,,,,,,,,,,,,,,,,,,,,,,,,,,,,,,,,,,,,,,
156.0,D,3.0,9.0,M,-38.0,Pass,Incomplete,,,L,,,,4.0,0.0,Euclid,0.0,D,,,,,,,,,,,,,,,,,,,,,,,,,,,,,,,,,,,,,,,,,,,,,,,,,,,,,,,,,,,,,,,,,,,,,,,,,,,,,,,,,,,
157.0,D,1.0,10.0,M,-38.0,Pass,Penalty,,,L,,,,4.0,30.0,Euclid,30.0,D,,,,,,,,,,,,,,,,,,,,,,,,,,,,,,,,,,,,,,,,,,,,,,,,,,,,,,,,,,,,,,,,,,,,,,,,,,,,,,,,,,,
158.0,D,1.0,10.0,R,32.0,,Penalty,IOWA BLACK,,,,,,4.0,-5.0,Euclid,-5.0,D,,,,,,,,,,,,,,,,,,,,,,,,,,,,,,,,,,,,,,,,,,,,,,,,,,,,,,,,,,,,,,,,,,,,,,,,,,,,,,,,,,,
159.0,D,2.0,15.0,R,37.0,Run,Rush,,,R,,,,4.0,9.0,Euclid,9.0,D,,,,,,,,,,,,,,,,,,,,,,,,,,,,,,,,,,,,,,,,,,,,,,,,,,,,,,,,,,,,,,,,,,,,,,,,,,,,,,,,,,,
160.0,D,3.0,6.0,R,28.0,Run,Penalty,,,R,,,,4.0,-3.0,Euclid,-3.0,D,,,,,,,,,,,,,,,,,,,,,,,,,,,,,,,,,,,,,,,,,,,,,,,,,,,,,,,,,,,,,,,,,,,,,,,,,,,,,,,,,,,
161.0,D,3.0,9.0,R,31.0,Pass,Incomplete,,,L,,,,4.0,0.0,Euclid,0.0,D,,,,,,,,,,,,,,,,,,,,,,,,,,,,,,,,,,,,,,,,,,,,,,,,,,,,,,,,,,,,,,,,,,,,,,,,,,,,,,,,,,,
162.0,D,4.0,10.0,L,31.0,Pass,Complete,,,L,,,,4.0,45.0,Euclid,45.0,D,,,,,,,,,,,,,,,,,,,,,,,,,,,,,,,,,,,,,,,,,,,,,,,,,,,,,,,,,,,,,,,,,,,,,,,,,,,,,,,,,,,
163.0,O,2.0,55.0,R,-24.0,Run,Rush,,,R,,,,4.0,6.0,Euclid,6.0,O,,,,,,,,,,,,,,,,,,,,,,,,,,,,,,,,,,,,,,,,,,,,,,,,,,,,,,,,,,,,,,,,,,,,,,,,,,,,,,,,,,,
164.0,O,2.0,4.0,R,-30.0,Run,Rush,,,L,,,,4.0,4.0,Euclid,4.0,O,,,,,,,,,,,,,,,,,,,,,,,,,,,,,,,,,,,,,,,,,,,,,,,,,,,,,,,,,,,,,,,,,,,,,,,,,,,,,,,,,,,
