clip_file,track_id,jersey_number,player_name,team_name,inferred_position,alignment,depth_from_los,in_box,on_line,first_step_sec,first_step_grade,penetration_depth,lateral_movement,defensive_grade
Wide - Clip 001.mp4,17,,,DEFENSE,CB,Deep,0.419,False,False,0.133,Elite,,0.018,Elite
Wide - Clip 001.mp4,18,,,DEFENSE,S,Deep half,0.433,False,False,0.167,Elite,,0.049,Elite
Wide - Clip 001.mp4,88,,,DEFENSE,S,Strong Safety,0.423,True,False,0.200,Elite,,0.049,Elite
Wide - Clip 001.mp4,151,,,DEFENSE,S,Deep half,0.428,False,False,0.167,Elite,,0.056,Elite
Wide - Clip 001.mp4,169,,,DEFENSE,S,Deep half,0.427,True,False,0.167,Elite,,0.047,Elite
Wide - Clip 001.mp4,194,,,DEFENSE,S,Strong Safety,0.422,True,False,0.200,Elite,,0.045,Elite
Wide - Clip 002.mp4,277,,,DEFENSE,DL,0-tech (Nose),0.025,True,True,0.500,Below Average,,,Below Average
Wide - Clip 002.mp4,508,,,DEFENSE,EDGE,DE (down),0.091,False,False,0.433,Below Average,0.092,,Average
Wide - Clip 002.mp4,510,,,DEFENSE,EDGE,DE (down),0.098,False,False,0.300,Above Average,0.079,,Above Average
Wide - Clip 002.mp4,527,,,DEFENSE,S,Deep half,0.345,True,False,0.200,Elite,,0.024,Elite
Wide - Clip 002.mp4,533,,,DEFENSE,S,Strong Safety,0.434,True,False,0.200,Elite,,0.035,Elite
Wide - Clip 002.mp4,579,,,DEFENSE,S,Strong Safety,0.463,True,False,0.100,Elite,,0.009,Elite
Wide - Clip 002.mp4,581,,,DEFENSE,S,Deep half,0.436,False,False,0.167,Elite,,0.054,Elite
Wide - Clip 002.mp4,590,,,DEFENSE,EDGE,DE (down),0.045,True,False,,,,,Average
Wide - Clip 002.mp4,609,,,DEFENSE,S,Strong Safety,0.428,True,False,0.433,Average,,0.046,Average
Wide - Clip 002.mp4,614,,,DEFENSE,EDGE,DE (down),0.100,False,False,0.067,Elite,0.122,,Elite
Wide - Clip 002.mp4,639,,,DEFENSE,S,Strong Safety,0.344,True,False,,,,0.001,Average
Wide - Clip 002.mp4,659,,,DEFENSE,CB,Deep,0.438,False,False,,,,,Average
Wide - Clip 002.mp4,674,,,DEFENSE,S,Free Safety (centerfield),0.220,True,False,0.167,Elite,,0.007,Elite
Wide - Clip 003.mp4,527,,,DEFENSE,S,Strong Safety,0.329,True,False,0.267,Above Average,,0.066,Above Average
Wide - Clip 003.mp4,614,,,DEFENSE,EDGE,DE (down),0.011,False,True,0.100,Elite,0.011,,Elite
Wide - Clip 003.mp4,771,,,DEFENSE,EDGE,DE (down),0.066,True,False,0.167,Elite,,,Elite
Wide - Clip 003.mp4,795,,,DEFENSE,EDGE,DE (down),0.271,True,False,0.367,Average,0.275,,Above Average
Wide - Clip 003.mp4,730,,,DEFENSE,UNKNOWN,,0.166,True,False,0.233,Elite,,,Elite
Wide - Clip 003.mp4,889,,,DEFENSE,SLOT,Nickel/Slot,0.133,False,False,0.267,Above Average,,0.055,Above Average
Wide - Clip 003.mp4,1017,,,DEFENSE,DL,1-tech,0.076,True,False,0.233,Above Average,0.083,,Above Average
Wide - Clip 003.mp4,1097,,,DEFENSE,DL,0-tech (Nose),0.015,True,True,0.200,Elite,,,Elite
Wide - Clip 003.mp4,1106,,,DEFENSE,EDGE,DE (down),0.336,False,False,0.167,Elite,,,Elite
Wide - Clip 003.mp4,1112,,,DEFENSE,EDGE,DE (down),0.215,False,False,0.167,Elite,,,Elite
Wide - Clip 003.mp4,1120,,,DEFENSE,DL,5-tech,0.022,True,True,0.233,Above Average,0.024,,Above Average
Wide - Clip 003.mp4,1139,,,DEFENSE,EDGE,DE (down),0.144,False,False,0.367,Average,0.150,,Above Average
Wide - Clip 003.mp4,1145,,,DEFENSE,CB,Deep,0.418,False,False,0.133,Elite,,0.080,Elite
Wide - Clip 003.mp4,1169,,,DEFENSE,DL,5-tech,0.126,True,False,0.167,Elite,0.123,,Elite
Wide - Clip 003.mp4,1173,,,DEFENSE,S,Free Safety (centerfield),0.362,True,False,0.033,Elite,,0.074,Elite
Wide - Clip 005.mp4,2058,,,DEFENSE,LB,WILL (weak),0.092,True,False,0.067,Elite,,,Elite
Wide - Clip 005.mp4,2214,,,DEFENSE,DL,5-tech,0.112,True,False,0.067,Elite,0.136,,Elite
Wide - Clip 005.mp4,2430,,,DEFENSE,LB,WILL (weak),0.088,True,False,0.067,Elite,,,Elite
Wide - Clip 005.mp4,2466,,,DEFENSE,S,Deep half,0.426,True,False,0.067,Elite,,0.206,Elite
Wide - Clip 005.mp4,2508,,,DEFENSE,CB,Deep,0.403,False,False,0.033,Elite,,0.170,Elite
Wide - Clip 005.mp4,2524,,,DEFENSE,CB,Off (5-7 yards),0.082,False,False,0.067,Elite,,0.209,Elite
Wide - Clip 005.mp4,2529,,,DEFENSE,S,Free Safety (centerfield),0.408,True,False,0.033,Elite,,0.264,Elite
Wide - Clip 005.mp4,2531,,,DEFENSE,S,Strong Safety,0.427,True,False,0.067,Elite,,0.204,Elite
Wide - Clip 006.mp4,2717,,,DEFENSE,EDGE,DE (down),0.008,False,True,0.267,Above Average,0.008,,Above Average
Wide - Clip 006.mp4,2716,,,DEFENSE,SLOT,Nickel/Slot,0.115,False,False,1.967,Developmental,,0.008,Below Average
Wide - Clip 006.mp4,2720,,,DEFENSE,LB,SAM (strong),0.057,True,False,,,,,Average
Wide - Clip 006.mp4,2722,,,DEFENSE,UNKNOWN,,0.173,True,False,0.167,Elite,,,Elite
Wide - Clip 006.mp4,2719,,,DEFENSE,EDGE,DE (down),0.067,False,False,1.967,Developmental,0.067,,Below Average
Wide - Clip 006.mp4,2726,,,DEFENSE,S,Strong Safety,0.422,True,False,2.167,Developmental,,0.009,Below Average
Wide - Clip 006.mp4,2736,,,DEFENSE,S,Free Safety (centerfield),0.438,True,False,1.033,Developmental,,0.010,Below Average
Wide - Clip 006.mp4,2812,,,DEFENSE,EDGE,DE (down),0.128,True,False,1.633,Developmental,0.122,,Below Average
Wide - Clip 006.mp4,2829,,,DEFENSE,S,Free Safety (centerfield),0.450,True,False,0.533,Below Average,,0.017,Below Average
Wide - Clip 006.mp4,2843,,,DEFENSE,S,Strong Safety,0.408,True,False,0.533,Below Average,,0.012,Below Average
Wide - Clip 006.mp4,2846,,,DEFENSE,DL,1-tech,0.058,True,False,1.500,Developmental,0.064,,Below Average
Wide - Clip 007.mp4,3057,,,DEFENSE,CB,Press,0.076,False,False,0.800,Developmental,,0.013,Below Average
Wide - Clip 007.mp4,3059,,,DEFENSE,S,Strong Safety,0.428,True,False,1.133,Developmental,,0.008,Below Average
Wide - Clip 007.mp4,3061,,,DEFENSE,CB,Deep,0.439,False,False,0.567,Below Average,,0.006,Below Average
Wide - Clip 007.mp4,3065,,,DEFENSE,EDGE,DE (down),0.007,False,True,0.533,Below Average,0.013,,Below Average
Wide - Clip 007.mp4,3071,,,DEFENSE,EDGE,OLB (up),0.038,True,False,,,,,Average
Wide - Clip 007.mp4,3075,,,DEFENSE,S,Strong Safety,0.408,True,False,0.567,Below Average,,0.012,Below Average
Wide - Clip 007.mp4,3081,,,DEFENSE,LB,SAM (strong),0.149,True,False,0.367,Average,,,Average
Wide - Clip 007.mp4,3104,,,DEFENSE,CB,Deep,0.431,False,False,1.500,Developmental,,0.003,Below Average
Wide - Clip 007.mp4,3133,,,DEFENSE,EDGE,OLB (up),0.038,False,False,0.467,Below Average,,,Below Average
Wide - Clip 007.mp4,3142,,,DEFENSE,DL,3-tech,0.010,True,True,0.567,Developmental,0.009,,Below Average
Wide - Clip 007.mp4,3156,,,DEFENSE,S,Strong Safety,0.299,True,False,0.300,Above Average,,0.040,Above Average
Wide - Clip 007.mp4,3158,,,DEFENSE,S,Strong Safety,0.447,True,False,1.300,Developmental,,0.013,Below Average
Wide - Clip 007.mp4,3161,,,DEFENSE,S,Deep half,0.425,False,False,0.300,Above Average,,0.018,Above Average
Wide - Clip 008.mp4,3057,,,DEFENSE,SLOT,Nickel/Slot,0.080,False,False,0.100,Elite,,0.081,Elite
Wide - Clip 008.mp4,3075,,,DEFENSE,S,Strong Safety,0.419,True,False,0.367,Average,,0.025,Average
Wide - Clip 008.mp4,3196,,,DEFENSE,LB,MIKE (middle),0.136,True,False,0.067,Elite,,,Elite
Wide - Clip 008.mp4,3205,,,DEFENSE,EDGE,DE (down),0.128,True,False,0.100,Elite,0.132,,Elite
Wide - Clip 008.mp4,3190,,,DEFENSE,S,Deep half,0.457,False,False,0.400,Average,,0.063,Average
Wide - Clip 008.mp4,3269,,,DEFENSE,EDGE,DE (down),0.063,False,False,1.000,Developmental,0.060,,Below Average
Wide - Clip 008.mp4,3288,,,DEFENSE,SLOT,Nickel/Slot,0.058,False,False,0.067,Elite,,0.034,Elite
Wide - Clip 008.mp4,3297,,,DEFENSE,EDGE,DE (down),0.019,False,True,0.267,Above Average,0.034,,Above Average
Wide - Clip 008.mp4,3307,,,DEFENSE,LB,WILL (weak),0.081,True,False,0.067,Elite,,,Elite
Wide - Clip 009.mp4,3814,,,DEFENSE,SLOT,Nickel/Slot,0.121,False,False,0.267,Above Average,,0.089,Above Average
Wide - Clip 009.mp4,3819,,,DEFENSE,UNKNOWN,,0.188,True,False,0.100,Elite,,,Elite
Wide - Clip 009.mp4,3820,,,DEFENSE,DL,0-tech (Nose),0.027,True,True,0.400,Below Average,,,Below Average
Wide - Clip 009.mp4,3822,,,DEFENSE,LB,WILL (weak),0.082,True,False,0.300,Above Average,,,Above Average
Wide - Clip 009.mp4,3826,,,DEFENSE,S,Strong Safety,0.415,True,False,1.000,Developmental,,0.009,Below Average
Wide - Clip 009.mp4,3835,,,DEFENSE,S,Free Safety (centerfield),0.413,True,False,1.333,Developmental,,0.003,Below Average
Wide - Clip 009.mp4,3840,,,DEFENSE,S,Strong Safety,0.433,True,False,1.200,Developmental,,0.007,Below Average
Wide - Clip 009.mp4,3861,,,DEFENSE,EDGE,DE (down),0.018,False,True,0.233,Above Average,,,Above Average
Wide - Clip 009.mp4,3865,,,DEFENSE,CB,Deep,0.280,False,False,1.100,Developmental,,0.005,Below Average
Wide - Clip 009.mp4,3881,,,DEFENSE,S,Strong Safety,0.429,True,False,0.933,Developmental,,0.009,Below Average
Wide - Clip 009.mp4,3886,,,DEFENSE,S,Deep half,0.297,False,False,,,,0.003,Average
Wide - Clip 009.mp4,3887,,,DEFENSE,S,Free Safety (centerfield),0.443,True,False,1.167,Developmental,,0.011,Below Average
Wide - Clip 009.mp4,3891,,,DEFENSE,S,Strong Safety,0.405,True,False,1.000,Developmental,,0.008,Below Average
Wide - Clip 010.mp4,4145,,,DEFENSE,S,Deep half,0.440,True,False,0.467,Average,,0.008,Average
Wide - Clip 010.mp4,4143,,,DEFENSE,S,Deep half,0.440,False,False,0.433,Average,,0.020,Average
Wide - Clip 010.mp4,4356,,,DEFENSE,EDGE,DE (down),0.027,False,True,0.500,Below Average,,,Below Average
Wide - Clip 010.mp4,4359,,,DEFENSE,EDGE,DE (down),0.006,False,True,2.800,Developmental,,,Below Average
Wide - Clip 010.mp4,4367,,,DEFENSE,DL,0-tech (Nose),0.006,True,True,0.267,Above Average,,,Above Average
Wide - Clip 010.mp4,4391,,,DEFENSE,LB,WILL (weak),0.032,True,False,0.267,Above Average,,,Above Average
Wide - Clip 010.mp4,4432,,,DEFENSE,DL,3-tech,0.008,True,True,0.167,Elite,,,Elite
Wide - Clip 010.mp4,4468,,,DEFENSE,CB,Deep,0.273,False,False,0.233,Elite,,0.052,Elite
Wide - Clip 010.mp4,4480,,,DEFENSE,S,Deep half,0.430,False,False,0.400,Average,,0.035,Average
Wide - Clip 010.mp4,4495,,,DEFENSE,S,Deep half,0.359,True,False,0.067,Elite,,0.041,Elite
Wide - Clip 010.mp4,4505,,,DEFENSE,EDGE,DE (down),0.012,True,True,0.233,Above Average,,,Above Average
Wide - Clip 010.mp4,4510,,,DEFENSE,S,Free Safety (centerfield),0.468,True,False,0.300,Above Average,,0.028,Above Average
Wide - Clip 010.mp4,4513,,,DEFENSE,EDGE,DE (down),0.019,True,True,0.167,Elite,,,Elite
Wide - Clip 011.mp4,4143,,,DEFENSE,S,Strong Safety,0.426,True,False,1.333,Developmental,,0.028,Below Average
Wide - Clip 011.mp4,4562,,,DEFENSE,S,Free Safety (centerfield),0.402,True,False,0.400,Average,,0.030,Average
Wide - Clip 011.mp4,4756,,,DEFENSE,S,Deep half,0.421,True,False,0.300,Above Average,,0.042,Above Average
Wide - Clip 011.mp4,4985,,,DEFENSE,S,Deep half,0.215,False,False,0.167,Elite,,0.053,Elite
Wide - Clip 011.mp4,5013,,,DEFENSE,DL,5-tech,0.238,True,False,0.300,Above Average,0.248,,Elite
Wide - Clip 011.mp4,5017,,,DEFENSE,S,Deep half,0.448,True,False,0.367,Average,,0.038,Average
Wide - Clip 011.mp4,5054,,,DEFENSE,DL,5-tech,0.092,True,False,0.100,Elite,0.089,,Elite
Wide - Clip 011.mp4,5055,,,DEFENSE,S,Strong Safety,0.406,True,False,0.300,Above Average,,0.033,Above Average
Wide - Clip 011.mp4,5059,,,DEFENSE,S,Strong Safety,0.439,True,False,0.233,Elite,,0.048,Elite
Wide - Clip 011.mp4,5065,,,DEFENSE,DL,0-tech (Nose),0.218,True,False,0.200,Elite,0.242,,Elite
Wide - Clip 011.mp4,5077,,,DEFENSE,S,Deep half,0.415,False,False,0.467,Average,,0.027,Average
Wide - Clip 011.mp4,5082,,,DEFENSE,CB,Deep,0.282,False,False,0.333,Above Average,,0.037,Above Average
Wide - Clip 012.mp4,5177,,,DEFENSE,S,Strong Safety,0.411,True,False,0.200,Elite,,0.078,Elite
Wide - Clip 012.mp4,5178,,,DEFENSE,CB,Deep,0.425,False,False,0.167,Elite,,0.079,Elite
Wide - Clip 012.mp4,5180,,,DEFENSE,UNKNOWN,,0.161,True,False,0.100,Elite,,,Elite
Wide - Clip 012.mp4,5184,,,DEFENSE,S,Deep half,0.411,True,False,0.200,Elite,,0.077,Elite
Wide - Clip 012.mp4,5183,,,DEFENSE,DL,0-tech (Nose),0.034,True,False,0.100,Elite,0.031,,Elite
Wide - Clip 012.mp4,5192,,,DEFENSE,S,Free Safety (centerfield),0.405,True,False,0.200,Elite,,0.081,Elite
Wide - Clip 012.mp4,5141,,,DEFENSE,DL,5-tech,0.223,True,False,0.100,Elite,0.208,,Elite
Wide - Clip 012.mp4,5281,,,DEFENSE,EDGE,DE (down),0.097,False,False,0.133,Elite,,,Elite
Wide - Clip 012.mp4,5299,,,DEFENSE,UNKNOWN,,0.187,True,False,0.067,Elite,,,Elite
Wide - Clip 012.mp4,5309,,,DEFENSE,S,Strong Safety,0.446,True,False,0.133,Elite,,0.083,Elite
Wide - Clip 012.mp4,5321,,,DEFENSE,DL,5-tech,0.255,True,False,0.167,Elite,0.238,,Elite
Wide - Clip 012.mp4,5338,,,DEFENSE,EDGE,DE (down),0.174,False,False,0.133,Elite,0.185,,Elite
Wide - Clip 012.mp4,5353,,,DEFENSE,DL,3-tech,0.206,True,False,0.133,Elite,0.147,,Elite
Wide - Clip 013.mp4,5480,,,DEFENSE,S,Strong Safety,0.412,True,False,0.633,Below Average,,0.016,Below Average
Wide - Clip 013.mp4,5601,,,DEFENSE,EDGE,DE (down),0.162,False,False,0.800,Developmental,0.165,,Average
Wide - Clip 013.mp4,5604,,,DEFENSE,EDGE,DE (down),0.111,False,False,0.833,Developmental,0.104,,Below Average
Wide - Clip 013.mp4,5600,,,DEFENSE,LB,MIKE (middle),0.061,True,False,0.400,Average,,,Average
Wide - Clip 013.mp4,5603,,,DEFENSE,S,Strong Safety,0.430,True,False,0.933,Developmental,,0.012,Below Average
Wide - Clip 013.mp4,5607,,,DEFENSE,EDGE,DE (down),0.014,False,True,0.667,Developmental,,,Below Average
Wide - Clip 013.mp4,5621,,,DEFENSE,EDGE,DE (down),0.093,True,False,0.333,Average,,,Average
Wide - Clip 013.mp4,5642,,,DEFENSE,EDGE,DE (down),0.088,False,False,0.767,Developmental,0.081,,Below Average
Wide - Clip 013.mp4,5705,,,DEFENSE,DL,3-tech,0.201,True,False,0.667,Developmental,0.198,,Average
Wide - Clip 013.mp4,5728,,,DEFENSE,S,Deep half,0.420,False,False,2.267,Developmental,,0.006,Below Average
Wide - Clip 013.mp4,5740,,,DEFENSE,DL,1-tech,0.007,True,True,0.800,Developmental,0.005,,Below Average
Wide - Clip 013.mp4,5745,,,DEFENSE,S,Deep half,0.330,False,False,0.467,Average,,0.018,Average
Wide - Clip 013.mp4,5749,,,DEFENSE,S,Deep half,0.424,True,False,0.267,Above Average,,0.016,Above Average
Wide - Clip 014.mp4,5970,,,DEFENSE,S,Strong Safety,0.419,True,False,0.267,Above Average,,0.037,Above Average
Wide - Clip 014.mp4,6053,,,DEFENSE,S,Deep half,0.371,True,False,0.200,Elite,,0.021,Elite
Wide - Clip 014.mp4,6260,,,DEFENSE,S,Strong Safety,0.426,True,False,0.467,Average,,0.021,Average
Wide - Clip 014.mp4,6366,,,DEFENSE,S,Deep half,0.423,False,False,0.867,Developmental,,0.005,Below Average
Wide - Clip 014.mp4,6367,,,DEFENSE,EDGE,DE (down),0.161,False,False,0.267,Above Average,0.169,,Elite
Wide - Clip 014.mp4,6379,,,DEFENSE,DL,5-tech,0.126,True,False,,,,,Average
Wide - Clip 014.mp4,6382,,,DEFENSE,S,Strong Safety,0.236,True,False,0.100,Elite,,0.121,Elite
Wide - Clip 014.mp4,6384,,,DEFENSE,S,Strong Safety,0.427,True,False,0.433,Average,,0.021,Average
Wide - Clip 014.mp4,6435,,,DEFENSE,EDGE,DE (down),0.176,False,False,0.200,Elite,0.172,,Elite
Wide - Clip 014.mp4,6451,,,DEFENSE,DL,0-tech (Nose),0.123,True,False,0.100,Elite,,,Elite
Wide - Clip 014.mp4,6486,,,DEFENSE,S,Deep half,0.429,False,False,0.133,Elite,,0.070,Elite
Wide - Clip 014.mp4,6504,,,DEFENSE,CB,Deep,0.283,False,False,0.167,Elite,,0.038,Elite
Wide - Clip 014.mp4,6508,,,DEFENSE,S,Strong Safety,0.408,True,False,0.267,Above Average,,0.040,Above Average
Wide - Clip 014.mp4,6532,,,DEFENSE,DL,1-tech,0.059,True,False,0.167,Elite,,,Elite
Wide - Clip 014.mp4,6537,,,DEFENSE,S,Deep half,0.449,False,False,,,,0.008,Average
Wide - Clip 014.mp4,6559,,,DEFENSE,DL,5-tech,0.137,True,False,0.233,Above Average,0.163,,Elite
Wide - Clip 014.mp4,6561,,,DEFENSE,DL,5-tech,0.170,True,False,0.267,Above Average,0.168,,Elite
Wide - Clip 015.mp4,6673,,,DEFENSE,EDGE,DE (down),0.246,False,False,,,,,Average
Wide - Clip 015.mp4,6678,,,DEFENSE,UNKNOWN,,0.153,True,False,0.067,Elite,,,Elite
Wide - Clip 015.mp4,6684,,,DEFENSE,DL,0-tech (Nose),0.157,True,False,0.133,Elite,0.150,,Elite
Wide - Clip 015.mp4,6685,,,DEFENSE,DL,5-tech,0.016,True,True,0.033,Elite,,,Elite
Wide - Clip 015.mp4,6721,,,DEFENSE,EDGE,DE (down),0.195,False,False,0.067,Elite,0.197,,Elite
Wide - Clip 015.mp4,6786,,,DEFENSE,EDGE,DE (down),0.199,False,False,0.133,Elite,0.195,,Elite
Wide - Clip 015.mp4,6803,,,DEFENSE,S,Deep half,0.392,True,False,0.967,Developmental,,0.005,Below Average
Wide - Clip 015.mp4,6825,,,DEFENSE,S,Strong Safety,0.438,True,False,,,,0.002,Average
Wide - Clip 015.mp4,6826,,,DEFENSE,DL,0-tech (Nose),0.018,True,True,0.167,Elite,0.065,,Elite
Wide - Clip 015.mp4,6827,,,DEFENSE,DL,0-tech (Nose),0.247,True,False,0.167,Elite,,,Elite
Wide - Clip 015.mp4,6833,,,DEFENSE,S,Strong Safety,0.439,True,False,0.967,Developmental,,0.029,Below Average
Wide - Clip 015.mp4,6841,,,DEFENSE,EDGE,DE (down),0.088,True,False,0.100,Elite,,,Elite
Wide - Clip 015.mp4,6842,,,DEFENSE,EDGE,DE (down),0.190,False,False,0.233,Above Average,0.184,,Elite
Wide - Clip 015.mp4,6844,,,DEFENSE,DL,0-tech (Nose),0.222,True,False,0.300,Above Average,0.207,,Elite
Wide - Clip 015.mp4,6845,,,DEFENSE,S,Strong Safety,0.445,True,False,0.600,Below Average,,0.012,Below Average
Wide - Clip 016.mp4,7053,,,DEFENSE,S,Strong Safety,0.411,True,False,0.300,Above Average,,0.049,Above Average
Wide - Clip 016.mp4,7503,,,DEFENSE,S,Deep half,0.415,False,False,0.300,Above Average,,0.035,Above Average
Wide - Clip 016.mp4,7566,,,DEFENSE,CB,Deep,0.419,False,False,0.267,Above Average,,0.072,Above Average
Wide - Clip 016.mp4,7605,,,DEFENSE,CB,Deep,0.421,False,False,0.167,Elite,,0.071,Elite
Wide - Clip 016.mp4,7635,,,DEFENSE,S,Deep half,0.467,True,False,0.300,Above Average,,0.053,Above Average
Wide - Clip 017.mp4,7997,,,DEFENSE,S,Strong Safety,0.428,True,False,0.400,Average,,0.028,Average
Wide - Clip 017.mp4,8115,,,DEFENSE,S,Strong Safety,0.447,True,False,0.400,Average,,0.030,Average
Wide - Clip 017.mp4,8207,,,DEFENSE,S,Deep half,0.453,False,False,,,,0.007,Average
Wide - Clip 017.mp4,8259,,,DEFENSE,S,Free Safety (centerfield),0.426,True,False,0.367,Average,,0.032,Average
Wide - Clip 018.mp4,8579,,,DEFENSE,S,Deep half,0.425,False,False,0.200,Elite,,0.065,Elite
Wide - Clip 018.mp4,8591,,,DEFENSE,EDGE,DE (down),0.169,False,False,0.233,Above Average,0.170,,Elite
Wide - Clip 018.mp4,8643,,,DEFENSE,DL,1-tech,0.002,True,True,0.100,Elite,,,Elite
Wide - Clip 018.mp4,8703,,,DEFENSE,DL,3-tech,0.147,True,False,0.100,Elite,,,Elite
Wide - Clip 018.mp4,8714,,,DEFENSE,DL,3-tech,0.005,True,True,0.100,Elite,,,Elite
Wide - Clip 018.mp4,8729,,,DEFENSE,EDGE,DE (down),0.212,False,False,0.167,Elite,,,Elite
Wide - Clip 018.mp4,8742,,,DEFENSE,S,Deep half,0.414,False,False,0.233,Elite,,0.037,Elite
Wide - Clip 018.mp4,8757,,,DEFENSE,S,Strong Safety,0.420,True,False,0.167,Elite,,0.062,Elite
Wide - Clip 018.mp4,8768,,,DEFENSE,S,Free Safety (centerfield),0.437,True,False,0.167,Elite,,0.048,Elite
Wide - Clip 018.mp4,8774,,,DEFENSE,EDGE,DE (down),0.156,True,False,0.100,Elite,0.159,,Elite
Wide - Clip 018.mp4,8777,,,DEFENSE,EDGE,DE (down),0.191,False,False,0.600,Developmental,0.175,,Average
Wide - Clip 018.mp4,8784,,,DEFENSE,S,Strong Safety,0.447,True,False,0.200,Elite,,0.058,Elite
Wide - Clip 019.mp4,9186,,,DEFENSE,SLOT,Nickel/Slot,0.142,False,False,0.367,Average,,0.335,Above Average
Wide - Clip 019.mp4,9193,,,DEFENSE,LB,WILL (weak),0.129,True,False,0.200,Elite,,,Elite
Wide - Clip 019.mp4,9190,,,DEFENSE,EDGE,DE (down),0.172,False,False,0.167,Elite,0.179,,Elite
Wide - Clip 019.mp4,9210,,,DEFENSE,S,Strong Safety,0.410,True,False,0.200,Elite,,0.046,Elite
Wide - Clip 019.mp4,9241,,,DEFENSE,S,Strong Safety,0.436,True,False,0.333,Above Average,,0.034,Above Average
Wide - Clip 019.mp4,9293,,,DEFENSE,EDGE,DE (down),0.209,False,False,0.133,Elite,0.195,,Elite
Wide - Clip 019.mp4,9323,,,DEFENSE,S,Deep half,0.431,False,False,0.167,Elite,,0.032,Elite
Wide - Clip 019.mp4,9329,,,DEFENSE,S,Free Safety (centerfield),0.441,True,False,0.233,Elite,,0.043,Elite
Wide - Clip 019.mp4,9333,,,DEFENSE,EDGE,DE (down),0.243,True,False,0.267,Above Average,0.231,,Elite
Wide - Clip 019.mp4,9348,,,DEFENSE,S,Deep half,0.333,False,False,0.200,Elite,,0.048,Elite
Wide - Clip 019.mp4,9354,,,DEFENSE,EDGE,DE (down),0.208,False,False,0.367,Average,,,Average
Wide - Clip 019.mp4,9357,,,DEFENSE,DL,0-tech (Nose),0.179,True,False,0.467,Below Average,,,Below Average
Wide - Clip 020.mp4,9210,,,DEFENSE,S,Strong Safety,0.411,True,False,0.333,Above Average,,0.032,Above Average
Wide - Clip 020.mp4,9572,,,DEFENSE,SLOT,Nickel/Slot,0.125,False,False,0.200,Elite,,0.066,Elite
Wide - Clip 020.mp4,9579,,,DEFENSE,EDGE,DE (down),0.068,True,False,0.133,Elite,,,Elite
Wide - Clip 020.mp4,9588,,,DEFENSE,EDGE,DE (down),0.193,True,False,0.267,Above Average,0.214,,Elite
Wide - Clip 020.mp4,9596,,,DEFENSE,S,Deep half,0.444,False,False,0.333,Above Average,,0.031,Above Average
Wide - Clip 020.mp4,9333,,,DEFENSE,EDGE,DE (down),0.220,True,False,0.200,Elite,0.212,,Elite
Wide - Clip 020.mp4,9655,,,DEFENSE,EDGE,DE (down),0.214,False,False,0.267,Above Average,0.210,,Elite
Wide - Clip 020.mp4,9675,,,DEFENSE,DL,0-tech (Nose),0.071,True,False,0.267,Above Average,0.091,,Above Average
Wide - Clip 020.mp4,9684,,,DEFENSE,LB,WILL (weak),0.098,True,False,0.300,Above Average,,,Above Average
Wide - Clip 020.mp4,9742,,,DEFENSE,S,Strong Safety,0.453,True,False,0.200,Elite,,0.057,Elite
Wide - Clip 020.mp4,9755,,,DEFENSE,S,Strong Safety,0.470,True,False,0.333,Above Average,,0.031,Above Average
Wide - Clip 020.mp4,9766,,,DEFENSE,S,Strong Safety,0.454,True,False,0.600,Below Average,,0.045,Below Average
Wide - Clip 020.mp4,9786,,,DEFENSE,DL,0-tech (Nose),0.216,True,False,0.167,Elite,,,Elite
Wide - Clip 021.mp4,10266,,,DEFENSE,S,Free Safety (centerfield),0.297,True,False,0.800,Developmental,,0.015,Below Average
Wide - Clip 021.mp4,10340,,,DEFENSE,CB,Deep,0.171,False,False,0.167,Elite,,0.019,Elite
Wide - Clip 021.mp4,10438,,,DEFENSE,S,Strong Safety,0.451,True,False,,,,0.006,Average
Wide - Clip 021.mp4,10441,,,DEFENSE,S,Strong Safety,0.437,True,False,,,,0.008,Average
Wide - Clip 021.mp4,10459,,,DEFENSE,EDGE,DE (down),0.168,False,False,3.867,Developmental,0.166,,Average
Wide - Clip 021.mp4,10465,,,DEFENSE,CB,Off (5-7 yards),0.120,False,False,0.633,Below Average,,0.004,Below Average
Wide - Clip 021.mp4,10467,,,DEFENSE,EDGE,DE (down),0.169,False,False,,,,,Average
Wide - Clip 021.mp4,10468,,,DEFENSE,UNKNOWN,,0.193,False,False,0.233,Elite,,,Elite
Wide - Clip 022.mp4,10486,,,DEFENSE,EDGE,DE (down),0.199,False,False,0.233,Above Average,0.154,,Elite
Wide - Clip 022.mp4,10737,,,DEFENSE,EDGE,DE (down),0.116,False,False,0.167,Elite,,,Elite
Wide - Clip 022.mp4,10765,,,DEFENSE,EDGE,DE (down),0.215,False,False,0.767,Developmental,0.209,,Average
Wide - Clip 022.mp4,10799,,,DEFENSE,S,Strong Safety,0.450,True,False,1.233,Developmental,,0.004,Below Average
Wide - Clip 022.mp4,10834,,,DEFENSE,CB,Deep,0.440,False,False,0.867,Developmental,,0.012,Below Average
Wide - Clip 022.mp4,10846,,,DEFENSE,DL,0-tech (Nose),0.204,True,False,0.033,Elite,,,Elite
Wide - Clip 022.mp4,10856,,,DEFENSE,LB,WILL (weak),0.117,True,False,0.133,Elite,,,Elite
Wide - Clip 022.mp4,10876,,,DEFENSE,CB,Deep,0.326,False,False,0.867,Developmental,,0.030,Below Average
Wide - Clip 022.mp4,10887,,,DEFENSE,S,Deep half,0.442,True,False,0.967,Developmental,,0.018,Below Average
Wide - Clip 022.mp4,10888,,,DEFENSE,S,Strong Safety,0.428,True,False,1.033,Developmental,,0.006,Below Average
Wide - Clip 022.mp4,10898,,,DEFENSE,EDGE,DE (down),0.221,True,False,0.133,Elite,,,Elite
Wide - Clip 022.mp4,10905,,,DEFENSE,DL,0-tech (Nose),0.051,True,False,0.133,Elite,0.052,,Elite
Wide - Clip 022.mp4,10907,,,DEFENSE,S,Free Safety (centerfield),0.450,True,False,,,,,Average
Wide - Clip 022.mp4,10911,,,DEFENSE,DL,1-tech,0.250,True,False,0.133,Elite,,,Elite
Wide - Clip 022.mp4,10910,,,DEFENSE,DL,0-tech (Nose),0.154,True,False,,,,,Average
Wide - Clip 023.mp4,11398,,,DEFENSE,S,Strong Safety,0.428,True,False,0.133,Elite,,0.054,Elite
Wide - Clip 023.mp4,11418,,,DEFENSE,S,Free Safety (centerfield),0.424,True,False,0.167,Elite,,0.050,Elite
Wide - Clip 023.mp4,11421,,,DEFENSE,S,Free Safety (centerfield),0.429,True,False,0.200,Elite,,0.058,Elite
Wide - Clip 023.mp4,11594,,,DEFENSE,S,Deep half,0.430,False,False,0.033,Elite,,0.067,Elite
Wide - Clip 023.mp4,11627,,,DEFENSE,CB,Deep,0.425,False,False,0.133,Elite,,0.060,Elite
Wide - Clip 024.mp4,11709,,,DEFENSE,DL,0-tech (Nose),0.062,True,False,0.267,Above Average,0.055,,Above Average
Wide - Clip 024.mp4,11712,,,DEFENSE,EDGE,DE (down),0.060,True,False,0.233,Above Average,0.063,,Above Average
Wide - Clip 024.mp4,11719,,,DEFENSE,S,Deep half,0.416,False,False,0.500,Average,,0.034,Average
Wide - Clip 024.mp4,11726,,,DEFENSE,EDGE,DE (down),0.235,False,False,0.267,Above Average,0.229,,Elite
Wide - Clip 024.mp4,11739,,,DEFENSE,LB,WILL (weak),0.050,True,False,0.267,Above Average,,,Above Average
Wide - Clip 024.mp4,11754,,,DEFENSE,S,Deep half,0.465,True,False,0.300,Above Average,,0.034,Above Average
Wide - Clip 024.mp4,11785,,,DEFENSE,S,Strong Safety,0.392,True,False,0.400,Average,,0.040,Average
Wide - Clip 024.mp4,11787,,,DEFENSE,S,Strong Safety,0.428,True,False,0.233,Elite,,0.034,Elite
Wide - Clip 024.mp4,11797,,,DEFENSE,S,Deep half,0.459,False,False,0.400,Average,,0.011,Average
Wide - Clip 024.mp4,11801,,,DEFENSE,S,Deep half,0.420,False,False,0.367,Average,,0.028,Average
Wide - Clip 024.mp4,11821,,,DEFENSE,CB,Deep,0.449,False,False,0.367,Average,,0.040,Average
Wide - Clip 024.mp4,11834,,,DEFENSE,EDGE,DE (down),0.231,False,False,0.200,Elite,0.229,,Elite
Wide - Clip 024.mp4,11836,,,DEFENSE,DL,0-tech (Nose),0.231,True,False,0.200,Elite,,,Elite
Wide - Clip 024.mp4,11842,,,DEFENSE,EDGE,DE (down),0.221,False,False,0.267,Above Average,0.213,,Elite
Wide - Clip 024.mp4,11848,,,DEFENSE,EDGE,DE (down),0.204,True,False,0.233,Above Average,0.199,,Elite
Wide - Clip 024.mp4,11855,,,DEFENSE,CB,Deep,0.420,False,False,,,,0.001,Average
Wide - Clip 024.mp4,11862,,,DEFENSE,EDGE,DE (down),0.176,False,False,0.200,Elite,0.173,,Elite
Wide - Clip 025.mp4,12089,,,DEFENSE,DL,1-tech,0.057,True,False,0.533,Below Average,0.066,,Below Average
Wide - Clip 025.mp4,12094,,,DEFENSE,EDGE,OLB (up),0.040,False,False,0.433,Below Average,,,Below Average
Wide - Clip 025.mp4,12093,,,DEFENSE,LB,MIKE (middle),0.098,True,False,0.267,Above Average,,,Above Average
Wide - Clip 025.mp4,12095,,,DEFENSE,DL,5-tech,0.041,True,False,0.300,Above Average,0.039,,Above Average
Wide - Clip 025.mp4,12131,,,DEFENSE,S,Strong Safety,0.438,True,False,0.367,Average,,0.055,Average
Wide - Clip 025.mp4,12227,,,DEFENSE,S,Strong Safety,0.447,True,False,0.333,Above Average,,0.037,Above Average
Wide - Clip 025.mp4,12286,,,DEFENSE,S,Strong Safety,0.438,True,False,0.233,Elite,,0.078,Elite
Wide - Clip 025.mp4,12305,,,DEFENSE,DL,5-tech,0.041,True,False,,,,,Average
Wide - Clip 025.mp4,12307,,,DEFENSE,S,Deep half,0.468,True,False,0.300,Above Average,,0.072,Above Average
Wide - Clip 026.mp4,12763,,,DEFENSE,DL,5-tech,0.008,True,True,0.333,Average,0.018,,Average
Wide - Clip 026.mp4,12965,,,DEFENSE,LB,MIKE (middle),0.133,True,False,0.133,Elite,,,Elite
Wide - Clip 026.mp4,13048,,,DEFENSE,S,Deep half,0.411,True,False,0.200,Elite,,0.116,Elite
Wide - Clip 026.mp4,13063,,,DEFENSE,EDGE,DE (down),0.361,False,False,0.567,Developmental,0.356,,Average
Wide - Clip 026.mp4,13074,,,DEFENSE,DL,0-tech (Nose),0.004,True,True,0.767,Developmental,0.020,,Below Average
Wide - Clip 026.mp4,13095,,,DEFENSE,EDGE,DE (down),0.139,True,False,0.867,Developmental,0.140,,Below Average
Wide - Clip 026.mp4,13107,,,DEFENSE,EDGE,DE (down),0.234,True,False,0.467,Below Average,0.237,,Average
Wide - Clip 026.mp4,13109,,,DEFENSE,S,Deep half,0.446,True,False,0.567,Below Average,,0.026,Below Average
Wide - Clip 026.mp4,13112,,,DEFENSE,S,Strong Safety,0.345,True,False,0.233,Elite,,0.012,Elite
Wide - Clip 026.mp4,13122,,,DEFENSE,EDGE,DE (down),0.376,False,False,0.600,Developmental,,,Below Average
Wide - Clip 026.mp4,13135,,,DEFENSE,CB,Deep,0.448,False,False,0.600,Below Average,,0.024,Below Average
Wide - Clip 026.mp4,13143,,,DEFENSE,S,Strong Safety,0.412,True,False,0.633,Below Average,,0.028,Below Average
Wide - Clip 026.mp4,13146,,,DEFENSE,DL,0-tech (Nose),0.312,True,False,0.867,Developmental,0.307,,Average
Wide - Clip 026.mp4,13156,,,DEFENSE,EDGE,DE (down),0.380,False,False,0.567,Developmental,,,Below Average
Wide - Clip 026.mp4,13161,,,DEFENSE,DL,0-tech (Nose),0.160,True,False,0.333,Average,0.141,,Average
Wide - Clip 026.mp4,13163,,,DEFENSE,SLOT,Nickel/Slot,0.069,False,False,0.300,Above Average,,0.065,Above Average
Wide - Clip 026.mp4,13167,,,DEFENSE,S,Free Safety (centerfield),0.420,True,False,0.500,Below Average,,0.071,Below Average
Wide - Clip 027.mp4,13663,,,DEFENSE,S,Deep half,0.442,False,False,1.100,Developmental,,0.009,Below Average
Wide - Clip 027.mp4,13694,,,DEFENSE,S,Strong Safety,0.444,True,False,,,,0.000,Average
Wide - Clip 028.mp4,14512,,,DEFENSE,S,Strong Safety,0.405,True,False,0.300,Above Average,,0.030,Above Average
Wide - Clip 028.mp4,14517,,,DEFENSE,S,Deep half,0.409,True,False,0.200,Elite,,0.028,Elite
Wide - Clip 028.mp4,14540,,,DEFENSE,S,Strong Safety,0.418,True,False,0.600,Below Average,,0.015,Below Average
Wide - Clip 028.mp4,14548,,,DEFENSE,CB,Deep,0.441,False,False,0.933,Developmental,,0.007,Below Average
Wide - Clip 029.mp4,14918,,,DEFENSE,UNKNOWN,,0.184,False,False,,,,,Average
Wide - Clip 029.mp4,14927,,,DEFENSE,S,Deep half,0.406,False,False,0.333,Above Average,,0.017,Above Average
Wide - Clip 029.mp4,15008,,,DEFENSE,CB,Deep,0.434,False,False,0.767,Developmental,,0.042,Below Average
Wide - Clip 029.mp4,15078,,,DEFENSE,UNKNOWN,,0.175,True,False,0.367,Average,,,Average
Wide - Clip 030.mp4,15237,,,DEFENSE,S,Deep half,0.272,True,False,0.133,Elite,,0.069,Elite
Wide - Clip 030.mp4,15239,,,DEFENSE,S,Deep half,0.270,False,False,0.167,Elite,,0.068,Elite
Wide - Clip 030.mp4,15241,,,DEFENSE,DL,0-tech (Nose),0.033,True,False,0.100,Elite,,,Elite
Wide - Clip 030.mp4,15246,,,DEFENSE,LB,MIKE (middle),0.079,True,False,0.100,Elite,,,Elite
Wide - Clip 030.mp4,15332,,,DEFENSE,EDGE,OLB (up),0.039,False,False,0.300,Above Average,,,Above Average
Wide - Clip 030.mp4,15333,,,DEFENSE,LB,WILL (weak),0.081,True,False,0.033,Elite,,,Elite
Wide - Clip 030.mp4,15528,,,DEFENSE,EDGE,DE (down),0.085,False,False,0.100,Elite,0.120,,Elite
Wide - Clip 031.mp4,15773,,,DEFENSE,S,Deep half,0.238,False,False,0.133,Elite,,0.078,Elite
Wide - Clip 031.mp4,15841,,,DEFENSE,S,Strong Safety,0.303,True,False,0.133,Elite,,0.082,Elite
Wide - Clip 031.mp4,15844,,,DEFENSE,S,Deep half,0.235,False,False,0.133,Elite,,0.079,Elite
Wide - Clip 031.mp4,15933,,,DEFENSE,EDGE,DE (down),0.002,False,True,0.100,Elite,,,Elite
Wide - Clip 031.mp4,16076,56,,DEFENSE,S,Strong Safety,0.295,True,False,0.133,Elite,,0.074,Elite
Wide - Clip 031.mp4,16125,,,DEFENSE,DL,3-tech,0.055,True,False,0.200,Elite,,,Elite
Wide - Clip 031.mp4,16130,,,DEFENSE,CB,Press,0.078,False,False,0.100,Elite,,0.112,Elite
Wide - Clip 032.mp4,15773,,,DEFENSE,S,Deep half,0.272,False,False,0.367,Average,,0.032,Average
Wide - Clip 032.mp4,15844,,,DEFENSE,S,Deep half,0.268,False,False,0.333,Above Average,,0.031,Above Average
Wide - Clip 032.mp4,16320,,,DEFENSE,EDGE,DE (down),0.107,False,False,0.300,Above Average,0.109,,Above Average
Wide - Clip 032.mp4,16322,,,DEFENSE,DL,1-tech,0.021,True,True,0.267,Above Average,0.030,,Above Average
Wide - Clip 032.mp4,16325,,,DEFENSE,S,Strong Safety,0.342,True,False,0.400,Average,,0.035,Average
Wide - Clip 032.mp4,16328,,,DEFENSE,EDGE,DE (down),0.153,True,False,0.300,Above Average,0.157,,Elite
Wide - Clip 032.mp4,16369,,,DEFENSE,DL,3-tech,0.096,True,False,0.367,Average,0.104,,Average
Wide - Clip 032.mp4,16375,,,DEFENSE,S,Free Safety (centerfield),0.371,True,False,0.367,Average,,0.033,Average
Wide - Clip 032.mp4,16388,,,DEFENSE,EDGE,DE (down),0.045,False,False,0.333,Average,0.053,,Average
Wide - Clip 032.mp4,16413,,,DEFENSE,DL,0-tech (Nose),0.091,True,False,0.333,Average,0.099,,Average
Wide - Clip 032.mp4,16417,,,DEFENSE,DL,1-tech,0.094,True,False,0.167,Elite,,,Elite
Wide - Clip 032.mp4,16420,,,DEFENSE,EDGE,DE (down),0.065,False,False,0.300,Above Average,0.073,,Above Average
Wide - Clip 032.mp4,16437,,,DEFENSE,S,Strong Safety,0.380,True,False,0.033,Elite,,0.044,Elite
Wide - Clip 032.mp4,16445,,,DEFENSE,S,Strong Safety,0.476,True,False,0.300,Above Average,,0.034,Above Average
Wide - Clip 032.mp4,16470,,,DEFENSE,S,Free Safety (centerfield),0.373,True,False,0.400,Average,,0.031,Average
Wide - Clip 033.mp4,16564,,,DEFENSE,S,Deep half,0.269,False,False,1.700,Developmental,,0.002,Below Average
Wide - Clip 033.mp4,16565,,,DEFENSE,EDGE,DE (down),0.033,False,False,0.533,Below Average,0.033,,Below Average
Wide - Clip 033.mp4,16566,,,DEFENSE,EDGE,OLB (up),0.039,False,False,0.133,Elite,,,Elite
Wide - Clip 033.mp4,16569,,,DEFENSE,S,Deep half,0.277,True,False,1.667,Developmental,,0.005,Below Average
Wide - Clip 033.mp4,16568,,,DEFENSE,LB,WILL (weak),0.067,True,False,0.300,Above Average,,,Above Average
Wide - Clip 033.mp4,16594,,,DEFENSE,S,Deep half,0.423,False,False,1.333,Developmental,,0.003,Below Average
Wide - Clip 033.mp4,16596,,,DEFENSE,DL,0-tech (Nose),0.006,True,True,0.133,Elite,,,Elite
Wide - Clip 033.mp4,16696,,,DEFENSE,S,Deep half,0.418,False,False,1.467,Developmental,,0.001,Below Average
Wide - Clip 033.mp4,16718,,,DEFENSE,S,Strong Safety,0.354,True,False,1.467,Developmental,,0.005,Below Average
Wide - Clip 033.mp4,16727,,,DEFENSE,S,Free Safety (centerfield),0.415,True,False,,,,0.000,Average
Wide - Clip 033.mp4,16729,,,DEFENSE,DL,5-tech,0.026,True,True,0.100,Elite,,,Elite
Wide - Clip 033.mp4,16731,,,DEFENSE,CB,Deep,0.439,False,False,,,,0.001,Average
Wide - Clip 033.mp4,16732,,,DEFENSE,DL,0-tech (Nose),0.041,True,False,,,,,Average
Wide - Clip 033.mp4,16739,,,DEFENSE,S,Deep half,0.412,True,False,,,,,Average
Wide - Clip 034.mp4,17220,,,DEFENSE,S,Deep half,0.386,False,False,0.133,Elite,,0.089,Elite
Wide - Clip 034.mp4,17355,,,DEFENSE,S,Strong Safety,0.273,True,False,0.133,Elite,,0.008,Elite
Wide - Clip 034.mp4,17431,,,DEFENSE,CB,Deep,0.321,False,False,0.133,Elite,,0.126,Elite
Wide - Clip 034.mp4,17504,,,DEFENSE,S,Deep half,0.333,False,False,0.100,Elite,,0.103,Elite
Wide - Clip 034.mp4,17562,,,DEFENSE,S,Deep half,0.312,False,False,0.100,Elite,,0.103,Elite
Wide - Clip 034.mp4,17580,,,DEFENSE,CB,Deep,0.326,False,False,0.067,Elite,,0.011,Elite
Wide - Clip 034.mp4,17590,,,DEFENSE,CB,Deep,0.331,False,False,,,,0.004,Average
Wide - Clip 034.mp4,17592,,,DEFENSE,CB,Deep,0.372,False,False,,,,0.004,Average
Wide - Clip 035.mp4,18406,,,DEFENSE,UNKNOWN,,0.168,True,False,0.100,Elite,,,Elite
Wide - Clip 035.mp4,18405,,,DEFENSE,DL,3-tech,0.024,True,True,,,,,Average
Wide - Clip 035.mp4,18411,,,DEFENSE,EDGE,DE (down),0.113,False,False,0.033,Elite,0.120,,Elite
Wide - Clip 035.mp4,18513,,,DEFENSE,DL,0-tech (Nose),0.111,True,False,0.400,Average,,,Average
Wide - Clip 035.mp4,18577,,,DEFENSE,CB,Deep,0.422,False,False,0.167,Elite,,0.038,Elite
Wide - Clip 035.mp4,18580,,,DEFENSE,EDGE,DE (down),0.130,False,False,0.267,Above Average,0.129,,Above Average
Wide - Clip 035.mp4,18581,,,DEFENSE,EDGE,DE (down),0.108,True,False,0.200,Elite,0.155,,Elite
Wide - Clip 035.mp4,18587,,,DEFENSE,EDGE,DE (down),0.291,True,False,1.900,Developmental,,,Below Average
Wide - Clip 035.mp4,18602,,,DEFENSE,CB,Deep,0.385,False,False,1.300,Developmental,,0.001,Below Average
Wide - Clip 035.mp4,18613,,,DEFENSE,EDGE,DE (down),0.124,False,False,1.167,Developmental,0.123,,Below Average
Wide - Clip 035.mp4,18614,,,DEFENSE,EDGE,DE (down),0.159,False,False,0.400,Average,0.162,,Above Average
Wide - Clip 035.mp4,18621,,,DEFENSE,S,Strong Safety,0.343,True,False,1.267,Developmental,,0.005,Below Average
Wide - Clip 035.mp4,18630,,,DEFENSE,LB,MIKE (middle),0.032,True,False,0.467,Average,,,Average
Wide - Clip 035.mp4,18635,,,DEFENSE,S,Deep half,0.441,False,False,1.133,Developmental,,0.008,Below Average
Wide - Clip 035.mp4,18640,,,DEFENSE,EDGE,DE (down),0.360,False,False,,,0.359,,Above Average
Wide - Clip 036.mp4,18943,,,DEFENSE,CB,Deep,0.418,False,False,1.267,Developmental,,0.008,Below Average
Wide - Clip 036.mp4,18945,,,DEFENSE,EDGE,DE (down),0.169,False,False,0.467,Below Average,0.171,,Average
Wide - Clip 036.mp4,18942,,,DEFENSE,DL,0-tech (Nose),0.025,True,True,0.633,Developmental,,,Below Average
Wide - Clip 036.mp4,18949,,,DEFENSE,EDGE,DE (down),0.215,False,False,1.233,Developmental,0.216,,Average
Wide - Clip 036.mp4,18946,,,DEFENSE,UNKNOWN,,0.170,True,False,0.033,Elite,,,Elite
Wide - Clip 036.mp4,18950,,,DEFENSE,DL,3-tech,0.021,True,True,,,,,Average
Wide - Clip 036.mp4,18996,,,DEFENSE,S,Strong Safety,0.452,True,False,0.833,Developmental,,0.013,Below Average
Wide - Clip 036.mp4,18998,,,DEFENSE,S,Deep half,0.439,False,False,1.367,Developmental,,0.002,Below Average
Wide - Clip 036.mp4,19021,,,DEFENSE,S,Deep half,0.426,False,False,0.800,Developmental,,0.011,Below Average
Wide - Clip 036.mp4,19022,,,DEFENSE,S,Deep half,0.415,False,False,1.800,Developmental,,0.005,Below Average
Wide - Clip 036.mp4,19025,,,DEFENSE,EDGE,DE (down),0.154,False,False,0.433,Below Average,0.153,,Average
Wide - Clip 036.mp4,19037,,,DEFENSE,EDGE,DE (down),0.190,False,False,0.400,Average,,,Average
Wide - Clip 036.mp4,19048,,,DEFENSE,EDGE,DE (down),0.301,False,False,,,,,Average
Wide - Clip 036.mp4,19050,,,DEFENSE,EDGE,DE (down),0.299,True,False,,,,,Average
Wide - Clip 036.mp4,19066,,,DEFENSE,S,Deep half,0.426,False,False,1.733,Developmental,,0.006,Below Average
Wide - Clip 036.mp4,19076,,,DEFENSE,DL,0-tech (Nose),0.190,True,False,1.467,Developmental,0.191,,Average
Wide - Clip 036.mp4,19083,,,DEFENSE,CB,Deep,0.467,False,False,,,,0.002,Average
Wide - Clip 037.mp4,19415,,,DEFENSE,DL,0-tech (Nose),0.164,True,False,0.233,Above Average,0.183,,Elite
Wide - Clip 037.mp4,19421,,,DEFENSE,CB,Deep,0.402,False,False,0.233,Elite,,0.066,Elite
Wide - Clip 037.mp4,19456,,,DEFENSE,CB,Deep,0.376,False,False,0.200,Elite,,0.033,Elite
Wide - Clip 037.mp4,19457,,,DEFENSE,S,Deep half,0.417,False,False,0.433,Average,,0.039,Average
Wide - Clip 037.mp4,19545,,,DEFENSE,S,Deep half,0.421,False,False,,,,0.002,Average
Wide - Clip 037.mp4,19560,,,DEFENSE,EDGE,DE (down),0.286,True,False,0.200,Elite,0.308,,Elite
Wide - Clip 037.mp4,19597,,,DEFENSE,DL,5-tech,0.183,True,False,0.167,Elite,0.198,,Elite
Wide - Clip 037.mp4,19630,,,DEFENSE,S,Deep half,0.429,False,False,0.233,Elite,,0.049,Elite
Wide - Clip 037.mp4,19638,,,DEFENSE,EDGE,DE (down),0.214,False,False,0.367,Average,0.224,,Above Average
Wide - Clip 037.mp4,19644,,,DEFENSE,S,Deep half,0.263,False,False,0.267,Above Average,,0.044,Above Average
Wide - Clip 037.mp4,19655,,,DEFENSE,EDGE,DE (down),0.279,True,False,0.167,Elite,,,Elite
Wide - Clip 037.mp4,19663,,,DEFENSE,S,Strong Safety,0.417,True,False,0.200,Elite,,0.043,Elite
Wide - Clip 037.mp4,19665,,,DEFENSE,S,Strong Safety,0.440,True,False,0.500,Average,,0.031,Average
Wide - Clip 037.mp4,19694,,,DEFENSE,DL,5-tech,0.199,True,False,0.200,Elite,0.211,,Elite
Wide - Clip 037.mp4,19701,,,DEFENSE,EDGE,DE (down),0.289,True,False,0.233,Above Average,0.305,,Elite
Wide - Clip 038.mp4,20013,,,DEFENSE,UNKNOWN,,0.168,True,False,0.533,Below Average,,,Below Average
Wide - Clip 038.mp4,20056,,,DEFENSE,EDGE,DE (down),0.026,False,True,0.167,Elite,,,Elite
Wide - Clip 038.mp4,20072,,,DEFENSE,S,Strong Safety,0.264,True,False,0.433,Average,,0.010,Average
Wide - Clip 038.mp4,20151,,,DEFENSE,S,Deep half,0.353,False,False,0.400,Average,,0.028,Average
Wide - Clip 038.mp4,20157,,,DEFENSE,CB,Deep,0.164,False,False,0.567,Below Average,,0.018,Below Average
Wide - Clip 038.mp4,20158,,,DEFENSE,DL,1-tech,0.011,True,True,0.300,Above Average,,,Above Average
Wide - Clip 038.mp4,20162,,,DEFENSE,DL,3-tech,0.002,True,True,0.333,Average,,,Average
Wide - Clip 039.mp4,20438,,,DEFENSE,SLOT,Nickel/Slot,0.063,False,False,0.267,Above Average,,0.014,Above Average
Wide - Clip 039.mp4,20566,1,,DEFENSE,CB,Deep,0.168,False,False,0.133,Elite,,0.105,Elite
Wide - Clip 039.mp4,20576,,,DEFENSE,EDGE,OLB (up),0.035,False,False,0.233,Above Average,,,Above Average
Wide - Clip 039.mp4,20588,,,DEFENSE,CB,Press,0.064,False,False,0.367,Average,,0.025,Average
Wide - Clip 039.mp4,20609,,,DEFENSE,LB,SAM (strong),0.051,True,False,,,,,Average
Wide - Clip 039.mp4,20629,,,DEFENSE,UNKNOWN,,0.163,True,False,,,,,Average
Wide - Clip 039.mp4,20634,,,DEFENSE,S,Strong Safety,0.264,True,False,0.233,Elite,,0.051,Elite
Wide - Clip 040.mp4,20742,,,DEFENSE,S,Deep half,0.288,False,False,0.267,Above Average,,0.048,Above Average
Wide - Clip 040.mp4,20938,,,DEFENSE,S,Free Safety (centerfield),0.309,True,False,0.067,Elite,,0.024,Elite
Wide - Clip 040.mp4,21002,,,DEFENSE,S,Strong Safety,0.259,True,False,0.600,Below Average,,0.020,Below Average
Wide - Clip 040.mp4,21018,,,DEFENSE,S,Strong Safety,0.276,True,False,,,,0.006,Average
Wide - Clip 041.mp4,21365,,,DEFENSE,EDGE,DE (down),0.056,False,False,0.200,Elite,0.073,,Elite
Wide - Clip 041.mp4,21787,,,DEFENSE,S,Deep half,0.428,True,False,0.233,Elite,,0.044,Elite
Wide - Clip 041.mp4,21918,,,DEFENSE,S,Deep half,0.410,False,False,0.167,Elite,,0.046,Elite
Wide - Clip 041.mp4,21919,,,DEFENSE,S,Strong Safety,0.426,True,False,0.367,Average,,0.027,Average
Wide - Clip 041.mp4,21921,,,DEFENSE,S,Strong Safety,0.313,True,False,0.400,Average,,0.023,Average
Wide - Clip 041.mp4,21937,,,DEFENSE,S,Strong Safety,0.287,True,False,0.167,Elite,,0.036,Elite
Wide - Clip 041.mp4,21939,,,DEFENSE,S,Strong Safety,0.418,True,False,0.300,Above Average,,0.042,Above Average
Wide - Clip 042.mp4,22142,,,DEFENSE,EDGE,DE (down),0.097,False,False,0.167,Elite,0.077,,Elite
Wide - Clip 042.mp4,22232,,,DEFENSE,S,Free Safety (centerfield),0.422,True,False,0.467,Average,,0.038,Average
Wide - Clip 042.mp4,22262,,,DEFENSE,S,Strong Safety,0.408,True,False,0.467,Average,,0.038,Average
Wide - Clip 042.mp4,22263,,,DEFENSE,CB,Deep,0.385,False,False,0.200,Elite,,0.058,Elite
Wide - Clip 042.mp4,22269,,,DEFENSE,S,Strong Safety,0.436,True,False,0.433,Average,,0.050,Average
Wide - Clip 042.mp4,22290,,,DEFENSE,CB,Deep,0.384,False,False,0.333,Above Average,,0.100,Elite
Wide - Clip 042.mp4,22291,,,DEFENSE,EDGE,DE (down),0.031,False,False,0.667,Developmental,0.028,,Below Average
Wide - Clip 042.mp4,22315,,,DEFENSE,S,Strong Safety,0.419,True,False,0.400,Average,,0.037,Average
Wide - Clip 042.mp4,22320,,,DEFENSE,S,Strong Safety,0.381,True,False,0.267,Above Average,,0.033,Above Average
Wide - Clip 042.mp4,22336,,,DEFENSE,CB,Deep,0.385,False,False,0.200,Elite,,0.001,Elite
Wide - Clip 042.mp4,22344,,,DEFENSE,S,Strong Safety,0.449,True,False,0.567,Below Average,,0.012,Below Average
Wide - Clip 042.mp4,22351,,,DEFENSE,S,Deep half,0.402,False,False,0.400,Average,,0.016,Average
Wide - Clip 043.mp4,22963,,,DEFENSE,S,Strong Safety,0.329,True,False,1.533,Developmental,,0.006,Below Average
Wide - Clip 043.mp4,22972,,,DEFENSE,LB,WILL (weak),0.035,True,False,1.300,Developmental,,,Below Average
Wide - Clip 043.mp4,22973,,,DEFENSE,DL,1-tech,0.101,True,False,0.133,Elite,,,Elite
Wide - Clip 043.mp4,23036,,,DEFENSE,S,Strong Safety,0.343,True,False,0.467,Average,,0.003,Average
Wide - Clip 043.mp4,23074,,,DEFENSE,EDGE,DE (down),0.148,False,False,0.567,Developmental,0.147,,Below Average
Wide - Clip 043.mp4,23113,,,DEFENSE,S,Strong Safety,0.436,True,False,0.633,Below Average,,0.016,Below Average
Wide - Clip 043.mp4,23117,,,DEFENSE,S,Strong Safety,0.368,True,False,0.433,Average,,0.019,Average
Wide - Clip 043.mp4,23124,,,DEFENSE,S,Deep half,0.410,True,False,1.400,Developmental,,0.014,Below Average
Wide - Clip 043.mp4,23145,,,DEFENSE,S,Deep half,0.428,False,False,,,,0.008,Average
Wide - Clip 043.mp4,23147,,,DEFENSE,S,Strong Safety,0.393,True,False,0.367,Average,,0.006,Average
Wide - Clip 043.mp4,23149,,,DEFENSE,S,Strong Safety,0.337,True,False,1.400,Developmental,,0.005,Below Average
Wide - Clip 043.mp4,23153,,,DEFENSE,S,Free Safety (centerfield),0.406,True,False,0.167,Elite,,0.008,Elite
Wide - Clip 043.mp4,23154,,,DEFENSE,S,Free Safety (centerfield),0.375,True,False,0.300,Above Average,,0.005,Above Average
Wide - Clip 043.mp4,23161,,,DEFENSE,S,Free Safety (centerfield),0.364,True,False,0.400,Average,,0.016,Average
Wide - Clip 044.mp4,23307,,,DEFENSE,S,Deep half,0.387,False,False,0.067,Elite,,0.059,Elite
Wide - Clip 044.mp4,23316,,,DEFENSE,S,Strong Safety,0.450,True,False,0.100,Elite,,0.044,Elite
Wide - Clip 044.mp4,23375,,,DEFENSE,S,Free Safety (centerfield),0.423,True,False,0.100,Elite,,0.039,Elite
Wide - Clip 044.mp4,23426,,,DEFENSE,S,Strong Safety,0.418,True,False,0.033,Elite,,0.028,Elite
Wide - Clip 044.mp4,23433,,,DEFENSE,S,Free Safety (centerfield),0.413,True,False,0.100,Elite,,0.038,Elite
Wide - Clip 045.mp4,23305,,,DEFENSE,S,Deep half,0.354,False,False,0.700,Developmental,,0.025,Below Average
Wide - Clip 045.mp4,23693,,,DEFENSE,S,Strong Safety,0.419,True,False,0.667,Developmental,,0.028,Below Average
Wide - Clip 045.mp4,23375,,,DEFENSE,S,Deep half,0.450,False,False,0.600,Below Average,,0.028,Below Average
Wide - Clip 045.mp4,23698,,,DEFENSE,UNKNOWN,,0.165,False,False,0.100,Elite,,,Elite
Wide - Clip 045.mp4,23696,,,DEFENSE,S,Strong Safety,0.456,True,False,0.567,Below Average,,0.042,Below Average
Wide - Clip 045.mp4,23709,,,DEFENSE,EDGE,DE (down),0.148,False,False,0.500,Below Average,,,Below Average
Wide - Clip 045.mp4,23729,,,DEFENSE,S,Free Safety (centerfield),0.418,True,False,0.700,Developmental,,0.024,Below Average
Wide - Clip 045.mp4,23768,,,DEFENSE,DL,1-tech,0.072,True,False,0.433,Below Average,0.117,,Average
Wide - Clip 045.mp4,23776,,,DEFENSE,S,Strong Safety,0.402,True,False,0.633,Below Average,,0.017,Below Average
Wide - Clip 045.mp4,23780,,,DEFENSE,EDGE,DE (down),0.183,False,False,0.500,Below Average,0.218,,Average
Wide - Clip 045.mp4,23782,,,DEFENSE,DL,5-tech,0.312,True,False,1.033,Developmental,0.312,,Average
Wide - Clip 045.mp4,23794,,,DEFENSE,DL,1-tech,0.319,True,False,,,,,Average
Wide - Clip 045.mp4,23801,,,DEFENSE,EDGE,DE (down),0.209,False,False,0.233,Above Average,0.247,,Elite
Wide - Clip 045.mp4,23802,,,DEFENSE,DL,0-tech (Nose),0.203,True,False,,,,,Average
Wide - Clip 046.mp4,24036,,,DEFENSE,EDGE,DE (down),0.325,False,False,,,,,Average
Wide - Clip 046.mp4,24045,,,DEFENSE,S,Strong Safety,0.394,True,False,0.233,Elite,,0.050,Elite
Wide - Clip 046.mp4,24120,,,DEFENSE,EDGE,DE (down),0.385,False,False,0.100,Elite,,,Elite
Wide - Clip 046.mp4,24143,,,DEFENSE,EDGE,DE (down),0.393,False,False,0.100,Elite,0.380,,Elite
Wide - Clip 046.mp4,24147,,,DEFENSE,EDGE,DE (down),0.400,False,False,0.100,Elite,0.386,,Elite
Wide - Clip 046.mp4,24159,,,DEFENSE,S,Free Safety (centerfield),0.410,True,False,0.133,Elite,,0.053,Elite
Wide - Clip 046.mp4,24176,,,DEFENSE,DL,5-tech,0.172,True,False,0.133,Elite,,,Elite
Wide - Clip 046.mp4,24181,,,DEFENSE,EDGE,DE (down),0.190,False,False,0.900,Developmental,0.153,,Average
Wide - Clip 046.mp4,24186,,,DEFENSE,DL,3-tech,0.121,True,False,0.100,Elite,,,Elite
Wide - Clip 046.mp4,24192,,,DEFENSE,EDGE,DE (down),0.218,False,False,,,,,Average
Wide - Clip 046.mp4,24193,,,DEFENSE,S,Strong Safety,0.417,True,False,0.100,Elite,,0.056,Elite
Wide - Clip 046.mp4,24209,,,DEFENSE,DL,3-tech,0.275,True,False,0.167,Elite,,,Elite
Wide - Clip 047.mp4,24858,,,DEFENSE,CB,Deep,0.427,False,False,,,,0.003,Average
Wide - Clip 047.mp4,24880,,,DEFENSE,S,Deep half,0.421,False,False,0.167,Elite,,0.129,Elite
Wide - Clip 047.mp4,24891,,,DEFENSE,S,Free Safety (centerfield),0.418,True,False,0.033,Elite,,0.074,Elite
Wide - Clip 047.mp4,24929,,,DEFENSE,S,Strong Safety,0.385,True,False,0.033,Elite,,0.055,Elite
Wide - Clip 047.mp4,24941,,,DEFENSE,S,Deep half,0.377,True,False,0.300,Above Average,,0.051,Above Average
Wide - Clip 047.mp4,24962,,,DEFENSE,S,Free Safety (centerfield),0.417,True,False,0.233,Elite,,0.099,Elite
Wide - Clip 047.mp4,24995,,,DEFENSE,S,Strong Safety,0.380,True,False,0.200,Elite,,0.076,Elite
Wide - Clip 047.mp4,25014,,,DEFENSE,S,Strong Safety,0.369,True,False,0.133,Elite,,0.075,Elite
Wide - Clip 047.mp4,25018,,,DEFENSE,S,Strong Safety,0.411,True,False,0.200,Elite,,0.091,Elite
Wide - Clip 047.mp4,25044,,,DEFENSE,CB,Deep,0.409,False,False,0.133,Elite,,0.077,Elite
Wide - Clip 047.mp4,25047,,,DEFENSE,S,Strong Safety,0.398,True,False,0.267,Above Average,,0.124,Elite
Wide - Clip 047.mp4,25050,,,DEFENSE,CB,Deep,0.369,False,False,0.100,Elite,,0.039,Elite
Wide - Clip 047.mp4,25057,,,DEFENSE,S,Deep half,0.391,True,False,0.367,Average,,0.010,Average
Wide - Clip 048.mp4,25179,,,DEFENSE,DL,5-tech,0.168,True,False,0.100,Elite,0.153,,Elite
Wide - Clip 048.mp4,25077,,,DEFENSE,S,Deep half,0.410,False,False,0.233,Elite,,0.014,Elite
Wide - Clip 048.mp4,25280,,,DEFENSE,S,Deep half,0.414,False,False,1.000,Developmental,,0.013,Below Average
Wide - Clip 048.mp4,25320,,,DEFENSE,EDGE,DE (down),0.203,False,False,0.167,Elite,,,Elite
Wide - Clip 048.mp4,25336,,,DEFENSE,EDGE,DE (down),0.214,False,False,0.067,Elite,0.203,,Elite
Wide - Clip 048.mp4,25338,,,DEFENSE,DL,0-tech (Nose),0.213,True,False,0.167,Elite,,,Elite
Wide - Clip 048.mp4,25380,,,DEFENSE,S,Strong Safety,0.429,True,False,1.033,Developmental,,0.017,Below Average
Wide - Clip 048.mp4,25413,,,DEFENSE,LB,MIKE (middle),0.118,True,False,,,,,Average
Wide - Clip 049.mp4,25654,,,DEFENSE,UNKNOWN,,0.176,False,False,0.067,Elite,,,Elite
Wide - Clip 049.mp4,25657,,,DEFENSE,DL,0-tech (Nose),0.162,True,False,0.167,Elite,,,Elite
Wide - Clip 049.mp4,25669,,,DEFENSE,EDGE,DE (down),0.171,False,False,0.133,Elite,0.163,,Elite
Wide - Clip 049.mp4,25699,,,DEFENSE,UNKNOWN,,0.185,True,False,0.033,Elite,,,Elite
Wide - Clip 049.mp4,25714,,,DEFENSE,EDGE,DE (down),0.201,False,False,0.133,Elite,0.168,,Elite
Wide - Clip 049.mp4,25719,,,DEFENSE,DL,3-tech,0.014,True,True,0.067,Elite,,,Elite
Wide - Clip 049.mp4,25780,,,DEFENSE,S,Strong Safety,0.374,True,False,0.633,Below Average,,0.013,Below Average
Wide - Clip 049.mp4,25801,,,DEFENSE,S,Deep half,0.429,False,False,1.100,Developmental,,0.006,Below Average
Wide - Clip 049.mp4,25804,,,DEFENSE,S,Strong Safety,0.454,True,False,0.733,Developmental,,0.010,Below Average
Wide - Clip 049.mp4,25821,,,DEFENSE,S,Deep half,0.411,False,False,0.533,Below Average,,0.033,Below Average
Wide - Clip 049.mp4,25829,,,DEFENSE,EDGE,DE (down),0.177,False,False,0.133,Elite,0.159,,Elite
Wide - Clip 049.mp4,25833,,,DEFENSE,DL,5-tech,0.154,True,False,0.367,Average,,,Average
Wide - Clip 050.mp4,26428,,,DEFENSE,CB,Deep,0.450,False,False,0.133,Elite,,0.103,Elite
Wide - Clip 050.mp4,26541,,,DEFENSE,S,Strong Safety,0.421,True,False,0.333,Above Average,,0.026,Above Average
Wide - Clip 050.mp4,26583,,,DEFENSE,S,Deep half,0.452,False,False,0.133,Elite,,0.069,Elite
Wide - Clip 050.mp4,26587,,,DEFENSE,S,Deep half,0.418,True,False,0.233,Elite,,0.032,Elite
Wide - Clip 050.mp4,26604,,,DEFENSE,S,Deep half,0.440,False,False,0.167,Elite,,0.050,Elite
Wide - Clip 050.mp4,26612,,,DEFENSE,S,Deep half,0.410,False,False,0.400,Average,,0.016,Average
Wide - Clip 051.mp4,26922,,,DEFENSE,S,Strong Safety,0.437,True,False,0.633,Below Average,,0.027,Below Average
Wide - Clip 051.mp4,26939,,,DEFENSE,S,Deep half,0.427,True,False,1.267,Developmental,,0.082,Below Average
Wide - Clip 051.mp4,26969,,,DEFENSE,CB,Deep,0.444,False,False,0.400,Average,,0.029,Average
Wide - Clip 051.mp4,26973,,,DEFENSE,CB,Deep,0.440,False,False,0.700,Developmental,,0.015,Below Average
Wide - Clip 051.mp4,26985,,,DEFENSE,S,Deep half,0.448,False,False,0.600,Below Average,,0.035,Below Average
Wide - Clip 051.mp4,27018,,,DEFENSE,S,Strong Safety,0.444,True,False,,,,,Average
Wide - Clip 051.mp4,27035,,,DEFENSE,S,Deep half,0.432,True,False,0.700,Developmental,,0.026,Below Average
Wide - Clip 052.mp4,27357,,,DEFENSE,S,Strong Safety,0.390,True,False,0.500,Average,,0.004,Average
Wide - Clip 052.mp4,27414,,,DEFENSE,S,Deep half,0.410,True,False,0.333,Above Average,,0.013,Above Average
Wide - Clip 052.mp4,27528,,,DEFENSE,S,Strong Safety,0.391,True,False,0.767,Developmental,,0.005,Below Average
Wide - Clip 052.mp4,27529,,,DEFENSE,S,Deep half,0.422,False,False,0.700,Developmental,,0.013,Below Average
Wide - Clip 052.mp4,27538,,,DEFENSE,S,Strong Safety,0.387,True,False,0.467,Average,,0.074,Average
Wide - Clip 052.mp4,27542,,,DEFENSE,CB,Deep,0.389,False,False,0.533,Below Average,,0.018,Below Average
Wide - Clip 053.mp4,28333,,,DEFENSE,S,Deep half,0.251,False,False,0.200,Elite,,0.060,Elite
Wide - Clip 053.mp4,28332,,,DEFENSE,EDGE,DE (down),0.133,False,False,0.200,Above Average,0.140,,Above Average
Wide - Clip 053.mp4,28335,,,DEFENSE,SLOT,Nickel/Slot,0.068,False,False,0.200,Elite,,0.082,Elite
Wide - Clip 053.mp4,28364,,,DEFENSE,S,Free Safety (centerfield),0.396,True,False,0.233,Elite,,0.058,Elite
Wide - Clip 053.mp4,28453,,,DEFENSE,EDGE,DE (down),0.063,True,False,0.267,Above Average,0.068,,Above Average
Wide - Clip 053.mp4,28461,,,DEFENSE,DL,3-tech,0.109,True,False,0.233,Above Average,0.115,,Above Average
Wide - Clip 053.mp4,28467,,,DEFENSE,S,Strong Safety,0.388,True,False,0.233,Elite,,0.059,Elite
Wide - Clip 053.mp4,28479,,,DEFENSE,EDGE,DE (down),0.066,False,False,0.167,Elite,,,Elite
Wide - Clip 053.mp4,28480,,,DEFENSE,DL,3-tech,0.131,True,False,0.233,Above Average,,,Above Average
Wide - Clip 053.mp4,28488,,,DEFENSE,DL,0-tech (Nose),0.080,True,False,0.233,Above Average,0.106,,Above Average
Wide - Clip 053.mp4,28494,,,DEFENSE,DL,5-tech,0.067,True,False,0.233,Above Average,,,Above Average
Wide - Clip 053.mp4,28495,,,DEFENSE,EDGE,DE (down),0.081,True,False,,,,,Average
Wide - Clip 053.mp4,28500,,,DEFENSE,DL,1-tech,0.125,True,False,0.300,Average,0.136,,Average
Wide - Clip 054.mp4,29190,,,DEFENSE,CB,Deep,0.389,False,False,0.033,Elite,,0.005,Elite
Wide - Clip 055.mp4,29416,,,DEFENSE,S,Deep half,0.422,False,False,0.133,Elite,,0.164,Elite
Wide - Clip 055.mp4,29425,,,DEFENSE,S,Strong Safety,0.430,True,False,0.100,Elite,,0.217,Elite
Wide - Clip 055.mp4,29524,,,DEFENSE,S,Deep half,0.272,True,False,0.167,Elite,,0.097,Elite
Wide - Clip 055.mp4,29661,,,DEFENSE,EDGE,DE (down),0.078,False,False,0.367,Average,0.081,,Average
Wide - Clip 055.mp4,29714,,,DEFENSE,DL,3-tech,0.098,True,False,0.167,Elite,0.092,,Elite
Wide - Clip 055.mp4,29729,,,DEFENSE,EDGE,DE (down),0.001,False,True,,,,,Average
Wide - Clip 055.mp4,29752,,,DEFENSE,DL,5-tech,0.054,True,False,0.067,Elite,,,Elite
Wide - Clip 055.mp4,29765,,,DEFENSE,DL,5-tech,0.066,True,False,,,,,Average
Wide - Clip 055.mp4,29775,,,DEFENSE,DL,0-tech (Nose),0.070,True,False,0.033,Elite,0.064,,Elite
Wide - Clip 055.mp4,29793,,,DEFENSE,EDGE,DE (down),0.081,True,False,0.167,Elite,0.061,,Elite
Wide - Clip 055.mp4,29811,,,DEFENSE,CB,Deep,0.426,False,False,0.133,Elite,,0.149,Elite
Wide - Clip 055.mp4,29818,,,DEFENSE,EDGE,DE (down),0.062,True,False,0.033,Elite,,,Elite
Wide - Clip 056.mp4,30250,,,DEFENSE,S,Strong Safety,0.446,True,False,0.333,Above Average,,0.011,Above Average
Wide - Clip 056.mp4,30259,,,DEFENSE,S,Deep half,0.458,False,False,0.467,Average,,0.008,Average
Wide - Clip 057.mp4,30558,,,DEFENSE,EDGE,OLB (up),0.042,False,False,0.067,Elite,,,Elite
Wide - Clip 057.mp4,30566,,,DEFENSE,CB,Deep,0.410,False,False,0.167,Elite,,0.024,Elite
Wide - Clip 057.mp4,30659,,,DEFENSE,EDGE,DE (down),0.025,False,True,0.200,Above Average,0.014,,Above Average
Wide - Clip 057.mp4,30663,,,DEFENSE,DL,3-tech,0.007,True,True,0.067,Elite,0.008,,Elite
Wide - Clip 057.mp4,30740,,,DEFENSE,S,Deep half,0.444,True,False,0.200,Elite,,0.027,Elite
Wide - Clip 057.mp4,30782,,,DEFENSE,EDGE,DE (down),0.283,False,False,0.400,Below Average,0.279,,Average
Wide - Clip 057.mp4,30801,,,DEFENSE,S,Deep half,0.442,False,False,0.200,Elite,,0.029,Elite
Wide - Clip 057.mp4,30844,,,DEFENSE,DL,0-tech (Nose),0.114,True,False,,,,,Average
Wide - Clip 057.mp4,30853,,,DEFENSE,DL,0-tech (Nose),0.124,True,False,0.267,Above Average,0.125,,Above Average
Wide - Clip 057.mp4,30855,,,DEFENSE,S,Deep half,0.437,False,False,0.200,Elite,,0.027,Elite
Wide - Clip 057.mp4,30857,,,DEFENSE,EDGE,DE (down),0.284,False,False,0.367,Average,0.276,,Above Average
Wide - Clip 057.mp4,30885,,,DEFENSE,S,Deep half,0.262,False,False,0.167,Elite,,0.026,Elite
Wide - Clip 058.mp4,30986,,,DEFENSE,EDGE,DE (down),0.074,False,False,0.167,Elite,0.102,,Elite
Wide - Clip 058.mp4,31173,,,DEFENSE,CB,Deep,0.433,False,False,0.267,Above Average,,0.027,Above Average
Wide - Clip 058.mp4,31184,,,DEFENSE,UNKNOWN,,0.176,False,False,0.100,Elite,,,Elite
Wide - Clip 058.mp4,31193,,,DEFENSE,CB,Deep,0.415,False,False,0.333,Above Average,,0.021,Above Average
Wide - Clip 058.mp4,31192,,,DEFENSE,UNKNOWN,,0.179,True,False,0.133,Elite,,,Elite
Wide - Clip 058.mp4,31242,,,DEFENSE,DL,5-tech,0.091,True,False,0.200,Above Average,0.107,,Above Average
Wide - Clip 058.mp4,31248,,,DEFENSE,DL,1-tech,0.153,True,False,0.267,Above Average,0.156,,Elite
Wide - Clip 058.mp4,31261,,,DEFENSE,EDGE,DE (down),0.089,False,False,0.367,Average,0.102,,Average
Wide - Clip 058.mp4,31282,,,DEFENSE,S,Deep half,0.405,True,False,0.233,Elite,,0.037,Elite
Wide - Clip 058.mp4,31293,,,DEFENSE,DL,0-tech (Nose),0.165,True,False,0.333,Average,0.150,,Above Average
Wide - Clip 058.mp4,31294,,,DEFENSE,DL,3-tech,0.153,True,False,0.133,Elite,0.149,,Elite
Wide - Clip 058.mp4,31306,,,DEFENSE,S,Strong Safety,0.236,True,False,0.233,Elite,,0.029,Elite
Wide - Clip 059.mp4,31358,,,DEFENSE,LB,MIKE (middle),0.068,True,False,0.233,Elite,,,Elite
Wide - Clip 059.mp4,31375,,,DEFENSE,LB,MIKE (middle),0.060,True,False,0.233,Elite,,,Elite
Wide - Clip 059.mp4,31383,,,DEFENSE,SLOT,Nickel/Slot,0.142,False,False,0.100,Elite,,0.028,Elite
Wide - Clip 059.mp4,31482,,,DEFENSE,EDGE,DE (down),0.141,True,False,0.067,Elite,0.154,,Elite
Wide - Clip 059.mp4,31532,,,DEFENSE,DL,1-tech,0.153,True,False,,,,,Average
Wide - Clip 059.mp4,31550,,,DEFENSE,UNKNOWN,,0.166,True,False,0.067,Elite,,,Elite
Wide - Clip 060.mp4,31944,,,DEFENSE,S,Deep half,0.409,False,False,0.300,Above Average,,0.028,Above Average
Wide - Clip 060.mp4,31994,,,DEFENSE,DL,5-tech,0.096,True,False,0.100,Elite,0.163,,Elite
Wide - Clip 060.mp4,32028,,,DEFENSE,S,Deep half,0.419,True,False,0.300,Above Average,,0.032,Above Average
Wide - Clip 060.mp4,32094,,,DEFENSE,S,Strong Safety,0.378,True,False,0.233,Elite,,0.038,Elite
Wide - Clip 060.mp4,32173,,,DEFENSE,S,Deep half,0.384,False,False,0.267,Above Average,,0.037,Above Average
Wide - Clip 060.mp4,32178,,,DEFENSE,S,Strong Safety,0.444,True,False,0.267,Above Average,,0.032,Above Average
Wide - Clip 060.mp4,32181,,,DEFENSE,EDGE,DE (down),0.166,False,False,0.133,Elite,0.163,,Elite
Wide - Clip 060.mp4,32226,,,DEFENSE,EDGE,DE (down),0.141,True,False,0.200,Elite,0.189,,Elite
Wide - Clip 060.mp4,32237,,,DEFENSE,EDGE,DE (down),0.143,False,False,0.300,Above Average,0.153,,Elite
Wide - Clip 060.mp4,32245,,,DEFENSE,DL,0-tech (Nose),0.170,True,False,0.067,Elite,0.203,,Elite
Wide - Clip 060.mp4,32249,,,DEFENSE,DL,5-tech,0.153,True,False,,,,,Average
Wide - Clip 061.mp4,32459,,,DEFENSE,S,Deep half,0.416,False,False,0.233,Elite,,0.043,Elite
Wide - Clip 061.mp4,32460,,,DEFENSE,S,Deep half,0.425,True,False,0.267,Above Average,,0.040,Above Average
Wide - Clip 061.mp4,32465,,,DEFENSE,S,Strong Safety,0.415,True,False,0.267,Above Average,,0.041,Above Average
Wide - Clip 061.mp4,32480,,,DEFENSE,CB,Deep,0.460,False,False,0.233,Elite,,0.043,Elite
Wide - Clip 061.mp4,32475,,,DEFENSE,S,Strong Safety,0.284,True,False,0.233,Elite,,0.041,Elite
Wide - Clip 061.mp4,32608,,,DEFENSE,DL,3-tech,0.091,True,False,0.167,Elite,0.089,,Elite
Wide - Clip 061.mp4,32648,,,DEFENSE,S,Strong Safety,0.417,True,False,0.267,Above Average,,0.051,Above Average
Wide - Clip 062.mp4,32901,,,DEFENSE,DL,0-tech (Nose),0.175,True,False,0.033,Elite,,,Elite
Wide - Clip 062.mp4,32951,,,DEFENSE,CB,Deep,0.418,False,False,0.633,Below Average,,0.010,Below Average
Wide - Clip 062.mp4,32952,,,DEFENSE,UNKNOWN,,0.173,False,False,0.367,Average,,,Average
Wide - Clip 062.mp4,32953,,,DEFENSE,S,Strong Safety,0.416,True,False,1.267,Developmental,,0.003,Below Average
Wide - Clip 062.mp4,32956,,,DEFENSE,S,Deep half,0.434,False,False,1.167,Developmental,,0.005,Below Average
Wide - Clip 062.mp4,32964,,,DEFENSE,EDGE,DE (down),0.009,False,True,0.300,Above Average,0.015,,Above Average
Wide - Clip 062.mp4,32983,,,DEFENSE,UNKNOWN,,0.169,True,False,0.200,Elite,,,Elite
Wide - Clip 062.mp4,33008,,,DEFENSE,S,Free Safety (centerfield),0.440,True,False,1.000,Developmental,,0.015,Below Average
Wide - Clip 062.mp4,33015,,,DEFENSE,S,Strong Safety,0.402,True,False,1.167,Developmental,,0.004,Below Average
Wide - Clip 062.mp4,33021,,,DEFENSE,EDGE,DE (down),0.118,False,False,0.100,Elite,,,Elite
Wide - Clip 062.mp4,33026,,,DEFENSE,EDGE,DE (down),0.169,False,False,0.200,Elite,0.142,,Elite
Wide - Clip 062.mp4,33078,,,DEFENSE,S,Free Safety (centerfield),0.214,True,False,0.133,Elite,,0.172,Elite
Wide - Clip 062.mp4,33094,,,DEFENSE,S,Strong Safety,0.360,True,False,0.267,Above Average,,0.005,Above Average
Wide - Clip 062.mp4,33100,,,DEFENSE,EDGE,DE (down),0.193,True,False,0.167,Elite,,,Elite
Wide - Clip 062.mp4,33106,,,DEFENSE,DL,5-tech,0.123,True,False,0.100,Elite,,,Elite
Wide - Clip 063.mp4,33791,,,DEFENSE,CB,Deep,0.431,False,False,0.233,Elite,,0.080,Elite
Wide - Clip 063.mp4,33867,,,DEFENSE,CB,Off (5-7 yards),0.107,False,False,0.267,Above Average,,0.125,Elite
Wide - Clip 063.mp4,33887,,,DEFENSE,LB,MIKE (middle),0.145,True,False,0.133,Elite,,,Elite
Wide - Clip 063.mp4,33907,,,DEFENSE,S,Strong Safety,0.418,True,False,0.133,Elite,,0.126,Elite
Wide - Clip 063.mp4,33940,,,DEFENSE,DL,5-tech,0.135,True,False,0.667,Developmental,0.098,,Below Average
Wide - Clip 063.mp4,33952,,,DEFENSE,EDGE,DE (down),0.142,False,False,0.167,Elite,,,Elite
Wide - Clip 063.mp4,33974,,,DEFENSE,EDGE,DE (down),0.021,False,True,0.233,Above Average,,,Above Average
Wide - Clip 063.mp4,34018,,,DEFENSE,EDGE,DE (down),0.173,True,False,0.133,Elite,0.150,,Elite
Wide - Clip 063.mp4,34044,,,DEFENSE,S,Strong Safety,0.363,True,False,0.100,Elite,,0.128,Elite
Wide - Clip 063.mp4,34063,,,DEFENSE,S,Strong Safety,0.367,True,False,0.100,Elite,,0.148,Elite
Wide - Clip 063.mp4,34066,,,DEFENSE,SLOT,Nickel/Slot,0.099,False,False,0.033,Elite,,0.036,Elite
Wide - Clip 063.mp4,34067,,,DEFENSE,UNKNOWN,,0.167,True,False,0.100,Elite,,,Elite
Wide - Clip 063.mp4,34102,,,DEFENSE,EDGE,DE (down),0.192,False,False,0.233,Above Average,,,Above Average
Wide - Clip 063.mp4,34109,,,DEFENSE,EDGE,DE (down),0.138,False,False,0.100,Elite,0.112,,Elite
Wide - Clip 063.mp4,34112,,,DEFENSE,EDGE,DE (down),0.137,True,False,,,,,Average
Wide - Clip 063.mp4,34115,,,DEFENSE,S,Deep half,0.410,False,False,0.200,Elite,,0.141,Elite
Wide - Clip 064.mp4,34440,,,DEFENSE,DL,0-tech (Nose),0.090,True,False,0.600,Developmental,0.091,,Below Average
Wide - Clip 064.mp4,34476,,,DEFENSE,LB,WILL (weak),0.137,True,False,0.267,Above Average,,,Above Average
Wide - Clip 064.mp4,34505,,,DEFENSE,EDGE,DE (down),0.095,False,False,0.567,Developmental,0.080,,Below Average
Wide - Clip 064.mp4,34512,,,DEFENSE,SLOT,Nickel/Slot,0.076,False,False,0.233,Elite,,0.062,Elite
Wide - Clip 064.mp4,34530,,,DEFENSE,S,Strong Safety,0.450,True,False,1.467,Developmental,,0.048,Below Average
Wide - Clip 064.mp4,34567,,,DEFENSE,CB,Deep,0.451,False,False,1.767,Developmental,,0.004,Below Average
Wide - Clip 064.mp4,34569,,,DEFENSE,DL,0-tech (Nose),0.001,True,True,0.133,Elite,,,Elite
Wide - Clip 064.mp4,34572,,,DEFENSE,S,Free Safety (centerfield),0.397,True,False,,,,0.005,Average
Wide - Clip 064.mp4,34578,,,DEFENSE,DL,5-tech,0.070,True,False,0.200,Elite,0.079,,Elite
Wide - Clip 065.mp4,34998,,,DEFENSE,EDGE,DE (down),0.037,True,False,0.200,Elite,0.027,,Elite
Wide - Clip 065.mp4,35049,,,DEFENSE,S,Strong Safety,0.203,True,False,0.233,Elite,,0.015,Elite
Wide - Clip 065.mp4,35174,,,DEFENSE,UNKNOWN,,0.194,True,False,0.167,Elite,,,Elite
Wide - Clip 065.mp4,35244,,,DEFENSE,UNKNOWN,,0.175,True,False,0.167,Elite,,,Elite
Wide - Clip 065.mp4,35251,,,DEFENSE,LB,WILL (weak),0.071,True,False,0.667,Developmental,,,Below Average
Wide - Clip 065.mp4,35270,,,DEFENSE,S,Deep half,0.223,False,False,0.100,Elite,,0.021,Elite
Wide - Clip 065.mp4,35286,,,DEFENSE,EDGE,DE (down),0.069,False,False,0.367,Average,0.072,,Average
Wide - Clip 065.mp4,35288,,,DEFENSE,CB,Deep,0.456,False,False,0.367,Average,,0.019,Average
Wide - Clip 065.mp4,35295,,,DEFENSE,CB,Deep,0.461,False,False,0.333,Above Average,,0.021,Above Average
Wide - Clip 065.mp4,35323,,,DEFENSE,DL,1-tech,0.065,True,False,0.267,Above Average,0.063,,Above Average
Wide - Clip 065.mp4,35327,,,DEFENSE,S,Strong Safety,0.288,True,False,0.300,Above Average,,0.068,Above Average
Wide - Clip 065.mp4,35333,,,DEFENSE,DL,5-tech,0.055,True,False,0.133,Elite,0.065,,Elite
Wide - Clip 065.mp4,35342,,,DEFENSE,S,Strong Safety,0.205,True,False,0.167,Elite,,0.017,Elite
Wide - Clip 065.mp4,35348,,,DEFENSE,S,Free Safety (centerfield),0.239,True,False,0.233,Elite,,0.019,Elite
Wide - Clip 066.mp4,36230,,,DEFENSE,CB,Deep,0.202,False,False,0.100,Elite,,0.042,Elite
Wide - Clip 066.mp4,36304,,,DEFENSE,S,Strong Safety,0.306,True,False,0.200,Elite,,0.010,Elite
Wide - Clip 066.mp4,36326,,,DEFENSE,S,Deep half,0.412,False,False,,,,,Average
Wide - Clip 066.mp4,36328,,,DEFENSE,EDGE,OLB (up),0.039,False,False,0.100,Elite,,,Elite
Wide - Clip 066.mp4,36330,,,DEFENSE,CB,Press,0.052,False,False,0.067,Elite,,0.087,Elite
Wide - Clip 067.mp4,36598,,,DEFENSE,S,Deep half,0.229,False,False,0.533,Below Average,,0.010,Below Average
Wide - Clip 067.mp4,36910,,,DEFENSE,S,Deep half,0.452,False,False,3.300,Developmental,,0.002,Below Average
Wide - Clip 067.mp4,36932,,,DEFENSE,S,Deep half,0.454,True,False,3.200,Developmental,,0.005,Below Average
Wide - Clip 068.mp4,37025,,,DEFENSE,EDGE,DE (down),0.105,False,False,0.367,Average,0.111,,Average
Wide - Clip 068.mp4,37034,,,DEFENSE,EDGE,DE (down),0.085,False,False,7.833,Developmental,0.087,,Below Average
Wide - Clip 068.mp4,37110,,,DEFENSE,DL,5-tech,0.059,True,False,7.867,Developmental,0.062,,Below Average
Wide - Clip 068.mp4,37136,,,DEFENSE,DL,1-tech,0.093,True,False,13.567,Developmental,0.098,,Below Average
Wide - Clip 068.mp4,37146,,,DEFENSE,DL,3-tech,0.051,True,False,7.500,Developmental,0.053,,Below Average
Wide - Clip 068.mp4,37207,,,DEFENSE,DL,5-tech,0.104,True,False,7.500,Developmental,0.105,,Below Average
Wide - Clip 068.mp4,37214,,,DEFENSE,EDGE,DE (down),0.066,True,False,7.133,Developmental,0.068,,Below Average
Wide - Clip 068.mp4,37244,,,DEFENSE,EDGE,DE (down),0.098,True,False,3.500,Developmental,0.101,,Below Average
Wide - Clip 068.mp4,37248,,,DEFENSE,S,Free Safety (centerfield),0.227,True,False,0.267,Above Average,,0.001,Above Average
Wide - Clip 068.mp4,37253,,,DEFENSE,EDGE,DE (down),0.084,False,False,1.233,Developmental,0.091,,Below Average
Wide - Clip 068.mp4,37261,,,DEFENSE,EDGE,DE (down),0.076,True,False,0.300,Above Average,0.078,,Above Average
Wide - Clip 068.mp4,37283,,,DEFENSE,DL,1-tech,0.090,True,False,12.200,Developmental,0.090,,Below Average
Wide - Clip 068.mp4,37285,,,DEFENSE,DL,3-tech,0.055,True,False,7.367,Developmental,0.053,,Below Average
Wide - Clip 069.mp4,37325,,,DEFENSE,EDGE,DE (down),0.008,False,True,0.300,Average,0.002,,Average
Wide - Clip 069.mp4,37314,,,DEFENSE,DL,0-tech (Nose),0.023,True,True,0.200,Above Average,0.011,,Above Average
Wide - Clip 069.mp4,37370,,,DEFENSE,CB,Deep,0.175,False,False,0.333,Above Average,,0.020,Above Average
Wide - Clip 069.mp4,37387,,,DEFENSE,LB,WILL (weak),0.055,True,False,0.167,Elite,,,Elite
Wide - Clip 069.mp4,37322,,,DEFENSE,EDGE,OLB (up),0.047,True,False,0.167,Elite,,,Elite
Wide - Clip 069.mp4,37402,,,DEFENSE,CB,Off (5-7 yards),0.137,False,False,0.100,Elite,,0.061,Elite
Wide - Clip 069.mp4,37451,,,DEFENSE,LB,WILL (weak),0.051,True,False,0.167,Elite,,,Elite
Wide - Clip 069.mp4,37465,,,DEFENSE,LB,WILL (weak),0.030,True,False,,,,,Average
Wide - Clip 069.mp4,37466,,,DEFENSE,DL,3-tech,0.010,True,True,0.467,Below Average,,,Below Average
Wide - Clip 069.mp4,37467,,,DEFENSE,DL,1-tech,0.011,True,True,0.100,Elite,,,Elite
Wide - Clip 069.mp4,37483,,,DEFENSE,SLOT,Nickel/Slot,0.087,False,False,0.133,Elite,,0.056,Elite
Wide - Clip 069.mp4,37519,,,DEFENSE,CB,Off (5-7 yards),0.112,False,False,0.200,Elite,,0.058,Elite
Wide - Clip 070.mp4,38164,,,DEFENSE,EDGE,DE (down),0.042,False,False,0.500,Below Average,0.057,,Below Average
Wide - Clip 070.mp4,38192,,,DEFENSE,EDGE,DE (down),0.036,False,False,0.267,Above Average,0.044,,Above Average
Wide - Clip 070.mp4,38197,,,DEFENSE,DL,5-tech,0.067,True,False,0.467,Below Average,0.069,,Below Average
Wide - Clip 070.mp4,38203,,,DEFENSE,EDGE,DE (down),0.081,False,False,0.867,Developmental,0.083,,Below Average
Wide - Clip 071.mp4,39903,,,DEFENSE,S,Strong Safety,0.469,True,False,0.633,Below Average,,0.013,Below Average
Wide - Clip 071.mp4,39942,,,DEFENSE,CB,Deep,0.389,False,False,0.200,Elite,,0.027,Elite
Wide - Clip 071.mp4,40013,,,DEFENSE,S,Strong Safety,0.249,True,False,0.700,Developmental,,0.011,Below Average
Wide - Clip 071.mp4,40029,,,DEFENSE,CB,Deep,0.203,False,False,0.233,Elite,,0.014,Elite
Wide - Clip 071.mp4,40038,,,DEFENSE,S,Deep half,0.471,True,False,0.300,Above Average,,0.015,Above Average
Wide - Clip 071.mp4,40048,,,DEFENSE,UNKNOWN,,0.180,False,False,,,,,Average
Wide - Clip 071.mp4,40053,,,DEFENSE,S,Deep half,0.237,False,False,,,,0.002,Average
Wide - Clip 071.mp4,40054,,,DEFENSE,CB,Deep,0.213,False,False,,,,0.002,Average
Wide - Clip 072.mp4,41288,,,DEFENSE,S,Deep half,0.226,False,False,0.333,Above Average,,0.069,Above Average
Wide - Clip 072.mp4,41301,,,DEFENSE,S,Deep half,0.233,False,False,0.333,Above Average,,0.066,Above Average
Wide - Clip 072.mp4,41314,,,DEFENSE,S,Strong Safety,0.453,True,False,0.200,Elite,,0.038,Elite
Wide - Clip 072.mp4,41316,,,DEFENSE,S,Free Safety (centerfield),0.445,True,False,0.133,Elite,,0.095,Elite
Wide - Clip 072.mp4,41321,,,DEFENSE,S,Free Safety (centerfield),0.445,True,False,0.167,Elite,,0.114,Elite
Wide - Clip 072.mp4,41326,,,DEFENSE,S,Deep half,0.239,False,False,,,,0.003,Average
Wide - Clip 072.mp4,41330,,,DEFENSE,S,Free Safety (centerfield),0.229,True,False,0.133,Elite,,0.096,Elite
Wide - Clip 072.mp4,41334,,,DEFENSE,CB,Deep,0.201,False,False,0.067,Elite,,0.118,Elite
Wide - Clip 072.mp4,41337,,,DEFENSE,UNKNOWN,,0.161,False,False,0.300,Above Average,,,Above Average
Wide - Clip 072.mp4,41350,,,DEFENSE,UNKNOWN,,0.168,True,False,,,,,Average
Wide - Clip 073.mp4,43019,,,DEFENSE,S,Strong Safety,0.416,True,False,0.100,Elite,,0.085,Elite
Wide - Clip 073.mp4,43180,,,DEFENSE,S,Free Safety (centerfield),0.255,True,False,0.133,Elite,,0.064,Elite
Wide - Clip 073.mp4,43179,,,DEFENSE,S,Strong Safety,0.415,True,False,0.133,Elite,,0.050,Elite
Wide - Clip 073.mp4,43185,,,DEFENSE,S,Deep half,0.388,False,False,0.100,Elite,,0.106,Elite
Wide - Clip 073.mp4,43195,,,DEFENSE,S,Strong Safety,0.410,True,False,0.100,Elite,,0.079,Elite
Wide - Clip 074.mp4,43621,,,DEFENSE,S,Free Safety (centerfield),0.421,True,False,0.233,Elite,,0.054,Elite
Wide - Clip 074.mp4,43624,,,DEFENSE,S,Strong Safety,0.397,True,False,0.333,Above Average,,0.037,Above Average
Wide - Clip 074.mp4,43629,,,DEFENSE,S,Free Safety (centerfield),0.377,True,False,0.133,Elite,,0.044,Elite
Wide - Clip 074.mp4,43655,,,DEFENSE,S,Strong Safety,0.390,True,False,0.133,Elite,,0.078,Elite
Wide - Clip 074.mp4,43661,,,DEFENSE,S,Strong Safety,0.364,True,False,0.133,Elite,,0.089,Elite
Wide - Clip 075.mp4,43760,,,DEFENSE,UNKNOWN,,0.155,False,False,0.100,Elite,,,Elite
Wide - Clip 075.mp4,43935,,,DEFENSE,UNKNOWN,,0.192,True,False,0.267,Above Average,,,Above Average
Wide - Clip 075.mp4,43989,,,DEFENSE,LB,MIKE (middle),0.036,True,False,0.300,Above Average,,,Above Average
Wide - Clip 075.mp4,44026,,,DEFENSE,S,Deep half,0.416,True,False,1.033,Developmental,,0.005,Below Average
Wide - Clip 075.mp4,44056,,,DEFENSE,EDGE,DE (down),0.015,False,True,0.533,Below Average,,,Below Average
Wide - Clip 075.mp4,44068,,,DEFENSE,DL,1-tech,0.038,True,False,0.500,Below Average,0.075,,Below Average
Wide - Clip 075.mp4,44089,,,DEFENSE,EDGE,DE (down),0.017,False,True,0.467,Below Average,0.045,,Below Average
Wide - Clip 075.mp4,44103,,,DEFENSE,S,Strong Safety,0.419,True,False,1.133,Developmental,,0.083,Below Average
Wide - Clip 076.mp4,44475,,,DEFENSE,S,Deep half,0.266,False,False,0.233,Elite,,0.033,Elite
Wide - Clip 076.mp4,44478,,,DEFENSE,DL,0-tech (Nose),0.091,True,False,0.233,Above Average,0.084,,Above Average
Wide - Clip 076.mp4,44494,,,DEFENSE,EDGE,DE (down),0.159,False,False,0.200,Elite,,,Elite
Wide - Clip 076.mp4,44507,,,DEFENSE,S,Strong Safety,0.425,True,False,0.167,Elite,,0.037,Elite
Wide - Clip 076.mp4,44542,,,DEFENSE,EDGE,DE (down),0.234,False,False,0.200,Elite,,,Elite
Wide - Clip 076.mp4,44568,,,DEFENSE,S,Free Safety (centerfield),0.408,True,False,0.233,Elite,,0.032,Elite
Wide - Clip 076.mp4,44607,,,DEFENSE,EDGE,DE (down),0.230,False,False,0.200,Elite,0.210,,Elite
Wide - Clip 076.mp4,44612,,,DEFENSE,S,Strong Safety,0.411,True,False,0.200,Elite,,0.034,Elite
Wide - Clip 076.mp4,44685,,,DEFENSE,DL,5-tech,0.174,True,False,0.100,Elite,,,Elite
Wide - Clip 076.mp4,44716,,,DEFENSE,DL,1-tech,0.161,True,False,0.200,Elite,,,Elite
Wide - Clip 076.mp4,44728,,,DEFENSE,S,Free Safety (centerfield),0.451,True,False,0.233,Elite,,0.030,Elite
Wide - Clip 076.mp4,44746,,,DEFENSE,EDGE,DE (down),0.181,True,False,0.200,Elite,,,Elite
Wide - Clip 076.mp4,44762,,,DEFENSE,S,Strong Safety,0.436,True,False,0.400,Average,,0.023,Average
Wide - Clip 077.mp4,45064,,,DEFENSE,S,Strong Safety,0.383,True,False,0.200,Elite,,0.082,Elite
Wide - Clip 077.mp4,45113,,,DEFENSE,S,Free Safety (centerfield),0.395,True,False,0.200,Elite,,0.068,Elite
Wide - Clip 077.mp4,45147,,,DEFENSE,EDGE,DE (down),0.090,False,False,0.133,Elite,0.131,,Elite
Wide - Clip 077.mp4,45171,,,DEFENSE,CB,Deep,0.412,False,False,0.100,Elite,,0.080,Elite
Wide - Clip 077.mp4,45178,,,DEFENSE,CB,Deep,0.393,False,False,0.133,Elite,,0.063,Elite
Wide - Clip 077.mp4,45188,,,DEFENSE,S,Deep half,0.369,False,False,0.167,Elite,,0.068,Elite
Wide - Clip 077.mp4,45314,,,DEFENSE,S,Strong Safety,0.424,True,False,,,,,Average
Wide - Clip 077.mp4,45349,,,DEFENSE,S,Free Safety (centerfield),0.398,True,False,0.200,Elite,,0.049,Elite
Wide - Clip 077.mp4,45359,,,DEFENSE,EDGE,DE (down),0.082,False,False,0.300,Above Average,,,Above Average
Wide - Clip 077.mp4,45374,,,DEFENSE,EDGE,DE (down),0.104,True,False,0.100,Elite,0.115,,Elite
Wide - Clip 077.mp4,45397,,,DEFENSE,EDGE,DE (down),0.139,True,False,0.200,Elite,0.157,,Elite
Wide - Clip 077.mp4,45398,,,DEFENSE,EDGE,DE (down),0.079,False,False,,,,,Average
Wide - Clip 078.mp4,45393,,,DEFENSE,S,Strong Safety,0.409,True,False,0.300,Above Average,,0.072,Above Average
Wide - Clip 078.mp4,45618,,,DEFENSE,CB,Deep,0.428,False,False,,,,0.001,Average
Wide - Clip 078.mp4,45628,,,DEFENSE,S,Free Safety (centerfield),0.408,True,False,0.267,Above Average,,0.069,Above Average
Wide - Clip 078.mp4,45662,,,DEFENSE,S,Deep half,0.439,False,False,0.367,Average,,0.087,Average
Wide - Clip 078.mp4,45687,,,DEFENSE,S,Deep half,0.423,False,False,0.300,Above Average,,0.070,Above Average
Wide - Clip 078.mp4,45694,,,DEFENSE,S,Strong Safety,0.421,True,False,0.400,Average,,0.097,Average
Wide - Clip 079.mp4,45935,,,DEFENSE,S,Deep half,0.400,True,False,0.467,Average,,0.022,Average
Wide - Clip 079.mp4,45993,,,DEFENSE,S,Strong Safety,0.407,True,False,0.333,Above Average,,0.013,Above Average
Wide - Clip 079.mp4,46194,,,DEFENSE,S,Free Safety (centerfield),0.423,True,False,0.700,Developmental,,0.008,Below Average
Wide - Clip 080.mp4,46572,,,DEFENSE,S,Strong Safety,0.325,True,False,0.200,Elite,,0.089,Elite
Wide - Clip 080.mp4,46573,,,DEFENSE,S,Strong Safety,0.330,True,False,0.067,Elite,,0.103,Elite
Wide - Clip 080.mp4,46840,,,DEFENSE,S,Strong Safety,0.340,True,False,0.167,Elite,,0.111,Elite
Wide - Clip 080.mp4,46918,,,DEFENSE,S,Deep half,0.347,False,False,0.133,Elite,,0.095,Elite
Wide - Clip 081.mp4,47462,,,DEFENSE,CB,Deep,0.420,False,False,0.167,Elite,,0.043,Elite
Wide - Clip 081.mp4,47483,,,DEFENSE,S,Strong Safety,0.436,True,False,0.233,Elite,,0.090,Elite
Wide - Clip 081.mp4,47497,,,DEFENSE,CB,Deep,0.478,False,False,,,,0.007,Average
Wide - Clip 081.mp4,47501,,,DEFENSE,S,Free Safety (centerfield),0.435,True,False,0.733,Developmental,,0.056,Below Average
Wide - Clip 082.mp4,47758,,,DEFENSE,DL,3-tech,0.004,True,True,0.333,Average,0.029,,Average
Wide - Clip 082.mp4,47759,,,DEFENSE,S,Strong Safety,0.422,True,False,,,,0.002,Average
Wide - Clip 082.mp4,47765,,,DEFENSE,LB,SAM (strong),0.103,True,False,0.167,Elite,,,Elite
Wide - Clip 082.mp4,47789,,,DEFENSE,EDGE,DE (down),0.028,False,True,0.200,Elite,0.053,,Elite
Wide - Clip 082.mp4,47795,,,DEFENSE,EDGE,DE (down),0.154,True,False,,,,,Average
Wide - Clip 082.mp4,47804,,,DEFENSE,EDGE,DE (down),0.138,False,False,0.600,Developmental,0.139,,Below Average
Wide - Clip 082.mp4,47837,,,DEFENSE,UNKNOWN,,0.173,True,False,0.367,Average,,,Average
Wide - Clip 082.mp4,47852,,,DEFENSE,CB,Deep,0.441,False,False,0.867,Developmental,,0.011,Below Average
Wide - Clip 082.mp4,47854,,,DEFENSE,DL,0-tech (Nose),0.212,True,False,,,,,Average
Wide - Clip 082.mp4,47856,,,DEFENSE,EDGE,DE (down),0.057,False,False,0.633,Developmental,0.080,,Below Average
Wide - Clip 082.mp4,47857,,,DEFENSE,S,Deep half,0.448,False,False,,,,0.007,Average
Wide - Clip 082.mp4,47858,,,DEFENSE,DL,1-tech,0.093,True,False,0.167,Elite,,,Elite
Wide - Clip 082.mp4,47861,,,DEFENSE,S,Strong Safety,0.445,True,False,,,,,Average
Wide - Clip 082.mp4,47862,,,DEFENSE,S,Strong Safety,0.393,True,False,2.167,Developmental,,0.002,Below Average
Wide - Clip 083.mp4,48226,,,DEFENSE,EDGE,DE (down),0.033,True,False,0.067,Elite,0.024,,Elite
Wide - Clip 083.mp4,48286,,,DEFENSE,S,Deep half,0.369,True,False,0.067,Elite,,0.163,Elite
Wide - Clip 083.mp4,48413,,,DEFENSE,S,Strong Safety,0.382,True,False,0.133,Elite,,0.224,Elite
Wide - Clip 083.mp4,48461,,,DEFENSE,EDGE,DE (down),0.022,True,True,0.033,Elite,,,Elite
Wide - Clip 083.mp4,48469,,,DEFENSE,DL,0-tech (Nose),0.055,True,False,0.133,Elite,0.025,,Elite
Wide - Clip 083.mp4,48481,,,DEFENSE,S,Deep half,0.352,False,False,0.067,Elite,,0.175,Elite
Wide - Clip 083.mp4,48483,,,DEFENSE,S,Deep half,0.389,True,False,0.067,Elite,,0.168,Elite
Wide - Clip 083.mp4,48496,,,DEFENSE,EDGE,DE (down),0.001,False,True,0.133,Elite,,,Elite
Wide - Clip 083.mp4,48517,,,DEFENSE,EDGE,DE (down),0.013,False,True,0.133,Elite,,,Elite
Wide - Clip 083.mp4,48525,,,DEFENSE,S,Deep half,0.364,False,False,0.067,Elite,,0.159,Elite
Wide - Clip 084.mp4,49139,,,DEFENSE,S,Free Safety (centerfield),0.422,True,False,0.500,Below Average,,0.013,Below Average
Wide - Clip 084.mp4,49198,,,DEFENSE,S,Strong Safety,0.401,True,False,0.167,Elite,,0.026,Elite
Wide - Clip 084.mp4,49227,,,DEFENSE,S,Free Safety (centerfield),0.405,True,False,0.300,Above Average,,0.018,Above Average
Wide - Clip 084.mp4,49226,,,DEFENSE,S,Free Safety (centerfield),0.397,True,False,,,,0.008,Average
Wide - Clip 085.mp4,49277,,,DEFENSE,S,Free Safety (centerfield),0.365,True,False,0.200,Elite,,0.036,Elite
Wide - Clip 085.mp4,49625,,,DEFENSE,S,Deep half,0.328,False,False,0.233,Elite,,0.024,Elite
Wide - Clip 085.mp4,49658,,,DEFENSE,S,Strong Safety,0.351,True,False,0.233,Elite,,0.067,Elite
Wide - Clip 086.mp4,50048,,,DEFENSE,S,Deep half,0.333,False,False,1.433,Developmental,,0.005,Below Average
Wide - Clip 086.mp4,50061,,,DEFENSE,EDGE,DE (down),0.106,False,False,1.633,Developmental,0.106,,Below Average
Wide - Clip 086.mp4,50056,,,DEFENSE,S,Deep half,0.326,True,False,0.567,Below Average,,0.009,Below Average
Wide - Clip 086.mp4,50060,,,DEFENSE,EDGE,DE (down),0.006,False,True,1.667,Developmental,,,Below Average
Wide - Clip 086.mp4,50053,,,DEFENSE,S,Strong Safety,0.383,True,False,1.033,Developmental,,0.004,Below Average
Wide - Clip 086.mp4,50052,,,DEFENSE,S,Deep half,0.330,False,False,1.700,Developmental,,0.003,Below Average
Wide - Clip 086.mp4,50047,,,DEFENSE,S,Deep half,0.308,False,False,1.900,Developmental,,0.009,Below Average
Wide - Clip 086.mp4,50083,,,DEFENSE,LB,SAM (strong),0.078,True,False,1.833,Developmental,,,Below Average
Wide - Clip 086.mp4,50088,,,DEFENSE,EDGE,OLB (up),0.042,False,False,1.900,Developmental,,,Below Average
Wide - Clip 086.mp4,50100,,,DEFENSE,DL,3-tech,0.017,True,True,1.867,Developmental,0.015,,Below Average
Wide - Clip 086.mp4,50098,,,DEFENSE,DL,0-tech (Nose),0.005,True,True,1.833,Developmental,0.006,,Below Average
Wide - Clip 086.mp4,50107,,,DEFENSE,DL,3-tech,0.065,True,False,1.700,Developmental,0.063,,Below Average
Wide - Clip 086.mp4,50170,,,DEFENSE,CB,Deep,0.164,False,False,2.300,Developmental,,0.010,Below Average
Wide - Clip 086.mp4,50176,,,DEFENSE,S,Strong Safety,0.417,True,False,0.300,Above Average,,0.005,Above Average
Wide - Clip 086.mp4,50179,,,DEFENSE,S,Strong Safety,0.416,True,False,0.167,Elite,,0.006,Elite
Wide - Clip 086.mp4,50181,,,DEFENSE,DL,0-tech (Nose),0.086,True,False,0.500,Below Average,,,Below Average
Wide - Clip 086.mp4,50183,,,DEFENSE,S,Strong Safety,0.390,True,False,1.700,Developmental,,0.006,Below Average
Wide - Clip 086.mp4,50187,,,DEFENSE,DL,0-tech (Nose),0.111,True,False,0.733,Developmental,0.095,,Below Average
Wide - Clip 087.mp4,50044,,,DEFENSE,S,Free Safety (centerfield),0.392,True,False,0.200,Elite,,0.062,Elite
Wide - Clip 087.mp4,50696,,,DEFENSE,S,Deep half,0.411,False,False,0.300,Above Average,,0.054,Above Average
Wide - Clip 087.mp4,50703,,,DEFENSE,S,Strong Safety,0.426,True,False,0.300,Above Average,,0.060,Above Average
Wide - Clip 087.mp4,50832,,,DEFENSE,S,Strong Safety,0.392,True,False,0.133,Elite,,0.075,Elite
Wide - Clip 087.mp4,50841,,,DEFENSE,S,Strong Safety,0.378,True,False,0.200,Elite,,0.067,Elite
Wide - Clip 087.mp4,50853,,,DEFENSE,S,Strong Safety,0.397,True,False,0.200,Elite,,0.066,Elite
Wide - Clip 087.mp4,50870,,,DEFENSE,S,Strong Safety,0.402,True,False,0.300,Above Average,,0.054,Above Average
Wide - Clip 088.mp4,51038,,,DEFENSE,S,Free Safety (centerfield),0.383,True,False,0.200,Elite,,0.095,Elite
Wide - Clip 088.mp4,51078,,,DEFENSE,CB,Deep,0.402,False,False,0.133,Elite,,0.017,Elite
Wide - Clip 088.mp4,51097,,,DEFENSE,S,Strong Safety,0.370,True,False,0.233,Elite,,0.084,Elite
Wide - Clip 088.mp4,51099,,,DEFENSE,S,Deep half,0.418,False,False,0.367,Average,,0.067,Average
Wide - Clip 088.mp4,51117,,,DEFENSE,S,Deep half,0.418,True,False,0.233,Elite,,0.084,Elite
Wide - Clip 088.mp4,51180,,,DEFENSE,S,Strong Safety,0.418,True,False,0.200,Elite,,0.103,Elite
Wide - Clip 088.mp4,51233,,,DEFENSE,S,Strong Safety,0.410,True,False,0.067,Elite,,0.108,Elite
Wide - Clip 088.mp4,51247,,,DEFENSE,S,Strong Safety,0.386,True,False,0.033,Elite,,0.097,Elite
Wide - Clip 089.mp4,51791,,,DEFENSE,S,Strong Safety,0.458,True,False,0.867,Developmental,,0.007,Below Average
Wide - Clip 089.mp4,51806,,,DEFENSE,S,Deep half,0.420,False,False,0.800,Developmental,,0.018,Below Average
Wide - Clip 089.mp4,51877,,,DEFENSE,S,Deep half,0.439,False,False,0.900,Developmental,,0.045,Below Average
Wide - Clip 090.mp4,52416,,,DEFENSE,S,Strong Safety,0.430,True,False,0.567,Below Average,,0.041,Below Average
Wide - Clip 090.mp4,52422,,,DEFENSE,S,Free Safety (centerfield),0.421,True,False,0.767,Developmental,,0.026,Below Average
Wide - Clip 091.mp4,53175,,,DEFENSE,S,Strong Safety,0.269,True,False,0.200,Elite,,0.067,Elite
Wide - Clip 091.mp4,53198,,,DEFENSE,S,Free Safety (centerfield),0.275,True,False,,,,0.002,Average
Wide - Clip 091.mp4,53208,,,DEFENSE,S,Strong Safety,0.278,True,False,0.267,Above Average,,0.075,Above Average
Wide - Clip 091.mp4,53213,,,DEFENSE,S,Deep half,0.267,False,False,0.300,Above Average,,0.027,Above Average
Wide - Clip 092.mp4,53648,,,DEFENSE,S,Deep half,0.336,True,False,0.267,Above Average,,0.028,Above Average
Wide - Clip 092.mp4,53951,,,DEFENSE,DL,0-tech (Nose),0.093,True,False,0.200,Elite,0.073,,Elite
Wide - Clip 092.mp4,53966,,,DEFENSE,EDGE,DE (down),0.061,False,False,0.233,Above Average,,,Above Average
Wide - Clip 092.mp4,54011,,,DEFENSE,EDGE,DE (down),0.048,True,False,0.100,Elite,,,Elite
Wide - Clip 092.mp4,54045,,,DEFENSE,S,Strong Safety,0.305,True,False,0.133,Elite,,0.027,Elite
Wide - Clip 092.mp4,54060,,,DEFENSE,DL,1-tech,0.090,True,False,0.167,Elite,0.067,,Elite
Wide - Clip 092.mp4,54063,,,DEFENSE,S,Strong Safety,0.343,True,False,0.267,Above Average,,0.020,Above Average
Wide - Clip 092.mp4,54066,,,DEFENSE,EDGE,DE (down),0.010,True,True,0.200,Elite,,,Elite
Wide - Clip 092.mp4,54093,,,DEFENSE,EDGE,DE (down),0.041,False,False,0.300,Above Average,0.019,,Above Average
Wide - Clip 092.mp4,54104,,,DEFENSE,CB,Deep,0.284,False,False,0.100,Elite,,0.055,Elite
Wide - Clip 092.mp4,54110,,,DEFENSE,EDGE,DE (down),0.058,False,False,0.167,Elite,0.042,,Elite
Wide - Clip 092.mp4,54119,,,DEFENSE,S,Free Safety (centerfield),0.312,True,False,0.233,Elite,,0.022,Elite
Wide - Clip 092.mp4,54137,,,DEFENSE,UNKNOWN,,0.154,True,False,0.100,Elite,,,Elite
Wide - Clip 093.mp4,54302,,,DEFENSE,LB,WILL (weak),0.141,True,False,0.067,Elite,,,Elite
Wide - Clip 093.mp4,54308,,,DEFENSE,DL,0-tech (Nose),0.005,True,True,0.567,Developmental,0.000,,Below Average
Wide - Clip 093.mp4,54310,,,DEFENSE,DL,1-tech,0.003,True,True,0.433,Below Average,,,Below Average
Wide - Clip 093.mp4,54304,,,DEFENSE,LB,SAM (strong),0.129,True,False,0.200,Elite,,,Elite
Wide - Clip 093.mp4,54319,,,DEFENSE,DL,3-tech,0.230,True,False,0.400,Below Average,0.225,,Average
Wide - Clip 093.mp4,54317,,,DEFENSE,S,Deep half,0.439,True,False,0.667,Developmental,,0.036,Below Average
Wide - Clip 093.mp4,54316,,,DEFENSE,S,Free Safety (centerfield),0.438,True,False,0.600,Below Average,,0.033,Below Average
Wide - Clip 093.mp4,54321,,,DEFENSE,DL,1-tech,0.235,True,False,0.333,Average,,,Average
Wide - Clip 093.mp4,54337,,,DEFENSE,S,Strong Safety,0.422,True,False,0.633,Below Average,,0.031,Below Average
Wide - Clip 093.mp4,54467,,,DEFENSE,S,Strong Safety,0.408,True,False,0.633,Below Average,,0.032,Below Average
Wide - Clip 093.mp4,54494,,,DEFENSE,EDGE,DE (down),0.271,True,False,0.267,Above Average,0.263,,Elite
Wide - Clip 093.mp4,54507,,,DEFENSE,CB,Deep,0.436,False,False,0.633,Below Average,,0.032,Below Average
Wide - Clip 093.mp4,54509,,,DEFENSE,S,Deep half,0.400,True,False,0.667,Developmental,,0.058,Below Average
Wide - Clip 093.mp4,54510,,,DEFENSE,DL,3-tech,0.097,True,False,,,,,Average
Wide - Clip 093.mp4,54518,,,DEFENSE,DL,5-tech,0.238,True,False,0.100,Elite,0.208,,Elite
Wide - Clip 093.mp4,54524,,,DEFENSE,EDGE,DE (down),0.149,False,False,,,,,Average
Wide - Clip 093.mp4,54534,,,DEFENSE,S,Deep half,0.360,False,False,0.700,Developmental,,0.012,Below Average
Wide - Clip 093.mp4,54540,,,DEFENSE,S,Free Safety (centerfield),0.435,True,False,0.567,Below Average,,0.062,Below Average
Wide - Clip 093.mp4,54545,,,DEFENSE,DL,1-tech,0.182,True,False,0.100,Elite,0.217,,Elite
Wide - Clip 093.mp4,54547,,,DEFENSE,S,Strong Safety,0.433,True,False,,,,0.005,Average
Wide - Clip 094.mp4,54921,,,DEFENSE,S,Deep half,0.408,False,False,1.067,Developmental,,0.009,Below Average
Wide - Clip 094.mp4,54337,,,DEFENSE,S,Free Safety (centerfield),0.434,True,False,1.100,Developmental,,0.008,Below Average
Wide - Clip 094.mp4,54950,,,DEFENSE,DL,1-tech,0.251,True,False,0.467,Below Average,,,Below Average
Wide - Clip 094.mp4,54603,,,DEFENSE,S,Strong Safety,0.445,True,False,0.933,Developmental,,0.016,Below Average
Wide - Clip 094.mp4,54989,,,DEFENSE,DL,0-tech (Nose),0.006,True,True,0.700,Developmental,,,Below Average
Wide - Clip 094.mp4,54999,,,DEFENSE,EDGE,DE (down),0.197,False,False,0.433,Below Average,0.194,,Average
Wide - Clip 094.mp4,55010,,,DEFENSE,DL,3-tech,0.109,True,False,0.567,Developmental,0.101,,Below Average
Wide - Clip 094.mp4,55022,,,DEFENSE,S,Strong Safety,0.407,True,False,1.100,Developmental,,0.008,Below Average
Wide - Clip 094.mp4,55027,,,DEFENSE,DL,3-tech,0.243,True,False,0.333,Average,0.251,,Above Average
Wide - Clip 094.mp4,55074,,,DEFENSE,S,Strong Safety,0.417,True,False,0.967,Developmental,,0.041,Below Average
Wide - Clip 094.mp4,55077,,,DEFENSE,DL,1-tech,0.174,True,False,,,,,Average
Wide - Clip 094.mp4,55111,,,DEFENSE,S,Deep half,0.455,False,False,1.067,Developmental,,0.166,Below Average
Wide - Clip 094.mp4,55118,,,DEFENSE,DL,3-tech,0.185,True,False,0.233,Above Average,,,Above Average
Wide - Clip 094.mp4,55119,,,DEFENSE,DL,0-tech (Nose),0.196,True,False,,,,,Average
Wide - Clip 095.mp4,55271,,,DEFENSE,S,Free Safety (centerfield),0.423,True,False,0.900,Developmental,,0.014,Below Average
Wide - Clip 095.mp4,55888,,,DEFENSE,EDGE,DE (down),0.249,True,False,,,,,Average
Wide - Clip 095.mp4,55916,,,DEFENSE,EDGE,DE (down),0.106,False,False,0.200,Elite,0.099,,Elite
Wide - Clip 095.mp4,55917,,,DEFENSE,S,Strong Safety,0.424,True,False,0.867,Developmental,,0.021,Below Average
Wide - Clip 095.mp4,55918,,,DEFENSE,S,Strong Safety,0.440,True,False,0.933,Developmental,,0.025,Below Average
Wide - Clip 095.mp4,55923,,,DEFENSE,EDGE,DE (down),0.206,False,False,0.300,Above Average,,,Above Average
Wide - Clip 095.mp4,55926,,,DEFENSE,EDGE,DE (down),0.280,True,False,0.200,Elite,,,Elite
Wide - Clip 095.mp4,55935,,,DEFENSE,DL,0-tech (Nose),0.249,True,False,0.033,Elite,0.191,,Elite
Wide - Clip 095.mp4,55956,,,DEFENSE,CB,Deep,0.438,False,False,0.800,Developmental,,0.021,Below Average
Wide - Clip 095.mp4,55975,,,DEFENSE,S,Strong Safety,0.433,True,False,0.867,Developmental,,0.019,Below Average
Wide - Clip 095.mp4,55989,,,DEFENSE,DL,5-tech,0.016,True,True,0.333,Average,0.053,,Average
Wide - Clip 095.mp4,55991,,,DEFENSE,S,Deep half,0.428,True,False,0.867,Developmental,,0.019,Below Average
Wide - Clip 095.mp4,55996,,,DEFENSE,DL,0-tech (Nose),0.092,True,False,0.233,Above Average,0.093,,Above Average
Wide - Clip 095.mp4,56020,,,DEFENSE,S,Strong Safety,0.433,True,False,0.800,Developmental,,0.014,Below Average
Wide - Clip 095.mp4,56093,,,DEFENSE,EDGE,DE (down),0.207,False,False,0.333,Average,0.210,,Above Average
Wide - Clip 096.mp4,56478,,,DEFENSE,S,Strong Safety,0.334,True,False,0.433,Average,,0.004,Average
Wide - Clip 096.mp4,56580,,,DEFENSE,S,Deep half,0.288,False,False,1.767,Developmental,,0.001,Below Average
Wide - Clip 096.mp4,56582,,,DEFENSE,CB,Deep,0.307,False,False,0.700,Developmental,,0.008,Below Average
Wide - Clip 096.mp4,56585,,,DEFENSE,S,Strong Safety,0.275,True,False,2.133,Developmental,,0.003,Below Average
Wide - Clip 096.mp4,56591,,,DEFENSE,S,Free Safety (centerfield),0.342,True,False,0.500,Average,,0.023,Average
Wide - Clip 097.mp4,56920,,,DEFENSE,S,Free Safety (centerfield),0.260,True,False,0.200,Elite,,0.064,Elite
Wide - Clip 097.mp4,56918,,,DEFENSE,S,Deep half,0.317,True,False,0.367,Average,,0.048,Average
Wide - Clip 097.mp4,56929,,,DEFENSE,S,Strong Safety,0.231,True,False,0.300,Above Average,,0.046,Above Average
Wide - Clip 097.mp4,56961,,,DEFENSE,S,Strong Safety,0.296,True,False,,,,0.001,Average
Wide - Clip 097.mp4,57041,,,DEFENSE,EDGE,DE (down),0.050,False,False,0.667,Developmental,0.035,,Below Average
Wide - Clip 097.mp4,57053,,,DEFENSE,S,Strong Safety,0.275,True,False,0.300,Above Average,,0.017,Above Average
Wide - Clip 097.mp4,57183,,,DEFENSE,S,Deep half,0.272,True,False,0.167,Elite,,0.073,Elite
Wide - Clip 097.mp4,57238,,,DEFENSE,DL,5-tech,0.045,True,False,0.167,Elite,,,Elite
Wide - Clip 097.mp4,57242,,,DEFENSE,EDGE,DE (down),0.046,True,False,0.100,Elite,0.036,,Elite
Wide - Clip 097.mp4,57241,,,DEFENSE,CB,Press,0.064,False,False,0.100,Elite,,0.105,Elite
Wide - Clip 097.mp4,57281,,,DEFENSE,S,Free Safety (centerfield),0.271,True,False,0.167,Elite,,0.061,Elite
Wide - Clip 097.mp4,57293,,,DEFENSE,DL,0-tech (Nose),0.058,True,False,0.433,Below Average,,,Below Average
Wide - Clip 097.mp4,57297,,,DEFENSE,S,Strong Safety,0.265,True,False,0.233,Elite,,0.068,Elite
Wide - Clip 097.mp4,57306,,,DEFENSE,EDGE,DE (down),0.036,True,False,0.167,Elite,0.038,,Elite
Wide - Clip 097.mp4,57310,,,DEFENSE,DL,1-tech,0.054,True,False,0.167,Elite,,,Elite
Wide - Clip 097.mp4,57327,,,DEFENSE,EDGE,DE (down),0.004,False,True,0.633,Developmental,,,Below Average
Wide - Clip 098.mp4,57391,,,DEFENSE,S,Deep half,0.349,True,False,0.300,Above Average,,0.066,Above Average
Wide - Clip 098.mp4,57403,,,DEFENSE,EDGE,DE (down),0.005,True,True,0.133,Elite,0.018,,Elite
Wide - Clip 098.mp4,57407,,,DEFENSE,UNKNOWN,,0.151,True,False,0.167,Elite,,,Elite
Wide - Clip 098.mp4,57405,,,DEFENSE,S,Strong Safety,0.325,True,False,0.300,Above Average,,0.058,Above Average
Wide - Clip 098.mp4,57406,,,DEFENSE,S,Deep half,0.295,False,False,0.367,Average,,0.042,Average
Wide - Clip 098.mp4,57417,,,DEFENSE,S,Deep half,0.320,True,False,0.333,Above Average,,0.060,Above Average
Wide - Clip 098.mp4,57420,,,DEFENSE,S,Free Safety (centerfield),0.308,True,False,0.167,Elite,,0.086,Elite
Wide - Clip 098.mp4,57454,,,DEFENSE,CB,Press,0.063,False,False,0.267,Above Average,,0.018,Above Average
Wide - Clip 098.mp4,57492,,,DEFENSE,UNKNOWN,,0.194,True,False,0.133,Elite,,,Elite
Wide - Clip 098.mp4,57509,,,DEFENSE,DL,3-tech,0.020,True,True,0.267,Above Average,,,Above Average
Wide - Clip 098.mp4,57521,,,DEFENSE,DL,3-tech,0.012,True,True,0.300,Average,0.003,,Average
Wide - Clip 098.mp4,57531,,,DEFENSE,UNKNOWN,,0.156,False,False,0.133,Elite,,,Elite
Wide - Clip 098.mp4,57534,,,DEFENSE,CB,Press,0.059,False,False,,,,0.004,Average
Wide - Clip 098.mp4,57543,,,DEFENSE,S,Deep half,0.376,False,False,0.100,Elite,,0.072,Elite
Wide - Clip 098.mp4,57547,,,DEFENSE,S,Deep half,0.335,True,False,,,,0.004,Average
Wide - Clip 098.mp4,57552,,,DEFENSE,EDGE,OLB (up),0.035,True,False,0.267,Above Average,,,Above Average
Wide - Clip 098.mp4,57559,,,DEFENSE,CB,Press,0.064,False,False,0.533,Below Average,,0.034,Below Average
Wide - Clip 099.mp4,57420,,,DEFENSE,S,Strong Safety,0.338,True,False,0.333,Above Average,,0.052,Above Average
Wide - Clip 099.mp4,57724,,,DEFENSE,S,Strong Safety,0.376,True,False,0.400,Average,,0.051,Average
Wide - Clip 099.mp4,57727,,,DEFENSE,S,Strong Safety,0.379,True,False,0.300,Above Average,,0.053,Above Average
Wide - Clip 099.mp4,57754,,,DEFENSE,EDGE,OLB (up),0.048,True,False,0.300,Average,,,Average
Wide - Clip 099.mp4,57813,,,DEFENSE,SLOT,Nickel/Slot,0.062,False,False,0.567,Below Average,,0.034,Below Average
Wide - Clip 099.mp4,57826,,,DEFENSE,UNKNOWN,,0.170,False,False,0.233,Elite,,,Elite
Wide - Clip 099.mp4,57841,,,DEFENSE,EDGE,OLB (up),0.048,False,False,0.400,Below Average,,,Below Average
Wide - Clip 099.mp4,57861,,,DEFENSE,S,Deep half,0.364,True,False,0.433,Average,,0.045,Average
Wide - Clip 099.mp4,57891,,,DEFENSE,LB,SAM (strong),0.111,True,False,0.333,Above Average,,,Above Average
Wide - Clip 099.mp4,57909,,,DEFENSE,S,Strong Safety,0.354,True,False,0.467,Average,,0.018,Average
Wide - Clip 099.mp4,57937,,,DEFENSE,CB,Deep,0.165,False,False,0.233,Elite,,0.069,Elite
Wide - Clip 099.mp4,57938,,,DEFENSE,S,Deep half,0.331,True,False,0.567,Below Average,,0.012,Below Average
Wide - Clip 099.mp4,57942,,,DEFENSE,LB,SAM (strong),0.090,True,False,0.267,Above Average,,,Above Average
Wide - Clip 099.mp4,57986,,,DEFENSE,S,Deep half,0.383,False,False,0.400,Average,,0.038,Average
Wide - Clip 100.mp4,58761,,,DEFENSE,S,Strong Safety,0.325,True,False,0.233,Elite,,0.029,Elite
Wide - Clip 100.mp4,58779,,,DEFENSE,S,Strong Safety,0.338,True,False,0.133,Elite,,0.028,Elite
Wide - Clip 100.mp4,58881,,,DEFENSE,CB,Off (5-7 yards),0.137,False,False,0.200,Elite,,0.030,Elite
Wide - Clip 100.mp4,59091,,,DEFENSE,CB,Deep,0.218,False,False,0.167,Elite,,0.032,Elite
Wide - Clip 100.mp4,59110,,,DEFENSE,EDGE,OLB (up),0.033,False,False,0.367,Average,,,Average
Wide - Clip 100.mp4,59159,,,DEFENSE,S,Free Safety (centerfield),0.349,True,False,0.267,Above Average,,0.030,Above Average
Wide - Clip 100.mp4,59186,,,DEFENSE,LB,WILL (weak),0.072,True,False,0.533,Below Average,,,Below Average
Wide - Clip 100.mp4,59239,,,DEFENSE,DL,3-tech,0.003,True,True,0.267,Above Average,,,Above Average
Wide - Clip 100.mp4,59268,,,DEFENSE,DL,3-tech,0.015,True,True,0.200,Elite,,,Elite
Wide - Clip 100.mp4,59317,,,DEFENSE,LB,MIKE (middle),0.142,True,False,0.333,Above Average,,,Above Average
Wide - Clip 100.mp4,59344,,,DEFENSE,DL,0-tech (Nose),0.000,True,True,0.233,Above Average,,,Above Average
Wide - Clip 100.mp4,59351,,,DEFENSE,S,Deep half,0.348,True,False,0.333,Above Average,,0.030,Above Average
Wide - Clip 101.mp4,59481,,,DEFENSE,DL,5-tech,0.226,True,False,0.067,Elite,0.195,,Elite
Wide - Clip 101.mp4,59717,,,DEFENSE,CB,Deep,0.359,False,False,0.100,Elite,,0.102,Elite
Wide - Clip 101.mp4,59743,,,DEFENSE,S,Deep half,0.368,False,False,0.100,Elite,,0.099,Elite
Wide - Clip 101.mp4,59763,,,DEFENSE,S,Deep half,0.369,True,False,0.100,Elite,,0.104,Elite
Wide - Clip 101.mp4,59764,,,DEFENSE,EDGE,DE (down),0.265,False,False,0.067,Elite,0.267,,Elite
Wide - Clip 101.mp4,59800,,,DEFENSE,S,Strong Safety,0.397,True,False,0.100,Elite,,0.092,Elite
Wide - Clip 101.mp4,59824,,,DEFENSE,S,Free Safety (centerfield),0.405,True,False,0.067,Elite,,0.112,Elite
Wide - Clip 101.mp4,59830,,,DEFENSE,EDGE,DE (down),0.159,False,False,0.067,Elite,0.144,,Elite
Wide - Clip 101.mp4,59899,,,DEFENSE,S,Strong Safety,0.423,True,False,0.267,Above Average,,0.119,Elite
Wide - Clip 101.mp4,59927,,,DEFENSE,S,Deep half,0.428,True,False,0.067,Elite,,0.094,Elite
Wide - Clip 101.mp4,60009,,,DEFENSE,S,Deep half,0.430,True,False,0.167,Elite,,0.040,Elite
Wide - Clip 101.mp4,60079,,,DEFENSE,S,Deep half,0.400,False,False,0.100,Elite,,0.093,Elite
Wide - Clip 101.mp4,60084,,,DEFENSE,EDGE,DE (down),0.275,True,False,0.067,Elite,0.258,,Elite
Wide - Clip 101.mp4,60090,,,DEFENSE,EDGE,DE (down),0.250,False,False,0.067,Elite,0.237,,Elite
Wide - Clip 102.mp4,60314,,,DEFENSE,S,Free Safety (centerfield),0.394,True,False,0.233,Elite,,0.091,Elite
Wide - Clip 102.mp4,60320,,,DEFENSE,S,Strong Safety,0.354,True,False,0.233,Elite,,0.092,Elite
Wide - Clip 102.mp4,60351,,,DEFENSE,S,Strong Safety,0.413,True,False,0.233,Elite,,0.090,Elite
Wide - Clip 102.mp4,60356,,,DEFENSE,S,Strong Safety,0.407,True,False,0.200,Elite,,0.100,Elite
Wide - Clip 102.mp4,60419,,,DEFENSE,S,Deep half,0.383,False,False,0.167,Elite,,0.122,Elite
Wide - Clip 102.mp4,60425,,,DEFENSE,S,Free Safety (centerfield),0.399,True,False,0.233,Elite,,0.089,Elite
Wide - Clip 102.mp4,60600,,,DEFENSE,CB,Deep,0.349,False,False,0.200,Elite,,0.104,Elite
Wide - Clip 102.mp4,60685,,,DEFENSE,S,Deep half,0.421,True,False,0.233,Elite,,0.086,Elite
Wide - Clip 103.mp4,61869,,,DEFENSE,S,Strong Safety,0.294,True,False,0.233,Elite,,0.024,Elite
Wide - Clip 103.mp4,61870,,,DEFENSE,UNKNOWN,,0.163,True,False,0.200,Elite,,,Elite
Wide - Clip 103.mp4,61874,,,DEFENSE,S,Strong Safety,0.305,True,False,0.267,Above Average,,0.018,Above Average
Wide - Clip 103.mp4,62137,,,DEFENSE,S,Strong Safety,0.341,True,False,0.300,Above Average,,0.009,Above Average
Wide - Clip 103.mp4,62141,,,DEFENSE,S,Strong Safety,0.320,True,False,0.300,Above Average,,0.010,Above Average
Wide - Clip 103.mp4,62150,,,DEFENSE,UNKNOWN,,0.152,True,False,0.233,Elite,,,Elite
Wide - Clip 103.mp4,62151,,,DEFENSE,CB,Off (5-7 yards),0.124,False,False,0.267,Above Average,,0.010,Above Average
Wide - Clip 103.mp4,62183,,,DEFENSE,CB,Off (5-7 yards),0.127,False,False,,,,0.003,Average
Wide - Clip 103.mp4,62191,,,DEFENSE,SLOT,Nickel/Slot,0.096,False,False,0.433,Average,,0.035,Average
Wide - Clip 103.mp4,62200,,,DEFENSE,CB,Off (5-7 yards),0.124,False,False,0.133,Elite,,0.039,Elite
Wide - Clip 104.mp4,61869,20,,DEFENSE,S,Deep half,0.374,False,False,0.200,Elite,,0.079,Elite
Wide - Clip 104.mp4,62302,,,DEFENSE,S,Strong Safety,0.403,True,False,0.233,Elite,,0.068,Elite
Wide - Clip 104.mp4,62307,,,DEFENSE,S,Strong Safety,0.380,True,False,0.200,Elite,,0.075,Elite
Wide - Clip 104.mp4,62280,,,DEFENSE,UNKNOWN,,0.155,True,False,0.167,Elite,,,Elite
Wide - Clip 104.mp4,62303,,,DEFENSE,CB,Off (5-7 yards),0.089,False,False,0.300,Above Average,,0.082,Above Average
Wide - Clip 104.mp4,62364,,,DEFENSE,LB,SAM (strong),0.130,True,False,0.233,Elite,,,Elite
Wide - Clip 104.mp4,62469,,,DEFENSE,S,Deep half,0.214,True,False,0.233,Elite,,0.073,Elite
Wide - Clip 104.mp4,62480,,,DEFENSE,SLOT,Nickel/Slot,0.149,False,False,0.200,Elite,,0.116,Elite
Wide - Clip 104.mp4,62494,,,DEFENSE,LB,WILL (weak),0.112,True,False,0.167,Elite,,,Elite
Wide - Clip 104.mp4,62507,,,DEFENSE,LB,SAM (strong),0.099,True,False,0.167,Elite,,,Elite
Wide - Clip 104.mp4,62508,,,DEFENSE,LB,SAM (strong),0.110,True,False,0.100,Elite,,,Elite
Wide - Clip 104.mp4,62517,,,DEFENSE,CB,Off (5-7 yards),0.107,False,False,,,,0.004,Average
Wide - Clip 104.mp4,62522,,,DEFENSE,LB,MIKE (middle),0.096,True,False,0.200,Elite,,,Elite
Wide - Clip 104.mp4,62532,,,DEFENSE,LB,MIKE (middle),0.145,True,False,0.233,Elite,,,Elite
Wide - Clip 104.mp4,62548,,,DEFENSE,CB,Off (5-7 yards),0.132,False,False,0.067,Elite,,0.109,Elite
Wide - Clip 105.mp4,62762,,,DEFENSE,DL,1-tech,0.029,True,True,0.200,Above Average,,,Above Average
Wide - Clip 105.mp4,62763,,,DEFENSE,S,Free Safety (centerfield),0.402,True,False,0.267,Above Average,,0.036,Above Average
Wide - Clip 105.mp4,62832,,,DEFENSE,S,Free Safety (centerfield),0.422,True,False,0.300,Above Average,,0.034,Above Average
Wide - Clip 105.mp4,62849,,,DEFENSE,EDGE,DE (down),0.138,False,False,0.700,Developmental,0.121,,Below Average
Wide - Clip 105.mp4,62959,,,DEFENSE,EDGE,DE (down),0.151,False,False,0.333,Average,0.144,,Average
Wide - Clip 105.mp4,62985,,,DEFENSE,S,Deep half,0.389,False,False,0.300,Above Average,,0.031,Above Average
Wide - Clip 105.mp4,62990,,,DEFENSE,CB,Deep,0.357,False,False,0.300,Above Average,,0.032,Above Average
Wide - Clip 105.mp4,62992,,,DEFENSE,S,Deep half,0.371,True,False,0.067,Elite,,0.032,Elite
Wide - Clip 105.mp4,62993,,,DEFENSE,S,Strong Safety,0.428,True,False,0.200,Elite,,0.034,Elite
Wide - Clip 105.mp4,62994,,,DEFENSE,DL,3-tech,0.102,True,False,0.333,Average,,,Average
Wide - Clip 105.mp4,63002,,,DEFENSE,DL,0-tech (Nose),0.081,True,False,0.133,Elite,,,Elite
Wide - Clip 105.mp4,63009,,,DEFENSE,DL,5-tech,0.120,True,False,0.333,Average,0.117,,Average
Wide - Clip 105.mp4,63021,,,DEFENSE,DL,3-tech,0.100,True,False,0.233,Above Average,0.109,,Above Average
Wide - Clip 105.mp4,63027,,,DEFENSE,S,Deep half,0.420,True,False,0.500,Below Average,,0.032,Below Average
Wide - Clip 105.mp4,63029,,,DEFENSE,DL,3-tech,0.111,True,False,0.133,Elite,,,Elite
Wide - Clip 106.mp4,63136,,,DEFENSE,CB,Deep,0.324,False,False,0.167,Elite,,0.034,Elite
Wide - Clip 106.mp4,63204,,,DEFENSE,CB,Deep,0.432,False,False,0.533,Below Average,,0.044,Below Average
Wide - Clip 106.mp4,63355,,,DEFENSE,UNKNOWN,,0.151,True,False,0.167,Elite,,,Elite
Wide - Clip 106.mp4,63374,,,DEFENSE,LB,MIKE (middle),0.092,True,False,0.267,Above Average,,,Above Average
Wide - Clip 106.mp4,63454,,,DEFENSE,EDGE,DE (down),0.258,False,False,0.333,Average,0.266,,Above Average
Wide - Clip 106.mp4,63475,,,DEFENSE,LB,SAM (strong),0.129,True,False,0.067,Elite,,,Elite
Wide - Clip 106.mp4,63511,,,DEFENSE,DL,5-tech,0.295,True,False,0.267,Above Average,0.297,,Elite
Wide - Clip 106.mp4,63546,,,DEFENSE,S,Strong Safety,0.478,True,False,,,,0.000,Average
Wide - Clip 106.mp4,63550,,,DEFENSE,S,Deep half,0.438,True,False,0.633,Below Average,,0.035,Below Average
Wide - Clip 107.mp4,63775,,,DEFENSE,S,Strong Safety,0.410,True,False,2.200,Developmental,,0.003,Below Average
Wide - Clip 107.mp4,63807,,,DEFENSE,EDGE,DE (down),0.006,False,True,1.567,Developmental,0.002,,Below Average
Wide - Clip 107.mp4,63815,,,DEFENSE,LB,MIKE (middle),0.040,True,False,0.433,Average,,,Average
Wide - Clip 107.mp4,63854,,,DEFENSE,S,Deep half,0.414,False,False,0.900,Developmental,,0.011,Below Average
Wide - Clip 107.mp4,63859,,,DEFENSE,S,Strong Safety,0.425,True,False,1.333,Developmental,,0.009,Below Average
Wide - Clip 107.mp4,63861,,,DEFENSE,S,Strong Safety,0.414,True,False,2.233,Developmental,,0.005,Below Average
Wide - Clip 107.mp4,63862,,,DEFENSE,S,Deep half,0.421,False,False,2.133,Developmental,,0.015,Below Average
Wide - Clip 107.mp4,63877,,,DEFENSE,S,Strong Safety,0.418,True,False,1.300,Developmental,,0.013,Below Average
Wide - Clip 107.mp4,63876,,,DEFENSE,S,Free Safety (centerfield),0.438,True,False,2.200,Developmental,,0.008,Below Average
Wide - Clip 107.mp4,63887,,,DEFENSE,LB,SAM (strong),0.052,True,False,0.267,Above Average,,,Above Average
Wide - Clip 108.mp4,64153,,,DEFENSE,UNKNOWN,,0.188,True,False,0.100,Elite,,,Elite
Wide - Clip 108.mp4,64158,,,DEFENSE,UNKNOWN,,0.156,False,False,0.067,Elite,,,Elite
Wide - Clip 108.mp4,64156,,,DEFENSE,EDGE,DE (down),0.013,False,True,0.167,Elite,0.002,,Elite
Wide - Clip 108.mp4,64163,,,DEFENSE,EDGE,DE (down),0.028,False,True,0.233,Above Average,,,Above Average
Wide - Clip 108.mp4,64162,,,DEFENSE,EDGE,DE (down),0.102,False,False,0.500,Below Average,0.110,,Average
Wide - Clip 108.mp4,64161,,,DEFENSE,DL,0-tech (Nose),0.029,True,True,1.033,Developmental,,,Below Average
Wide - Clip 108.mp4,64165,,,DEFENSE,EDGE,DE (down),0.223,False,False,0.333,Average,,,Average
Wide - Clip 108.mp4,64168,,,DEFENSE,EDGE,DE (down),0.155,True,False,0.200,Above Average,0.171,,Elite
Wide - Clip 108.mp4,64022,,,DEFENSE,S,Free Safety (centerfield),0.400,True,False,0.967,Developmental,,0.012,Below Average
Wide - Clip 108.mp4,64197,,,DEFENSE,S,Deep half,0.456,True,False,0.633,Below Average,,0.025,Below Average
Wide - Clip 108.mp4,64199,,,DEFENSE,DL,5-tech,0.171,True,False,,,,,Average
Wide - Clip 108.mp4,64215,,,DEFENSE,CB,Deep,0.453,False,False,0.633,Below Average,,0.009,Below Average
Wide - Clip 108.mp4,64240,,,DEFENSE,S,Strong Safety,0.421,True,False,0.867,Developmental,,0.009,Below Average
Wide - Clip 108.mp4,64251,,,DEFENSE,EDGE,DE (down),0.264,False,False,0.933,Developmental,0.265,,Average
Wide - Clip 108.mp4,64258,,,DEFENSE,DL,5-tech,0.135,True,False,0.300,Average,0.138,,Average
Wide - Clip 108.mp4,64261,,,DEFENSE,S,Deep half,0.418,False,False,1.000,Developmental,,0.011,Below Average
Wide - Clip 108.mp4,64266,,,DEFENSE,S,Strong Safety,0.418,True,False,0.300,Above Average,,0.001,Above Average
Wide - Clip 108.mp4,64276,,,DEFENSE,S,Deep half,0.411,False,False,,,,0.005,Average
Wide - Clip 108.mp4,64291,,,DEFENSE,CB,Deep,0.266,False,False,1.067,Developmental,,0.008,Below Average
Wide - Clip 108.mp4,64293,,,DEFENSE,S,Strong Safety,0.421,True,False,0.633,Below Average,,0.010,Below Average
Wide - Clip 108.mp4,64310,,,DEFENSE,S,Deep half,0.467,False,False,0.300,Above Average,,0.021,Above Average
Wide - Clip 108.mp4,64315,,,DEFENSE,DL,0-tech (Nose),0.127,True,False,0.167,Elite,0.136,,Elite
Wide - Clip 109.mp4,64741,,,DEFENSE,CB,Deep,0.429,False,False,0.700,Developmental,,0.033,Below Average
Wide - Clip 109.mp4,64962,,,DEFENSE,S,Deep half,0.439,False,False,0.533,Below Average,,0.038,Below Average
Wide - Clip 109.mp4,65019,,,DEFENSE,S,Deep half,0.441,True,False,0.500,Average,,0.064,Average
Wide - Clip 109.mp4,65038,,,DEFENSE,S,Strong Safety,0.433,True,False,0.533,Below Average,,0.043,Below Average
Wide - Clip 109.mp4,65039,,,DEFENSE,CB,Deep,0.439,False,False,,,,0.004,Average
Wide - Clip 109.mp4,65041,,,DEFENSE,CB,Deep,0.443,False,False,0.700,Developmental,,0.082,Below Average
Wide - Clip 110.mp4,65482,,,DEFENSE,S,Strong Safety,0.285,True,False,0.133,Elite,,0.125,Elite
Wide - Clip 110.mp4,65551,,,DEFENSE,S,Strong Safety,0.298,True,False,0.200,Elite,,0.095,Elite
Wide - Clip 110.mp4,65558,,,DEFENSE,S,Free Safety (centerfield),0.319,True,False,0.167,Elite,,0.091,Elite
Wide - Clip 110.mp4,65690,,,DEFENSE,S,Deep half,0.294,False,False,0.100,Elite,,0.151,Elite
Wide - Clip 110.mp4,65713,,,DEFENSE,CB,Deep,0.320,False,False,0.100,Elite,,0.092,Elite
Wide - Clip 110.mp4,65721,,,DEFENSE,CB,Deep,0.348,False,False,0.100,Elite,,0.036,Elite
Wide - Clip 110.mp4,65756,,,DEFENSE,CB,Deep,0.343,False,False,,,,0.005,Average
Wide - Clip 110.mp4,65758,,,DEFENSE,S,Strong Safety,0.291,True,False,0.133,Elite,,0.113,Elite
Wide - Clip 110.mp4,65763,,,DEFENSE,S,Strong Safety,0.292,True,False,0.133,Elite,,0.108,Elite
Wide - Clip 110.mp4,65770,,,DEFENSE,CB,Deep,0.313,False,False,0.100,Elite,,0.064,Elite
Wide - Clip 111.mp4,66525,,,DEFENSE,S,Free Safety (centerfield),0.370,True,False,0.100,Elite,,0.040,Elite
Wide - Clip 111.mp4,66680,,,DEFENSE,S,Strong Safety,0.404,True,False,0.100,Elite,,0.015,Elite
Wide - Clip 111.mp4,66734,,,DEFENSE,CB,Deep,0.409,False,False,0.433,Average,,0.010,Average
Wide - Clip 111.mp4,66735,,,DEFENSE,S,Strong Safety,0.422,True,False,0.367,Average,,0.013,Average
Wide - Clip 112.mp4,67232,,,DEFENSE,S,Free Safety (centerfield),0.356,True,False,0.167,Elite,,0.086,Elite
Wide - Clip 112.mp4,67261,,,DEFENSE,S,Deep half,0.365,True,False,0.267,Above Average,,0.123,Elite
Wide - Clip 112.mp4,67267,,,DEFENSE,S,Strong Safety,0.355,True,False,0.167,Elite,,0.011,Elite
Wide - Clip 113.mp4,67418,,,DEFENSE,SLOT,Nickel/Slot,0.114,False,False,0.533,Below Average,,0.022,Below Average
Wide - Clip 113.mp4,67426,,,DEFENSE,UNKNOWN,,0.173,False,False,0.133,Elite,,,Elite
Wide - Clip 113.mp4,67790,,,DEFENSE,CB,Off (5-7 yards),0.148,False,False,0.167,Elite,,0.081,Elite
Wide - Clip 113.mp4,67891,,,DEFENSE,EDGE,DE (down),0.008,False,True,0.167,Elite,,,Elite
Wide - Clip 113.mp4,67913,,,DEFENSE,S,Strong Safety,0.295,True,False,0.133,Elite,,0.094,Elite
Wide - Clip 113.mp4,67916,,,DEFENSE,EDGE,DE (down),0.014,False,True,0.100,Elite,0.010,,Elite
Wide - Clip 113.mp4,67949,,,DEFENSE,S,Strong Safety,0.352,True,False,0.133,Elite,,0.080,Elite
Wide - Clip 113.mp4,67952,,,DEFENSE,S,Strong Safety,0.320,True,False,0.067,Elite,,0.060,Elite
Wide - Clip 113.mp4,67957,,,DEFENSE,S,Strong Safety,0.342,True,False,,,,,Average
Wide - Clip 114.mp4,67913,,,DEFENSE,S,Strong Safety,0.381,True,False,0.300,Above Average,,0.028,Above Average
Wide - Clip 114.mp4,68268,,,DEFENSE,S,Strong Safety,0.392,True,False,0.467,Average,,0.025,Average
Wide - Clip 114.mp4,68291,,,DEFENSE,S,Deep half,0.415,False,False,0.167,Elite,,0.037,Elite
Wide - Clip 114.mp4,68352,,,DEFENSE,S,Strong Safety,0.418,True,False,0.233,Elite,,0.003,Elite
Wide - Clip 114.mp4,68355,,,DEFENSE,S,Strong Safety,0.412,True,False,0.467,Average,,0.029,Average
Wide - Clip 114.mp4,68362,,,DEFENSE,S,Deep half,0.422,True,False,0.633,Below Average,,0.004,Below Average
Wide - Clip 114.mp4,68371,,,DEFENSE,S,Deep half,0.446,False,False,1.800,Developmental,,0.002,Below Average
Wide - Clip 115.mp4,68778,,,DEFENSE,S,Free Safety (centerfield),0.400,True,False,0.167,Elite,,0.008,Elite
Wide - Clip 115.mp4,68817,,,DEFENSE,S,Strong Safety,0.421,True,False,0.267,Above Average,,0.028,Above Average
Wide - Clip 115.mp4,69147,,,DEFENSE,S,Strong Safety,0.424,True,False,0.300,Above Average,,0.026,Above Average
Wide - Clip 115.mp4,69201,,,DEFENSE,S,Deep half,0.396,True,False,0.333,Above Average,,0.026,Above Average
Wide - Clip 115.mp4,69251,,,DEFENSE,CB,Deep,0.422,False,False,0.067,Elite,,0.017,Elite
Wide - Clip 115.mp4,69252,,,DEFENSE,S,Free Safety (centerfield),0.416,True,False,0.200,Elite,,0.031,Elite
Wide - Clip 115.mp4,69261,,,DEFENSE,S,Strong Safety,0.375,True,False,0.300,Above Average,,0.024,Above Average
Wide - Clip 115.mp4,69260,,,DEFENSE,S,Free Safety (centerfield),0.387,True,False,0.333,Above Average,,0.007,Above Average
Wide - Clip 115.mp4,69309,,,DEFENSE,S,Strong Safety,0.397,True,False,0.267,Above Average,,0.027,Above Average
Wide - Clip 115.mp4,69325,,,DEFENSE,CB,Deep,0.365,False,False,0.067,Elite,,0.059,Elite
Wide - Clip 116.mp4,69372,,,DEFENSE,EDGE,DE (down),0.103,True,False,0.067,Elite,0.089,,Elite
Wide - Clip 116.mp4,69574,,,DEFENSE,S,Deep half,0.448,False,False,0.100,Elite,,0.121,Elite
Wide - Clip 116.mp4,69575,,,DEFENSE,S,Strong Safety,0.433,True,False,0.100,Elite,,0.146,Elite
Wide - Clip 116.mp4,69618,,,DEFENSE,S,Strong Safety,0.450,True,False,0.133,Elite,,0.172,Elite
Wide - Clip 116.mp4,69693,,,DEFENSE,EDGE,DE (down),0.058,False,False,0.167,Elite,,,Elite
Wide - Clip 116.mp4,69764,,,DEFENSE,DL,1-tech,0.030,True,False,0.067,Elite,0.026,,Elite
Wide - Clip 116.mp4,69781,,,DEFENSE,S,Free Safety (centerfield),0.350,True,False,0.100,Elite,,0.094,Elite
Wide - Clip 116.mp4,69822,,,DEFENSE,S,Deep half,0.454,True,False,0.100,Elite,,0.107,Elite
Wide - Clip 116.mp4,69845,,,DEFENSE,EDGE,DE (down),0.145,False,False,0.133,Elite,0.117,,Elite
Wide - Clip 116.mp4,69851,,,DEFENSE,DL,1-tech,0.145,True,False,0.167,Elite,0.118,,Elite
Wide - Clip 116.mp4,69871,,,DEFENSE,DL,5-tech,0.166,True,False,0.267,Above Average,0.138,,Above Average
Wide - Clip 116.mp4,69875,,,DEFENSE,EDGE,DE (down),0.194,False,False,0.200,Elite,0.163,,Elite
Wide - Clip 116.mp4,69884,,,DEFENSE,DL,0-tech (Nose),0.163,True,False,0.100,Elite,,,Elite
Wide - Clip 116.mp4,69918,,,DEFENSE,DL,5-tech,0.198,True,False,,,,,Average
Wide - Clip 116.mp4,69937,,,DEFENSE,DL,3-tech,0.185,True,False,0.100,Elite,0.149,,Elite
Wide - Clip 116.mp4,69943,,,DEFENSE,DL,5-tech,0.235,True,False,0.067,Elite,0.179,,Elite
Wide - Clip 117.mp4,70028,,,DEFENSE,S,Strong Safety,0.415,True,False,1.033,Developmental,,0.009,Below Average
Wide - Clip 117.mp4,70079,,,DEFENSE,EDGE,DE (down),0.042,False,False,0.800,Developmental,0.056,,Below Average
Wide - Clip 117.mp4,70084,,,DEFENSE,EDGE,OLB (up),0.047,False,False,0.400,Average,,,Average
Wide - Clip 117.mp4,70085,,,DEFENSE,DL,1-tech,0.023,True,True,0.767,Developmental,0.011,,Below Average
Wide - Clip 117.mp4,70086,,,DEFENSE,EDGE,DE (down),0.027,False,True,0.367,Average,,,Average
Wide - Clip 117.mp4,70093,,,DEFENSE,EDGE,DE (down),0.171,False,False,,,,,Average
Wide - Clip 117.mp4,70120,,,DEFENSE,EDGE,DE (down),0.051,True,False,0.100,Elite,,,Elite
Wide - Clip 117.mp4,70162,,,DEFENSE,EDGE,DE (down),0.120,True,False,0.500,Below Average,,,Below Average
Wide - Clip 117.mp4,70180,,,DEFENSE,DL,1-tech,0.151,True,False,0.200,Elite,,,Elite
Wide - Clip 117.mp4,70196,,,DEFENSE,S,Strong Safety,0.385,True,False,0.967,Developmental,,0.012,Below Average
Wide - Clip 117.mp4,70197,,,DEFENSE,DL,5-tech,0.122,True,False,0.533,Below Average,0.123,,Average
Wide - Clip 117.mp4,70214,,,DEFENSE,EDGE,DE (down),0.146,True,False,0.700,Developmental,0.105,,Below Average
Wide - Clip 118.mp4,70515,,,DEFENSE,LB,WILL (weak),0.044,True,False,0.467,Average,,,Average
Wide - Clip 118.mp4,70539,,,DEFENSE,UNKNOWN,,0.182,True,False,0.267,Above Average,,,Above Average
Wide - Clip 118.mp4,70541,,,DEFENSE,EDGE,DE (down),0.258,False,False,1.567,Developmental,0.256,,Average
Wide - Clip 118.mp4,70544,,,DEFENSE,EDGE,DE (down),0.164,False,False,0.300,Above Average,,,Above Average
Wide - Clip 118.mp4,70547,,,DEFENSE,SLOT,Nickel/Slot,0.057,False,False,0.433,Average,,0.050,Average
Wide - Clip 118.mp4,70540,,,DEFENSE,EDGE,DE (down),0.046,False,False,0.300,Above Average,0.047,,Above Average
Wide - Clip 118.mp4,70563,,,DEFENSE,CB,Press,0.067,False,False,,,,0.001,Average
Wide - Clip 118.mp4,70428,,,DEFENSE,S,Free Safety (centerfield),0.457,True,False,1.233,Developmental,,0.005,Below Average
Wide - Clip 118.mp4,70565,,,DEFENSE,DL,5-tech,0.282,True,False,0.200,Elite,,,Elite
Wide - Clip 118.mp4,70566,,,DEFENSE,S,Deep half,0.403,True,False,1.567,Developmental,,0.002,Below Average
Wide - Clip 118.mp4,70584,,,DEFENSE,EDGE,DE (down),0.015,False,True,0.233,Above Average,,,Above Average
Wide - Clip 118.mp4,70588,,,DEFENSE,S,Deep half,0.395,False,False,0.500,Average,,0.014,Average
Wide - Clip 118.mp4,70624,,,DEFENSE,DL,3-tech,0.075,True,False,0.167,Elite,0.071,,Elite
Wide - Clip 118.mp4,70632,,,DEFENSE,S,Strong Safety,0.417,True,False,1.133,Developmental,,0.014,Below Average
Wide - Clip 118.mp4,70633,,,DEFENSE,S,Deep half,0.380,True,False,,,,0.002,Average
Wide - Clip 118.mp4,70634,,,DEFENSE,DL,5-tech,0.116,True,False,0.233,Above Average,0.131,,Above Average
Wide - Clip 118.mp4,70637,,,DEFENSE,S,Strong Safety,0.413,True,False,0.667,Developmental,,0.046,Below Average
Wide - Clip 118.mp4,70643,,,DEFENSE,DL,5-tech,0.052,True,False,0.167,Elite,,,Elite
Wide - Clip 119.mp4,70995,,,DEFENSE,EDGE,DE (down),0.132,True,False,0.333,Average,0.131,,Average
Wide - Clip 119.mp4,70997,,,DEFENSE,EDGE,DE (down),0.246,False,False,0.367,Average,0.247,,Above Average
Wide - Clip 119.mp4,71015,,,DEFENSE,EDGE,DE (down),0.055,True,False,0.400,Average,0.049,,Average
Wide - Clip 119.mp4,71095,,,DEFENSE,EDGE,DE (down),0.199,False,False,0.333,Average,0.195,,Above Average
Wide - Clip 119.mp4,71107,,,DEFENSE,DL,5-tech,0.155,True,False,0.300,Above Average,0.152,,Elite
Wide - Clip 119.mp4,71116,,,DEFENSE,DL,5-tech,0.141,True,False,0.467,Below Average,0.131,,Average
Wide - Clip 119.mp4,71122,,,DEFENSE,LB,MIKE (middle),0.106,True,False,0.367,Average,,,Average
Wide - Clip 119.mp4,71126,,,DEFENSE,DL,5-tech,0.240,True,False,0.200,Elite,,,Elite
Wide - Clip 119.mp4,71154,,,DEFENSE,EDGE,DE (down),0.206,False,False,0.267,Above Average,0.204,,Elite
Wide - Clip 119.mp4,71176,,,DEFENSE,EDGE,DE (down),0.246,True,False,0.400,Average,0.254,,Above Average
Wide - Clip 119.mp4,71179,,,DEFENSE,S,Deep half,0.407,False,False,0.333,Above Average,,0.040,Above Average
Wide - Clip 119.mp4,71186,,,DEFENSE,S,Deep half,0.458,True,False,,,,0.001,Average
Wide - Clip 120.mp4,71762,,,DEFENSE,S,Strong Safety,0.407,True,False,0.267,Above Average,,0.007,Above Average
Wide - Clip 120.mp4,71772,,,DEFENSE,S,Strong Safety,0.428,True,False,1.733,Developmental,,0.005,Below Average
Wide - Clip 120.mp4,71791,,,DEFENSE,S,Deep half,0.453,True,False,1.033,Developmental,,0.010,Below Average
Wide - Clip 120.mp4,71797,,,DEFENSE,S,Strong Safety,0.402,True,False,,,,,Average
Wide - Clip 121.mp4,72187,,,DEFENSE,S,Deep half,0.360,False,False,0.233,Elite,,0.022,Elite
Wide - Clip 121.mp4,72270,,,DEFENSE,S,Strong Safety,0.384,True,False,0.167,Elite,,0.074,Elite
Wide - Clip 121.mp4,72324,,,DEFENSE,S,Free Safety (centerfield),0.371,True,False,0.167,Elite,,0.051,Elite
Wide - Clip 121.mp4,72454,,,DEFENSE,CB,Deep,0.348,False,False,,,,,Average
Wide - Clip 121.mp4,72500,,,DEFENSE,S,Free Safety (centerfield),0.373,True,False,0.167,Elite,,0.055,Elite
Wide - Clip 121.mp4,72510,,,DEFENSE,S,Strong Safety,0.472,True,False,,,,0.002,Average
Wide - Clip 121.mp4,72549,,,DEFENSE,S,Deep half,0.360,False,False,0.100,Elite,,0.094,Elite
Wide - Clip 121.mp4,72559,,,DEFENSE,S,Deep half,0.390,True,False,0.100,Elite,,0.023,Elite
Wide - Clip 122.mp4,72670,,,DEFENSE,S,Deep half,0.433,False,False,1.300,Developmental,,0.009,Below Average
Wide - Clip 122.mp4,72712,,,DEFENSE,EDGE,DE (down),0.034,True,False,0.500,Below Average,0.027,,Below Average
Wide - Clip 122.mp4,72780,,,DEFENSE,EDGE,DE (down),0.130,True,False,0.133,Elite,0.111,,Elite
Wide - Clip 122.mp4,72795,,,DEFENSE,CB,Deep,0.442,False,False,,,,0.002,Average
Wide - Clip 122.mp4,72800,,,DEFENSE,S,Deep half,0.426,True,False,0.933,Developmental,,0.021,Below Average
Wide - Clip 122.mp4,72819,,,DEFENSE,DL,1-tech,0.283,True,False,,,,,Average
Wide - Clip 122.mp4,72829,,,DEFENSE,S,Strong Safety,0.394,True,False,0.600,Below Average,,0.025,Below Average
Wide - Clip 122.mp4,72831,,,DEFENSE,EDGE,DE (down),0.244,True,False,0.300,Above Average,0.248,,Elite
Wide - Clip 122.mp4,72837,,,DEFENSE,EDGE,DE (down),0.211,False,False,0.500,Below Average,,,Below Average
Wide - Clip 122.mp4,72845,,,DEFENSE,S,Free Safety (centerfield),0.409,True,False,0.867,Developmental,,0.014,Below Average
Wide - Clip 122.mp4,72852,,,DEFENSE,DL,0-tech (Nose),0.142,True,False,0.100,Elite,0.099,,Elite
Wide - Clip 122.mp4,72857,,,DEFENSE,S,Strong Safety,0.397,True,False,0.867,Developmental,,0.014,Below Average
Wide - Clip 122.mp4,72862,,,DEFENSE,DL,5-tech,0.232,True,False,,,,,Average
Wide - Clip 123.mp4,73186,,,DEFENSE,S,Strong Safety,0.410,True,False,0.400,Average,,0.029,Average
Wide - Clip 123.mp4,73200,,,DEFENSE,DL,5-tech,0.005,True,True,0.200,Elite,,,Elite
Wide - Clip 123.mp4,73231,,,DEFENSE,UNKNOWN,,0.174,True,False,0.133,Elite,,,Elite
Wide - Clip 123.mp4,73272,,,DEFENSE,SLOT,Nickel/Slot,0.132,False,False,0.033,Elite,,0.491,Elite
Wide - Clip 123.mp4,73314,,,DEFENSE,S,Deep half,0.425,True,False,0.367,Average,,0.031,Average
Wide - Clip 123.mp4,73315,,,DEFENSE,S,Strong Safety,0.403,True,False,0.367,Average,,0.026,Average
Wide - Clip 123.mp4,73372,,,DEFENSE,EDGE,DE (down),0.187,False,False,0.667,Developmental,0.173,,Average
Wide - Clip 123.mp4,73375,,,DEFENSE,EDGE,DE (down),0.191,True,False,0.100,Elite,0.153,,Elite
Wide - Clip 123.mp4,73380,,,DEFENSE,EDGE,DE (down),0.251,True,False,0.133,Elite,0.247,,Elite
Wide - Clip 123.mp4,73429,,,DEFENSE,S,Strong Safety,0.463,True,False,,,,0.003,Average
Wide - Clip 123.mp4,73437,,,DEFENSE,S,Strong Safety,0.465,True,False,0.367,Average,,0.040,Average
Wide - Clip 123.mp4,73449,,,DEFENSE,S,Deep half,0.450,False,False,0.367,Average,,0.060,Average
Wide - Clip 123.mp4,73453,,,DEFENSE,S,Strong Safety,0.391,True,False,0.433,Average,,0.042,Average
Wide - Clip 123.mp4,73463,,,DEFENSE,DL,5-tech,0.200,True,False,0.100,Elite,0.186,,Elite
Wide - Clip 123.mp4,73466,,,DEFENSE,CB,Deep,0.438,False,False,0.367,Average,,0.032,Average
Wide - Clip 123.mp4,73476,,,DEFENSE,DL,0-tech (Nose),0.099,True,False,0.733,Developmental,,,Below Average
Wide - Clip 123.mp4,73481,,,DEFENSE,DL,5-tech,0.244,True,False,0.433,Below Average,0.239,,Average
Wide - Clip 123.mp4,73491,,,DEFENSE,DL,3-tech,0.193,True,False,0.167,Elite,0.176,,Elite
Wide - Clip 123.mp4,73493,,,DEFENSE,EDGE,DE (down),0.190,False,False,,,,,Average
Wide - Clip 123.mp4,73497,,,DEFENSE,DL,0-tech (Nose),0.206,True,False,,,,,Average
Wide - Clip 124.mp4,74067,,,DEFENSE,S,Strong Safety,0.375,True,False,0.167,Elite,,0.063,Elite
Wide - Clip 124.mp4,74081,,,DEFENSE,S,Deep half,0.434,False,False,0.367,Average,,0.042,Average
Wide - Clip 124.mp4,74071,,,DEFENSE,EDGE,DE (down),0.164,False,False,0.367,Average,0.127,,Average
Wide - Clip 124.mp4,74290,,,DEFENSE,S,Deep half,0.421,False,False,0.400,Average,,0.041,Average
Wide - Clip 124.mp4,74427,,,DEFENSE,EDGE,DE (down),0.038,False,False,0.133,Elite,0.027,,Elite
Wide - Clip 124.mp4,74450,,,DEFENSE,DL,0-tech (Nose),0.178,True,False,0.233,Above Average,0.142,,Above Average
Wide - Clip 124.mp4,74479,,,DEFENSE,S,Strong Safety,0.336,True,False,0.200,Elite,,0.073,Elite
Wide - Clip 124.mp4,74486,,,DEFENSE,S,Free Safety (centerfield),0.332,True,False,0.200,Elite,,0.048,Elite
Wide - Clip 124.mp4,74515,,,DEFENSE,S,Strong Safety,0.364,True,False,0.233,Elite,,0.019,Elite
Wide - Clip 124.mp4,74513,,,DEFENSE,CB,Deep,0.429,False,False,,,,0.001,Average
Wide - Clip 124.mp4,74547,,,DEFENSE,S,Deep half,0.423,False,False,0.367,Average,,0.048,Average
Wide - Clip 124.mp4,74570,,,DEFENSE,EDGE,DE (down),0.103,True,False,0.100,Elite,0.080,,Elite
Wide - Clip 124.mp4,74581,,,DEFENSE,DL,5-tech,0.130,True,False,0.333,Average,0.150,,Average
Wide - Clip 124.mp4,74590,,,DEFENSE,S,Deep half,0.394,True,False,0.167,Elite,,0.012,Elite
Wide - Clip 124.mp4,74591,,,DEFENSE,CB,Off (5-7 yards),0.143,False,False,0.167,Elite,,0.106,Elite
Wide - Clip 124.mp4,74596,,,DEFENSE,EDGE,DE (down),0.177,True,False,0.400,Below Average,0.141,,Average
Wide - Clip 125.mp4,74735,,,DEFENSE,CB,Off (5-7 yards),0.114,False,False,0.167,Elite,,0.090,Elite
Wide - Clip 125.mp4,74801,,,DEFENSE,EDGE,DE (down),0.014,False,True,0.167,Elite,0.004,,Elite
Wide - Clip 125.mp4,74987,,,DEFENSE,EDGE,DE (down),0.019,True,True,0.133,Elite,0.041,,Elite
Wide - Clip 125.mp4,75008,,,DEFENSE,S,Deep half,0.325,True,False,0.133,Elite,,0.100,Elite
Wide - Clip 125.mp4,75033,,,DEFENSE,S,Deep half,0.317,True,False,0.133,Elite,,0.105,Elite
Wide - Clip 125.mp4,75039,,,DEFENSE,EDGE,DE (down),0.010,False,True,0.100,Elite,0.020,,Elite
Wide - Clip 126.mp4,75194,,,DEFENSE,S,Strong Safety,0.301,True,False,0.200,Elite,,0.026,Elite
Wide - Clip 126.mp4,75196,,,DEFENSE,DL,3-tech,0.037,True,False,0.300,Above Average,,,Above Average
Wide - Clip 126.mp4,75218,,,DEFENSE,S,Strong Safety,0.285,True,False,0.200,Elite,,0.026,Elite
Wide - Clip 126.mp4,75305,,,DEFENSE,CB,Off (5-7 yards),0.101,False,False,0.167,Elite,,0.030,Elite
Wide - Clip 126.mp4,75307,,,DEFENSE,S,Strong Safety,0.439,True,False,0.267,Above Average,,0.011,Above Average
Wide - Clip 126.mp4,75380,,,DEFENSE,EDGE,DE (down),0.037,False,False,0.167,Elite,,,Elite
Wide - Clip 126.mp4,75427,,,DEFENSE,S,Strong Safety,0.448,True,False,0.200,Elite,,0.043,Elite
Wide - Clip 126.mp4,75463,,,DEFENSE,DL,5-tech,0.020,True,True,0.100,Elite,0.026,,Elite
Wide - Clip 126.mp4,75467,,,DEFENSE,S,Free Safety (centerfield),0.214,True,False,0.133,Elite,,0.065,Elite
Wide - Clip 126.mp4,75470,,,DEFENSE,EDGE,DE (down),0.029,False,True,0.233,Above Average,,,Above Average
Wide - Clip 126.mp4,75489,,,DEFENSE,DL,5-tech,0.032,True,False,,,,,Average
Wide - Clip 127.mp4,75822,,,DEFENSE,DL,0-tech (Nose),0.082,True,False,0.233,Above Average,0.082,,Above Average
Wide - Clip 127.mp4,75903,,,DEFENSE,DL,0-tech (Nose),0.021,True,True,0.300,Average,0.001,,Average
Wide - Clip 127.mp4,75915,,,DEFENSE,S,Strong Safety,0.332,True,False,0.500,Below Average,,0.014,Below Average
Wide - Clip 127.mp4,75943,,,DEFENSE,S,Strong Safety,0.318,True,False,0.367,Average,,0.015,Average
Wide - Clip 127.mp4,75952,,,DEFENSE,EDGE,OLB (up),0.046,True,False,0.300,Average,,,Average
Wide - Clip 127.mp4,75960,,,DEFENSE,CB,Deep,0.208,False,False,0.200,Elite,,0.018,Elite
Wide - Clip 127.mp4,75992,,,DEFENSE,DL,3-tech,0.080,True,False,0.467,Below Average,0.086,,Average
Wide - Clip 127.mp4,76048,,,DEFENSE,EDGE,DE (down),0.125,False,False,0.533,Below Average,0.122,,Average
Wide - Clip 127.mp4,76064,,,DEFENSE,S,Strong Safety,0.403,True,False,0.300,Above Average,,0.019,Above Average
Wide - Clip 127.mp4,76086,,,DEFENSE,CB,Deep,0.409,False,False,0.567,Below Average,,0.020,Below Average
Wide - Clip 127.mp4,76091,,,DEFENSE,CB,Deep,0.416,False,False,0.100,Elite,,0.072,Elite
Wide - Clip 127.mp4,76095,,,DEFENSE,EDGE,DE (down),0.111,False,False,0.767,Developmental,0.105,,Below Average
Wide - Clip 127.mp4,76098,,,DEFENSE,DL,5-tech,0.122,True,False,0.467,Below Average,0.119,,Average
Wide - Clip 127.mp4,76099,,,DEFENSE,DL,1-tech,0.092,True,False,0.567,Developmental,0.094,,Below Average
Wide - Clip 127.mp4,76100,,,DEFENSE,S,Free Safety (centerfield),0.272,True,False,0.167,Elite,,0.025,Elite
Wide - Clip 127.mp4,76105,,,DEFENSE,CB,Deep,0.267,False,False,,,,,Average
Wide - Clip 127.mp4,76112,,,DEFENSE,S,Deep half,0.320,False,False,0.500,Below Average,,0.016,Below Average
Wide - Clip 127.mp4,76117,,,DEFENSE,DL,0-tech (Nose),0.100,True,False,,,,,Average
Wide - Clip 127.mp4,76118,,,DEFENSE,DL,0-tech (Nose),0.099,True,False,0.267,Above Average,0.112,,Above Average
Wide - Clip 128.mp4,76197,,,DEFENSE,S,Strong Safety,0.397,True,False,0.400,Average,,0.038,Average
Wide - Clip 128.mp4,76227,,,DEFENSE,S,Deep half,0.426,False,False,0.300,Above Average,,0.039,Above Average
Wide - Clip 128.mp4,76242,,,DEFENSE,S,Deep half,0.416,True,False,0.533,Below Average,,0.039,Below Average
Wide - Clip 129.mp4,76559,,,DEFENSE,S,Strong Safety,0.433,True,False,0.167,Elite,,0.090,Elite
Wide - Clip 129.mp4,76626,,,DEFENSE,S,Free Safety (centerfield),0.433,True,False,0.167,Elite,,0.089,Elite
Wide - Clip 129.mp4,76862,,,DEFENSE,S,Deep half,0.431,False,False,1.033,Developmental,,0.009,Below Average
Wide - Clip 129.mp4,76913,,,DEFENSE,S,Strong Safety,0.442,True,False,,,,0.002,Average
Wide - Clip 130.mp4,77211,4,,DEFENSE,EDGE,DE (down),0.316,False,False,0.133,Elite,0.321,,Elite
Wide - Clip 130.mp4,77550,,,DEFENSE,S,Strong Safety,0.414,True,False,0.133,Elite,,0.094,Elite
Wide - Clip 130.mp4,77556,,,DEFENSE,S,Deep half,0.448,True,False,0.133,Elite,,0.081,Elite
Wide - Clip 130.mp4,77570,,,DEFENSE,S,Deep half,0.437,False,False,0.100,Elite,,0.093,Elite
Wide - Clip 130.mp4,77578,,,DEFENSE,S,Free Safety (centerfield),0.416,True,False,0.133,Elite,,0.086,Elite
Wide - Clip 130.mp4,77575,,,DEFENSE,S,Strong Safety,0.413,True,False,0.133,Elite,,0.096,Elite
Wide - Clip 130.mp4,77587,,,DEFENSE,S,Free Safety (centerfield),0.416,True,False,0.100,Elite,,0.049,Elite
Wide - Clip 130.mp4,77625,,,DEFENSE,S,Strong Safety,0.413,True,False,0.100,Elite,,0.099,Elite
Wide - Clip 130.mp4,77649,,,DEFENSE,S,Deep half,0.414,False,False,0.033,Elite,,0.122,Elite
Wide - Clip 131.mp4,77897,,,DEFENSE,S,Deep half,0.419,False,False,0.633,Below Average,,0.019,Below Average
Wide - Clip 131.mp4,77900,,,DEFENSE,S,Free Safety (centerfield),0.412,True,False,0.433,Average,,0.034,Average
Wide - Clip 131.mp4,77781,,,DEFENSE,S,Strong Safety,0.413,True,False,0.367,Average,,0.048,Average
Wide - Clip 131.mp4,77954,,,DEFENSE,EDGE,DE (down),0.285,False,False,0.267,Above Average,,,Above Average
Wide - Clip 131.mp4,78025,,,DEFENSE,S,Deep half,0.429,True,False,0.300,Above Average,,0.057,Above Average
Wide - Clip 131.mp4,78053,,,DEFENSE,S,Strong Safety,0.352,True,False,0.433,Average,,0.038,Average
Wide - Clip 131.mp4,78078,,,DEFENSE,S,Deep half,0.410,False,False,0.267,Above Average,,0.058,Above Average
Wide - Clip 131.mp4,78088,,,DEFENSE,DL,5-tech,0.202,True,False,0.333,Average,0.151,,Above Average
Wide - Clip 131.mp4,78090,,,DEFENSE,DL,3-tech,0.191,True,False,0.233,Above Average,0.135,,Above Average
Wide - Clip 131.mp4,78089,,,DEFENSE,EDGE,DE (down),0.226,True,False,0.100,Elite,0.166,,Elite
Wide - Clip 131.mp4,78094,,,DEFENSE,EDGE,DE (down),0.264,True,False,,,,,Average
Wide - Clip 131.mp4,78095,,,DEFENSE,DL,0-tech (Nose),0.180,True,False,0.133,Elite,,,Elite
Wide - Clip 132.mp4,78421,,,DEFENSE,S,Free Safety (centerfield),0.395,True,False,0.200,Elite,,0.054,Elite
Wide - Clip 132.mp4,78473,,,DEFENSE,CB,Deep,0.413,False,False,0.300,Above Average,,0.045,Above Average
Wide - Clip 132.mp4,78497,,,DEFENSE,S,Strong Safety,0.396,True,False,0.200,Elite,,0.068,Elite
Wide - Clip 132.mp4,78563,,,DEFENSE,S,Free Safety (centerfield),0.420,True,False,0.133,Elite,,0.081,Elite
Wide - Clip 133.mp4,79056,,,DEFENSE,S,Deep half,0.383,True,False,0.767,Developmental,,0.024,Below Average
Wide - Clip 133.mp4,79064,,,DEFENSE,S,Strong Safety,0.367,True,False,1.167,Developmental,,0.005,Below Average
Wide - Clip 133.mp4,79076,,,DEFENSE,S,Free Safety (centerfield),0.425,True,False,1.267,Developmental,,0.002,Below Average
Wide - Clip 133.mp4,79086,,,DEFENSE,CB,Deep,0.367,False,False,0.933,Developmental,,0.014,Below Average
Wide - Clip 133.mp4,79118,,,DEFENSE,CB,Deep,0.369,False,False,,,,0.002,Average
Wide - Clip 133.mp4,79185,,,DEFENSE,S,Deep half,0.382,True,False,1.100,Developmental,,0.002,Below Average
Wide - Clip 134.mp4,80344,,,DEFENSE,S,Free Safety (centerfield),0.323,True,False,0.133,Elite,,0.058,Elite
Wide - Clip 134.mp4,80375,,,DEFENSE,S,Strong Safety,0.379,True,False,0.167,Elite,,0.061,Elite
Wide - Clip 134.mp4,80429,,,DEFENSE,S,Strong Safety,0.346,True,False,0.200,Elite,,0.066,Elite
Wide - Clip 135.mp4,80508,,,DEFENSE,DL,3-tech,0.138,True,False,0.900,Developmental,0.144,,Below Average
Wide - Clip 135.mp4,80594,,,DEFENSE,SLOT,Nickel/Slot,0.118,False,False,2.733,Developmental,,0.005,Below Average
Wide - Clip 135.mp4,80600,,,DEFENSE,EDGE,DE (down),0.052,True,False,0.300,Average,,,Average
Wide - Clip 135.mp4,80597,,,DEFENSE,CB,Deep,0.376,False,False,2.733,Developmental,,0.001,Below Average
Wide - Clip 135.mp4,80598,,,DEFENSE,EDGE,DE (down),0.206,False,False,0.333,Average,0.205,,Above Average
Wide - Clip 135.mp4,80603,,,DEFENSE,S,Deep half,0.323,False,False,1.367,Developmental,,0.001,Below Average
Wide - Clip 135.mp4,80601,,,DEFENSE,EDGE,DE (down),0.186,False,False,2.900,Developmental,0.187,,Average
Wide - Clip 135.mp4,80609,,,DEFENSE,EDGE,DE (down),0.228,True,False,0.533,Below Average,0.231,,Average
Wide - Clip 135.mp4,80622,,,DEFENSE,DL,5-tech,0.020,True,True,0.133,Elite,,,Elite
Wide - Clip 135.mp4,80672,,,DEFENSE,S,Free Safety (centerfield),0.390,True,False,2.667,Developmental,,0.002,Below Average
Wide - Clip 135.mp4,80676,,,DEFENSE,DL,1-tech,0.225,True,False,2.800,Developmental,0.226,,Average
Wide - Clip 135.mp4,80692,,,DEFENSE,EDGE,DE (down),0.253,False,False,2.900,Developmental,0.249,,Average
Wide - Clip 135.mp4,80721,,,DEFENSE,DL,3-tech,0.269,True,False,1.267,Developmental,0.269,,Average
Wide - Clip 135.mp4,80728,,,DEFENSE,S,Strong Safety,0.397,True,False,0.500,Below Average,,0.015,Below Average
Wide - Clip 135.mp4,80730,,,DEFENSE,S,Strong Safety,0.404,True,False,0.233,Elite,,0.010,Elite
Wide - Clip 135.mp4,80745,,,DEFENSE,S,Deep half,0.441,True,False,0.867,Developmental,,0.014,Below Average
Wide - Clip 136.mp4,81123,,,DEFENSE,CB,Deep,0.346,False,False,0.900,Developmental,,0.010,Below Average
Wide - Clip 136.mp4,81118,,,DEFENSE,S,Free Safety (centerfield),0.384,True,False,0.800,Developmental,,0.017,Below Average
Wide - Clip 136.mp4,81181,,,DEFENSE,UNKNOWN,,0.160,True,False,0.400,Average,,,Average
Wide - Clip 136.mp4,81182,,,DEFENSE,UNKNOWN,,0.152,False,False,0.533,Below Average,,,Below Average
Wide - Clip 136.mp4,81189,,,DEFENSE,S,Deep half,0.412,True,False,0.767,Developmental,,0.016,Below Average
Wide - Clip 136.mp4,81190,,,DEFENSE,DL,5-tech,0.011,True,True,0.133,Elite,,,Elite
Wide - Clip 136.mp4,81188,,,DEFENSE,EDGE,DE (down),0.074,False,False,0.400,Average,0.071,,Average
Wide - Clip 136.mp4,81209,,,DEFENSE,EDGE,DE (down),0.077,True,False,0.033,Elite,0.083,,Elite
Wide - Clip 136.mp4,81212,,,DEFENSE,DL,0-tech (Nose),0.081,True,False,0.567,Developmental,,,Below Average
Wide - Clip 136.mp4,81235,,,DEFENSE,S,Deep half,0.407,False,False,0.233,Elite,,0.037,Elite
Wide - Clip 136.mp4,81244,,,DEFENSE,CB,Deep,0.400,False,False,0.700,Developmental,,0.019,Below Average
Wide - Clip 136.mp4,81257,,,DEFENSE,CB,Deep,0.433,False,False,,,,,Average
Wide - Clip 136.mp4,81270,,,DEFENSE,EDGE,DE (down),0.144,True,False,0.200,Elite,,,Elite
Wide - Clip 136.mp4,81278,,,DEFENSE,S,Strong Safety,0.422,True,False,1.300,Developmental,,0.008,Below Average
Wide - Clip 136.mp4,81287,,,DEFENSE,S,Strong Safety,0.448,True,False,1.033,Developmental,,0.028,Below Average
Wide - Clip 136.mp4,81295,,,DEFENSE,S,Strong Safety,0.473,True,False,,,,0.000,Average
Wide - Clip 137.mp4,81963,,,DEFENSE,UNKNOWN,,0.186,True,False,0.200,Elite,,,Elite
Wide - Clip 137.mp4,82162,,,DEFENSE,UNKNOWN,,0.186,True,False,0.200,Elite,,,Elite
Wide - Clip 137.mp4,82221,,,DEFENSE,UNKNOWN,,0.178,True,False,0.200,Elite,,,Elite
Wide - Clip 137.mp4,82251,,,DEFENSE,UNKNOWN,,0.188,True,False,0.367,Average,,,Average
Wide - Clip 137.mp4,82255,,,DEFENSE,S,Deep half,0.367,False,False,0.167,Elite,,0.027,Elite
Wide - Clip 138.mp4,82756,,,DEFENSE,S,Strong Safety,0.334,True,False,0.133,Elite,,0.057,Elite
Wide - Clip 138.mp4,82791,,,DEFENSE,SLOT,Nickel/Slot,0.062,False,False,0.233,Elite,,0.055,Elite
Wide - Clip 138.mp4,82903,,,DEFENSE,S,Deep half,0.315,True,False,0.267,Above Average,,0.066,Above Average
Wide - Clip 138.mp4,82906,,,DEFENSE,LB,WILL (weak),0.080,True,False,0.267,Above Average,,,Above Average
Wide - Clip 138.mp4,82914,,,DEFENSE,CB,Deep,0.209,False,False,,,,0.004,Average
Wide - Clip 138.mp4,82928,,,DEFENSE,UNKNOWN,,0.188,True,False,0.267,Above Average,,,Above Average
Wide - Clip 138.mp4,82930,,,DEFENSE,S,Strong Safety,0.202,True,False,0.167,Elite,,0.078,Elite
