clip_file,track_id,jersey_number,player_name,roster_position,team,team_name,jersey_color,inferred_position,recognition_latency_sec,recognition_latency_grade,first_step_sec,first_step_grade,post_snap_distance,initial_velocity,sdi_score,sdi_grade
ricky_powers_michigan.mp4,1,,,,michigan,MICHIGAN,,,,,,,0.000,,5000.0,Average
ricky_powers_michigan.mp4,2,,,,michigan,MICHIGAN,,,,,,,0.788,,5157.0,Average
ricky_powers_michigan.mp4,3,,,,michigan,MICHIGAN,,,,,,,,,5000.0,Average
ricky_powers_michigan.mp4,5,,,,michigan,MICHIGAN,,,,,,,0.043,,5008.0,Average
ricky_powers_michigan.mp4,6,,,,michigan,MICHIGAN,,,,,,,0.072,,5014.0,Average
ricky_powers_michigan.mp4,7,,,,michigan,MICHIGAN,,,,,,,0.239,,5047.0,Average
ricky_powers_michigan.mp4,8,,,,michigan,MICHIGAN,,,,,,,0.498,,5099.0,Average
ricky_powers_michigan.mp4,9,,,,michigan,MICHIGAN,,,,,,,,,5000.0,Average
ricky_powers_michigan.mp4,10,,,,michigan,MICHIGAN,,,,,,,0.033,,5006.0,Average
ricky_powers_michigan.mp4,11,,,,michigan,MICHIGAN,,,,,,,1.030,,5206.0,Average
ricky_powers_michigan.mp4,12,,,,michigan,MICHIGAN,,,,,,,1.032,,5206.0,Average
ricky_powers_michigan.mp4,14,,,,michigan,MICHIGAN,,,,,,,0.306,,5061.0,Average
ricky_powers_michigan.mp4,15,,,,michigan,MICHIGAN,,,,,,,0.228,,5045.0,Average
ricky_powers_michigan.mp4,16,,,,michigan,MICHIGAN,,,,,,,0.381,,5076.0,Average
ricky_powers_michigan.mp4,19,,,,michigan,MICHIGAN,,,,,,,0.103,,5020.0,Average
ricky_powers_michigan.mp4,21,,,,michigan,MICHIGAN,,,,,,,0.076,,5015.0,Average
ricky_powers_michigan.mp4,25,,,,michigan,MICHIGAN,,,,,,,0.775,,5155.0,Average
ricky_powers_michigan.mp4,27,,,,michigan,MICHIGAN,,,,,,,0.099,,5019.0,Average
ricky_powers_michigan.mp4,29,,,,michigan,MICHIGAN,,,,,,,0.026,,5005.0,Average
ricky_powers_michigan.mp4,32,,,,michigan,MICHIGAN,,,,,,,1.425,,5284.0,Average
ricky_powers_michigan.mp4,33,,,,michigan,MICHIGAN,,,,,,,0.071,,5014.0,Average
ricky_powers_michigan.mp4,34,,,,michigan,MICHIGAN,,,,,,,1.343,,5268.0,Average
ricky_powers_michigan.mp4,35,,,,michigan,MICHIGAN,,,,,,,,,5000.0,Average
ricky_powers_michigan.mp4,36,,,,michigan,MICHIGAN,,,,,,,0.064,,5012.0,Average
ricky_powers_michigan.mp4,37,,,,michigan,MICHIGAN,,,,,,,0.109,,5021.0,Average
ricky_powers_michigan.mp4,38,,,,michigan,MICHIGAN,,,,,,,,,5000.0,Average
ricky_powers_michigan.mp4,40,,,,michigan,MICHIGAN,,,,,,,0.015,,5002.0,Average
ricky_powers_michigan.mp4,41,,,,michigan,MICHIGAN,,,,,,,,,5000.0,Average
ricky_powers_michigan.mp4,50,,,,michigan,MICHIGAN,,,,,,,1.109,,5221.0,Average
ricky_powers_michigan.mp4,54,,,,michigan,MICHIGAN,,,,,,,0.145,,5029.0,Average
ricky_powers_michigan.mp4,59,,,,michigan,MICHIGAN,,,,,,,0.520,,5104.0,Average
ricky_powers_michigan.mp4,61,,,,michigan,MICHIGAN,,,,,,,0.728,,5145.0,Average
ricky_powers_michigan.mp4,64,,,,michigan,MICHIGAN,,,,,,,0.043,,5008.0,Average
ricky_powers_michigan.mp4,66,,,,michigan,MICHIGAN,,,,,,,,,5000.0,Average
ricky_powers_michigan.mp4,67,,,,michigan,MICHIGAN,,,,,,,0.096,,5019.0,Average
ricky_powers_michigan.mp4,68,,,,michigan,MICHIGAN,,,,,,,,,5000.0,Average
ricky_powers_michigan.mp4,69,,,,michigan,MICHIGAN,,,,,,,0.182,,5036.0,Average
ricky_powers_michigan.mp4,71,,,,michigan,MICHIGAN,,,,,,,1.967,,5393.0,Average
ricky_powers_michigan.mp4,72,,,,michigan,MICHIGAN,,,,,,,0.218,,5043.0,Average
ricky_powers_michigan.mp4,73,,,,michigan,MICHIGAN,,,,,,,,,5000.0,Average
ricky_powers_michigan.mp4,74,,,,michigan,MICHIGAN,,,,,,,0.124,,5024.0,Average
ricky_powers_michigan.mp4,76,,,,michigan,MICHIGAN,,,,,,,0.042,,5008.0,Average
ricky_powers_michigan.mp4,75,,,,michigan,MICHIGAN,,,,,,,2.074,,5414.0,Average
ricky_powers_michigan.mp4,77,,,,michigan,MICHIGAN,,,,,,,0.413,,5082.0,Average
ricky_powers_michigan.mp4,79,,,,michigan,MICHIGAN,,,,,,,0.134,,5026.0,Average
ricky_powers_michigan.mp4,80,,,,michigan,MICHIGAN,,,,,,,0.015,,5003.0,Average
ricky_powers_michigan.mp4,81,,,,michigan,MICHIGAN,,,,,,,0.177,,5035.0,Average
ricky_powers_michigan.mp4,82,,,,michigan,MICHIGAN,,,,,,,,,5000.0,Average
ricky_powers_michigan.mp4,89,,,,michigan,MICHIGAN,,,,,,,0.356,,5071.0,Average
ricky_powers_michigan.mp4,91,,,,michigan,MICHIGAN,,,,,,,0.050,,5009.0,Average
ricky_powers_michigan.mp4,92,,,,michigan,MICHIGAN,,,,,,,,,5000.0,Average
ricky_powers_michigan.mp4,93,,,,michigan,MICHIGAN,,,,,,,0.083,,5016.0,Average
ricky_powers_michigan.mp4,95,,,,michigan,MICHIGAN,,,,,,,1.805,,5361.0,Average
ricky_powers_michigan.mp4,107,,,,michigan,MICHIGAN,,,,,,,0.121,,5024.0,Average
ricky_powers_michigan.mp4,108,,,,michigan,MICHIGAN,,,,,,,0.333,,5066.0,Average
ricky_powers_michigan.mp4,110,,,,michigan,MICHIGAN,,,,,,,0.189,,5037.0,Average
ricky_powers_michigan.mp4,113,,,,michigan,MICHIGAN,,,,,,,0.003,,5000.0,Average
ricky_powers_michigan.mp4,118,,,,michigan,MICHIGAN,,,,,,,,,5000.0,Average
ricky_powers_michigan.mp4,119,,,,michigan,MICHIGAN,,,,,,,0.002,,5000.0,Average
ricky_powers_michigan.mp4,120,,,,michigan,MICHIGAN,,,,,,,0.013,,5002.0,Average
ricky_powers_michigan.mp4,122,,,,michigan,MICHIGAN,,,,,,,0.000,,5000.0,Average
ricky_powers_michigan.mp4,129,,,,michigan,MICHIGAN,,,,,,,0.022,,5004.0,Average
ricky_powers_michigan.mp4,132,,,,michigan,MICHIGAN,,,,,,,0.043,,5008.0,Average
ricky_powers_michigan.mp4,133,,,,michigan,MICHIGAN,,,,,,,0.050,,5009.0,Average
ricky_powers_michigan.mp4,134,,,,michigan,MICHIGAN,,,,,,,0.344,,5068.0,Average
ricky_powers_michigan.mp4,135,,,,michigan,MICHIGAN,,,,,,,,,5000.0,Average
ricky_powers_michigan.mp4,136,,,,michigan,MICHIGAN,,,,,,,0.545,,5109.0,Average
ricky_powers_michigan.mp4,139,,,,michigan,MICHIGAN,,,,,,,,,5000.0,Average
ricky_powers_michigan.mp4,147,,,,michigan,MICHIGAN,,,,,,,0.063,,5012.0,Average
ricky_powers_michigan.mp4,148,,,,michigan,MICHIGAN,,,,,,,0.255,,5050.0,Average
ricky_powers_michigan.mp4,149,,,,michigan,MICHIGAN,,,,,,,0.015,,5002.0,Average
ricky_powers_michigan.mp4,159,,,,michigan,MICHIGAN,,,,,,,0.341,,5068.0,Average
ricky_powers_michigan.mp4,160,,,,michigan,MICHIGAN,,,,,,,0.048,,5009.0,Average
ricky_powers_michigan.mp4,164,,,,michigan,MICHIGAN,,,,,,,4.490,,5898.0,Average
ricky_powers_michigan.mp4,166,,,,michigan,MICHIGAN,,,,,,,0.476,,5095.0,Average
ricky_powers_michigan.mp4,169,,,,michigan,MICHIGAN,,,,,,,0.083,,5016.0,Average
ricky_powers_michigan.mp4,171,,,,michigan,MICHIGAN,,,,,,,0.012,,5002.0,Average
ricky_powers_michigan.mp4,175,,,,michigan,MICHIGAN,,,,,,,0.113,,5022.0,Average
ricky_powers_michigan.mp4,179,,,,michigan,MICHIGAN,,,,,,,0.277,,5055.0,Average
ricky_powers_michigan.mp4,192,,,,michigan,MICHIGAN,,,,,,,0.037,,5007.0,Average
ricky_powers_michigan.mp4,193,,,,michigan,MICHIGAN,,,,,,,0.966,,5193.0,Average
ricky_powers_michigan.mp4,202,,,,michigan,MICHIGAN,,,,,,,0.129,,5025.0,Average
ricky_powers_michigan.mp4,203,,,,michigan,MICHIGAN,,,,,,,0.378,,5075.0,Average
ricky_powers_michigan.mp4,204,,,,michigan,MICHIGAN,,,,,,,0.400,,5079.0,Average
ricky_powers_michigan.mp4,206,,,,michigan,MICHIGAN,,,,,,,0.749,,5149.0,Average
ricky_powers_michigan.mp4,208,,,,michigan,MICHIGAN,,,,,,,0.144,,5028.0,Average
ricky_powers_michigan.mp4,209,,,,michigan,MICHIGAN,,,,,,,0.301,,5060.0,Average
ricky_powers_michigan.mp4,210,,,,michigan,MICHIGAN,,,,,,,,,5000.0,Average
ricky_powers_michigan.mp4,211,,,,michigan,MICHIGAN,,,,,,,0.072,,5014.0,Average
ricky_powers_michigan.mp4,212,,,,michigan,MICHIGAN,,,,,,,0.012,,5002.0,Average
ricky_powers_michigan.mp4,213,,,,michigan,MICHIGAN,,,,,,,,,5000.0,Average
ricky_powers_michigan.mp4,215,,,,michigan,MICHIGAN,,,,,,,0.001,,5000.0,Average
ricky_powers_michigan.mp4,219,,,,michigan,MICHIGAN,,,,,,,0.099,,5019.0,Average
ricky_powers_michigan.mp4,224,,,,michigan,MICHIGAN,,,,,,,0.069,,5013.0,Average
ricky_powers_michigan.mp4,232,,,,michigan,MICHIGAN,,,,,,,0.760,,5151.0,Average
ricky_powers_michigan.mp4,233,,,,michigan,MICHIGAN,,,,,,,0.152,,5030.0,Average
ricky_powers_michigan.mp4,235,,,,michigan,MICHIGAN,,,,,,,0.154,,5030.0,Average
ricky_powers_michigan.mp4,236,,,,michigan,MICHIGAN,,,,,,,0.184,,5036.0,Average
ricky_powers_michigan.mp4,237,,,,michigan,MICHIGAN,,,,,,,4.587,,5917.0,Average
ricky_powers_michigan.mp4,238,,,,michigan,MICHIGAN,,,,,,,0.131,,5026.0,Average
ricky_powers_michigan.mp4,240,,,,michigan,MICHIGAN,,,,,,,0.056,,5011.0,Average
ricky_powers_michigan.mp4,241,,,,michigan,MICHIGAN,,,,,,,0.961,,5192.0,Average
ricky_powers_michigan.mp4,242,,,,michigan,MICHIGAN,,,,,,,0.000,,5000.0,Average
ricky_powers_michigan.mp4,245,,,,michigan,MICHIGAN,,,,,,,0.036,,5007.0,Average
ricky_powers_michigan.mp4,247,,,,michigan,MICHIGAN,,,,,,,0.145,,5029.0,Average
ricky_powers_michigan.mp4,250,,,,michigan,MICHIGAN,,,,,,,0.094,,5018.0,Average
ricky_powers_michigan.mp4,251,,,,michigan,MICHIGAN,,,,,,,,,5000.0,Average
ricky_powers_michigan.mp4,252,,,,michigan,MICHIGAN,,,,,,,,,5000.0,Average
ricky_powers_michigan.mp4,255,,,,michigan,MICHIGAN,,,,,,,0.674,,5134.0,Average
ricky_powers_michigan.mp4,256,,,,michigan,MICHIGAN,,,,,,,0.016,,5003.0,Average
ricky_powers_michigan.mp4,257,,,,michigan,MICHIGAN,,,,,,,0.061,,5012.0,Average
ricky_powers_michigan.mp4,259,,,,michigan,MICHIGAN,,,,,,,1.269,,5253.0,Average
ricky_powers_michigan.mp4,260,,,,michigan,MICHIGAN,,,,,,,0.500,,5099.0,Average
ricky_powers_michigan.mp4,262,,,,michigan,MICHIGAN,,,,,,,0.018,,5003.0,Average
ricky_powers_michigan.mp4,261,,,,michigan,MICHIGAN,,,,,,,0.044,,5008.0,Average
ricky_powers_michigan.mp4,273,,,,michigan,MICHIGAN,,,,,,,0.568,,5113.0,Average
ricky_powers_michigan.mp4,276,,,,michigan,MICHIGAN,,,,,,,0.181,,5036.0,Average
ricky_powers_michigan.mp4,277,,,,michigan,MICHIGAN,,,,,,,0.270,,5054.0,Average
ricky_powers_michigan.mp4,281,,,,michigan,MICHIGAN,,,,,,,0.485,,5096.0,Average
ricky_powers_michigan.mp4,289,,,,michigan,MICHIGAN,,,,,,,,,5000.0,Average
ricky_powers_michigan.mp4,290,,,,michigan,MICHIGAN,,,,,,,0.380,,5076.0,Average
ricky_powers_michigan.mp4,292,,,,michigan,MICHIGAN,,,,,,,0.446,,5089.0,Average
ricky_powers_michigan.mp4,294,,,,michigan,MICHIGAN,,,,,,,0.686,,5137.0,Average
ricky_powers_michigan.mp4,296,,,,michigan,MICHIGAN,,,,,,,0.210,,5042.0,Average
ricky_powers_michigan.mp4,300,,,,michigan,MICHIGAN,,,,,,,0.251,,5050.0,Average
ricky_powers_michigan.mp4,301,,,,michigan,MICHIGAN,,,,,,,1.989,,5397.0,Average
ricky_powers_michigan.mp4,303,,,,michigan,MICHIGAN,,,,,,,0.043,,5008.0,Average
ricky_powers_michigan.mp4,308,,,,michigan,MICHIGAN,,,,,,,0.017,,5003.0,Average
ricky_powers_michigan.mp4,310,,,,michigan,MICHIGAN,,,,,,,,,5000.0,Average
ricky_powers_michigan.mp4,319,,,,michigan,MICHIGAN,,,,,,,0.031,,5006.0,Average
ricky_powers_michigan.mp4,321,,,,michigan,MICHIGAN,,,,,,,0.068,,5013.0,Average
ricky_powers_michigan.mp4,327,,,,michigan,MICHIGAN,,,,,,,0.542,,5108.0,Average
ricky_powers_michigan.mp4,328,,,,michigan,MICHIGAN,,,,,,,0.217,,5043.0,Average
ricky_powers_michigan.mp4,329,,,,michigan,MICHIGAN,,,,,,,1.140,,5227.0,Average
ricky_powers_michigan.mp4,330,,,,michigan,MICHIGAN,,,,,,,0.023,,5004.0,Average
ricky_powers_michigan.mp4,334,,,,michigan,MICHIGAN,,,,,,,0.051,,5010.0,Average
ricky_powers_michigan.mp4,337,,,,michigan,MICHIGAN,,,,,,,0.181,,5036.0,Average
ricky_powers_michigan.mp4,338,,,,michigan,MICHIGAN,,,,,,,0.035,,5006.0,Average
ricky_powers_michigan.mp4,339,,,,michigan,MICHIGAN,,,,,,,0.934,,5186.0,Average
ricky_powers_michigan.mp4,340,,,,michigan,MICHIGAN,,,,,,,,,5000.0,Average
ricky_powers_michigan.mp4,341,,,,michigan,MICHIGAN,,,,,,,0.201,,5040.0,Average
ricky_powers_michigan.mp4,342,,,,michigan,MICHIGAN,,,,,,,0.094,,5018.0,Average
ricky_powers_michigan.mp4,345,,,,michigan,MICHIGAN,,,,,,,,,5000.0,Average
ricky_powers_michigan.mp4,347,,,,michigan,MICHIGAN,,,,,,,0.045,,5009.0,Average
ricky_powers_michigan.mp4,348,,,,michigan,MICHIGAN,,,,,,,0.113,,5022.0,Average
ricky_powers_michigan.mp4,349,,,,michigan,MICHIGAN,,,,,,,0.140,,5028.0,Average
ricky_powers_michigan.mp4,350,,,,michigan,MICHIGAN,,,,,,,0.065,,5013.0,Average
ricky_powers_michigan.mp4,353,,,,michigan,MICHIGAN,,,,,,,0.071,,5014.0,Average
ricky_powers_michigan.mp4,354,,,,michigan,MICHIGAN,,,,,,,0.091,,5018.0,Average
ricky_powers_michigan.mp4,356,,,,michigan,MICHIGAN,,,,,,,0.001,,5000.0,Average
ricky_powers_michigan.mp4,357,,,,michigan,MICHIGAN,,,,,,,,,5000.0,Average
ricky_powers_michigan.mp4,360,,,,michigan,MICHIGAN,,,,,,,0.042,,5008.0,Average
ricky_powers_michigan.mp4,362,,,,michigan,MICHIGAN,,,,,,,0.154,,5030.0,Average
ricky_powers_michigan.mp4,369,,,,michigan,MICHIGAN,,,,,,,0.015,,5003.0,Average
ricky_powers_michigan.mp4,375,,,,michigan,MICHIGAN,,,,,,,,,5000.0,Average
ricky_powers_michigan.mp4,378,,,,michigan,MICHIGAN,,,,,,,0.162,,5032.0,Average
ricky_powers_michigan.mp4,381,,,,michigan,MICHIGAN,,,,,,,0.076,,5015.0,Average
ricky_powers_michigan.mp4,382,,,,michigan,MICHIGAN,,,,,,,0.186,,5037.0,Average
ricky_powers_michigan.mp4,389,,,,michigan,MICHIGAN,,,,,,,0.040,,5007.0,Average
ricky_powers_michigan.mp4,394,,,,michigan,MICHIGAN,,,,,,,0.015,,5003.0,Average
ricky_powers_michigan.mp4,396,,,,michigan,MICHIGAN,,,,,,,0.100,,5019.0,Average
ricky_powers_michigan.mp4,397,,,,michigan,MICHIGAN,,,,,,,0.105,,5021.0,Average
ricky_powers_michigan.mp4,398,,,,michigan,MICHIGAN,,,,,,,,,5000.0,Average
ricky_powers_michigan.mp4,401,,,,michigan,MICHIGAN,,,,,,,,,5000.0,Average
ricky_powers_michigan.mp4,408,,,,michigan,MICHIGAN,,,,,,,,,5000.0,Average
ricky_powers_michigan.mp4,409,,,,michigan,MICHIGAN,,,,,,,,,5000.0,Average
ricky_powers_michigan.mp4,414,,,,michigan,MICHIGAN,,,,,,,0.136,,5027.0,Average
ricky_powers_michigan.mp4,419,,,,michigan,MICHIGAN,,,,,,,0.040,,5008.0,Average
ricky_powers_michigan.mp4,427,,,,michigan,MICHIGAN,,,,,,,2.545,,5509.0,Average
ricky_powers_michigan.mp4,430,,,,michigan,MICHIGAN,,,,,,,0.237,,5047.0,Average
ricky_powers_michigan.mp4,431,,,,michigan,MICHIGAN,,,,,,,0.034,,5006.0,Average
ricky_powers_michigan.mp4,434,,,,michigan,MICHIGAN,,,,,,,,,5000.0,Average
ricky_powers_michigan.mp4,435,,,,michigan,MICHIGAN,,,,,,,0.107,,5021.0,Average
ricky_powers_michigan.mp4,437,,,,michigan,MICHIGAN,,,,,,,0.011,,5002.0,Average
ricky_powers_michigan.mp4,438,,,,michigan,MICHIGAN,,,,,,,0.118,,5023.0,Average
ricky_powers_michigan.mp4,440,,,,michigan,MICHIGAN,,,,,,,,,5000.0,Average
ricky_powers_michigan.mp4,444,,,,michigan,MICHIGAN,,,,,,,,,5000.0,Average
ricky_powers_michigan.mp4,450,,,,michigan,MICHIGAN,,,,,,,0.243,,5048.0,Average
ricky_powers_michigan.mp4,452,,,,michigan,MICHIGAN,,,,,,,0.002,,5000.0,Average
ricky_powers_michigan.mp4,454,,,,michigan,MICHIGAN,,,,,,,0.056,,5011.0,Average
ricky_powers_michigan.mp4,457,,,,michigan,MICHIGAN,,,,,,,1.597,,5319.0,Average
ricky_powers_michigan.mp4,459,,,,michigan,MICHIGAN,,,,,,,0.333,,5066.0,Average
ricky_powers_michigan.mp4,461,,,,michigan,MICHIGAN,,,,,,,0.264,,5052.0,Average
ricky_powers_michigan.mp4,467,,,,michigan,MICHIGAN,,,,,,,1.305,,5261.0,Average
ricky_powers_michigan.mp4,472,,,,michigan,MICHIGAN,,,,,,,0.529,,5105.0,Average
ricky_powers_michigan.mp4,478,,,,michigan,MICHIGAN,,,,,,,,,5000.0,Average
ricky_powers_michigan.mp4,481,,,,michigan,MICHIGAN,,,,,,,0.001,,5000.0,Average
ricky_powers_michigan.mp4,485,,,,michigan,MICHIGAN,,,,,,,0.111,,5022.0,Average
ricky_powers_michigan.mp4,491,,,,michigan,MICHIGAN,,,,,,,0.025,,5004.0,Average
ricky_powers_michigan.mp4,494,,,,michigan,MICHIGAN,,,,,,,0.076,,5015.0,Average
ricky_powers_michigan.mp4,495,,,,michigan,MICHIGAN,,,,,,,0.204,,5040.0,Average
ricky_powers_michigan.mp4,496,,,,michigan,MICHIGAN,,,,,,,0.286,,5057.0,Average
ricky_powers_michigan.mp4,499,,,,michigan,MICHIGAN,,,,,,,0.121,,5024.0,Average
ricky_powers_michigan.mp4,509,,,,michigan,MICHIGAN,,,,,,,0.070,,5013.0,Average
ricky_powers_michigan.mp4,515,,,,michigan,MICHIGAN,,,,,,,0.299,,5059.0,Average
ricky_powers_michigan.mp4,520,,,,michigan,MICHIGAN,,,,,,,0.360,,5072.0,Average
ricky_powers_michigan.mp4,529,,,,michigan,MICHIGAN,,,,,,,0.511,,5102.0,Average
ricky_powers_michigan.mp4,537,,,,michigan,MICHIGAN,,,,,,,0.075,,5014.0,Average
ricky_powers_michigan.mp4,539,,,,michigan,MICHIGAN,,,,,,,0.310,,5061.0,Average
ricky_powers_michigan.mp4,540,,,,michigan,MICHIGAN,,,,,,,0.374,,5074.0,Average
ricky_powers_michigan.mp4,542,,,,michigan,MICHIGAN,,,,,,,0.203,,5040.0,Average
ricky_powers_michigan.mp4,544,,,,michigan,MICHIGAN,,,,,,,0.190,,5038.0,Average
ricky_powers_michigan.mp4,546,,,,michigan,MICHIGAN,,,,,,,0.057,,5011.0,Average
ricky_powers_michigan.mp4,548,,,,michigan,MICHIGAN,,,,,,,,,5000.0,Average
ricky_powers_michigan.mp4,554,,,,michigan,MICHIGAN,,,,,,,0.481,,5096.0,Average
ricky_powers_michigan.mp4,555,,,,michigan,MICHIGAN,,,,,,,0.231,,5046.0,Average
ricky_powers_michigan.mp4,560,,,,michigan,MICHIGAN,,,,,,,0.097,,5019.0,Average
ricky_powers_michigan.mp4,561,,,,michigan,MICHIGAN,,,,,,,0.045,,5008.0,Average
ricky_powers_michigan.mp4,563,,,,michigan,MICHIGAN,,,,,,,0.012,,5002.0,Average
ricky_powers_michigan.mp4,568,,,,michigan,MICHIGAN,,,,,,,0.163,,5032.0,Average
ricky_powers_michigan.mp4,572,,,,michigan,MICHIGAN,,,,,,,0.003,,5000.0,Average
ricky_powers_michigan.mp4,574,,,,michigan,MICHIGAN,,,,,,,0.033,,5006.0,Average
ricky_powers_michigan.mp4,577,,,,michigan,MICHIGAN,,,,,,,0.223,,5044.0,Average
ricky_powers_michigan.mp4,579,,,,michigan,MICHIGAN,,,,,,,0.062,,5012.0,Average
ricky_powers_michigan.mp4,580,,,,michigan,MICHIGAN,,,,,,,0.124,,5024.0,Average
ricky_powers_michigan.mp4,581,,,,michigan,MICHIGAN,,,,,,,0.032,,5006.0,Average
ricky_powers_michigan.mp4,583,,,,michigan,MICHIGAN,,,,,,,0.019,,5003.0,Average
ricky_powers_michigan.mp4,587,,,,michigan,MICHIGAN,,,,,,,0.084,,5016.0,Average
ricky_powers_michigan.mp4,592,,,,michigan,MICHIGAN,,,,,,,0.027,,5005.0,Average
ricky_powers_michigan.mp4,597,,,,michigan,MICHIGAN,,,,,,,0.021,,5004.0,Average
ricky_powers_michigan.mp4,598,,,,michigan,MICHIGAN,,,,,,,0.258,,5051.0,Average
ricky_powers_michigan.mp4,599,,,,michigan,MICHIGAN,,,,,,,0.665,,5132.0,Average
ricky_powers_michigan.mp4,601,,,,michigan,MICHIGAN,,,,,,,0.184,,5036.0,Average
ricky_powers_michigan.mp4,605,,,,michigan,MICHIGAN,,,,,,,0.213,,5042.0,Average
ricky_powers_michigan.mp4,604,,,,michigan,MICHIGAN,,,,,,,0.033,,5006.0,Average
ricky_powers_michigan.mp4,609,,,,michigan,MICHIGAN,,,,,,,0.119,,5023.0,Average
ricky_powers_michigan.mp4,610,,,,michigan,MICHIGAN,,,,,,,0.139,,5027.0,Average
ricky_powers_michigan.mp4,612,,,,michigan,MICHIGAN,,,,,,,0.082,,5016.0,Average
ricky_powers_michigan.mp4,613,,,,michigan,MICHIGAN,,,,,,,0.134,,5026.0,Average
ricky_powers_michigan.mp4,615,,,,michigan,MICHIGAN,,,,,,,0.112,,5022.0,Average
ricky_powers_michigan.mp4,621,,,,michigan,MICHIGAN,,,,,,,0.714,,5142.0,Average
ricky_powers_michigan.mp4,624,,,,michigan,MICHIGAN,,,,,,,0.453,,5090.0,Average
ricky_powers_michigan.mp4,626,,,,michigan,MICHIGAN,,,,,,,0.303,,5060.0,Average
ricky_powers_michigan.mp4,635,,,,michigan,MICHIGAN,,,,,,,0.617,,5123.0,Average
ricky_powers_michigan.mp4,639,,,,michigan,MICHIGAN,,,,,,,0.646,,5129.0,Average
ricky_powers_michigan.mp4,643,,,,michigan,MICHIGAN,,,,,,,0.017,,5003.0,Average
ricky_powers_michigan.mp4,652,,,,michigan,MICHIGAN,,,,,,,0.037,,5007.0,Average
ricky_powers_michigan.mp4,653,,,,michigan,MICHIGAN,,,,,,,0.556,,5111.0,Average
ricky_powers_michigan.mp4,663,,,,michigan,MICHIGAN,,,,,,,0.186,,5037.0,Average
ricky_powers_michigan.mp4,665,,,,michigan,MICHIGAN,,,,,,,0.155,,5031.0,Average
ricky_powers_michigan.mp4,667,,,,michigan,MICHIGAN,,,,,,,0.634,,5126.0,Average
ricky_powers_michigan.mp4,672,,,,michigan,MICHIGAN,,,,,,,0.189,,5037.0,Average
ricky_powers_michigan.mp4,678,,,,michigan,MICHIGAN,,,,,,,0.034,,5006.0,Average
ricky_powers_michigan.mp4,681,,,,michigan,MICHIGAN,,,,,,,0.328,,5065.0,Average
ricky_powers_michigan.mp4,683,,,,michigan,MICHIGAN,,,,,,,0.477,,5095.0,Average
ricky_powers_michigan.mp4,685,,,,michigan,MICHIGAN,,,,,,,0.024,,5004.0,Average
ricky_powers_michigan.mp4,693,,,,michigan,MICHIGAN,,,,,,,,,5000.0,Average
ricky_powers_michigan.mp4,696,,,,michigan,MICHIGAN,,,,,,,1.068,,5213.0,Average
ricky_powers_michigan.mp4,699,,,,michigan,MICHIGAN,,,,,,,0.983,,5196.0,Average
ricky_powers_michigan.mp4,701,,,,michigan,MICHIGAN,,,,,,,0.155,,5030.0,Average
ricky_powers_michigan.mp4,711,,,,michigan,MICHIGAN,,,,,,,,,5000.0,Average
ricky_powers_michigan.mp4,714,,,,michigan,MICHIGAN,,,,,,,0.828,,5165.0,Average
ricky_powers_michigan.mp4,715,,,,michigan,MICHIGAN,,,,,,,0.606,,5121.0,Average
ricky_powers_michigan.mp4,719,,,,michigan,MICHIGAN,,,,,,,2.462,,5492.0,Average
ricky_powers_michigan.mp4,723,,,,michigan,MICHIGAN,,,,,,,0.084,,5016.0,Average
ricky_powers_michigan.mp4,724,,,,michigan,MICHIGAN,,,,,,,0.023,,5004.0,Average
ricky_powers_michigan.mp4,727,,,,michigan,MICHIGAN,,,,,,,0.954,,5190.0,Average
ricky_powers_michigan.mp4,736,,,,michigan,MICHIGAN,,,,,,,0.019,,5003.0,Average
ricky_powers_michigan.mp4,743,,,,michigan,MICHIGAN,,,,,,,0.076,,5015.0,Average
ricky_powers_michigan.mp4,744,,,,michigan,MICHIGAN,,,,,,,0.618,,5123.0,Average
ricky_powers_michigan.mp4,747,,,,michigan,MICHIGAN,,,,,,,0.003,,5000.0,Average
ricky_powers_michigan.mp4,749,,,,michigan,MICHIGAN,,,,,,,0.161,,5032.0,Average
ricky_powers_michigan.mp4,755,,,,michigan,MICHIGAN,,,,,,,0.024,,5004.0,Average
ricky_powers_michigan.mp4,756,,,,michigan,MICHIGAN,,,,,,,0.234,,5046.0,Average
ricky_powers_michigan.mp4,757,,,,michigan,MICHIGAN,,,,,,,0.042,,5008.0,Average
ricky_powers_michigan.mp4,762,,,,michigan,MICHIGAN,,,,,,,0.465,,5092.0,Average
ricky_powers_michigan.mp4,766,,,,michigan,MICHIGAN,,,,,,,0.130,,5025.0,Average
ricky_powers_michigan.mp4,773,,,,michigan,MICHIGAN,,,,,,,0.824,,5164.0,Average
ricky_powers_michigan.mp4,774,,,,michigan,MICHIGAN,,,,,,,0.220,,5043.0,Average
ricky_powers_michigan.mp4,775,,,,michigan,MICHIGAN,,,,,,,0.155,,5031.0,Average
ricky_powers_michigan.mp4,777,,,,michigan,MICHIGAN,,,,,,,0.302,,5060.0,Average
ricky_powers_michigan.mp4,778,,,,michigan,MICHIGAN,,,,,,,0.238,,5047.0,Average
ricky_powers_michigan.mp4,779,,,,michigan,MICHIGAN,,,,,,,0.016,,5003.0,Average
ricky_powers_michigan.mp4,782,,,,michigan,MICHIGAN,,,,,,,0.188,,5037.0,Average
ricky_powers_michigan.mp4,781,,,,michigan,MICHIGAN,,,,,,,,,5000.0,Average
ricky_powers_michigan.mp4,783,,,,michigan,MICHIGAN,,,,,,,0.275,,5054.0,Average
ricky_powers_michigan.mp4,788,,,,michigan,MICHIGAN,,,,,,,0.194,,5038.0,Average
ricky_powers_michigan.mp4,791,,,,michigan,MICHIGAN,,,,,,,0.058,,5011.0,Average
ricky_powers_michigan.mp4,794,,,,michigan,MICHIGAN,,,,,,,0.042,,5008.0,Average
ricky_powers_michigan.mp4,795,,,,michigan,MICHIGAN,,,,,,,0.372,,5074.0,Average
ricky_powers_michigan.mp4,796,,,,michigan,MICHIGAN,,,,,,,0.079,,5015.0,Average
ricky_powers_michigan.mp4,798,,,,michigan,MICHIGAN,,,,,,,0.175,,5034.0,Average
ricky_powers_michigan.mp4,799,,,,michigan,MICHIGAN,,,,,,,0.130,,5025.0,Average
ricky_powers_michigan.mp4,800,,,,michigan,MICHIGAN,,,,,,,0.188,,5037.0,Average
ricky_powers_michigan.mp4,802,,,,michigan,MICHIGAN,,,,,,,0.000,,5000.0,Average
ricky_powers_michigan.mp4,801,,,,michigan,MICHIGAN,,,,,,,0.078,,5015.0,Average
ricky_powers_michigan.mp4,803,,,,michigan,MICHIGAN,,,,,,,,,5000.0,Average
ricky_powers_michigan.mp4,806,,,,michigan,MICHIGAN,,,,,,,0.187,,5037.0,Average
ricky_powers_michigan.mp4,808,,,,michigan,MICHIGAN,,,,,,,0.006,,5001.0,Average
ricky_powers_michigan.mp4,811,,,,michigan,MICHIGAN,,,,,,,0.157,,5031.0,Average
ricky_powers_michigan.mp4,814,,,,michigan,MICHIGAN,,,,,,,0.002,,5000.0,Average
ricky_powers_michigan.mp4,822,,,,michigan,MICHIGAN,,,,,,,0.135,,5026.0,Average
ricky_powers_michigan.mp4,823,,,,michigan,MICHIGAN,,,,,,,,,5000.0,Average
ricky_powers_michigan.mp4,832,,,,michigan,MICHIGAN,,,,,,,0.061,,5012.0,Average
ricky_powers_michigan.mp4,833,,,,michigan,MICHIGAN,,,,,,,0.015,,5003.0,Average
ricky_powers_michigan.mp4,839,,,,michigan,MICHIGAN,,,,,,,,,5000.0,Average
ricky_powers_michigan.mp4,842,,,,michigan,MICHIGAN,,,,,,,0.459,,5091.0,Average
ricky_powers_michigan.mp4,844,,,,michigan,MICHIGAN,,,,,,,0.319,,5063.0,Average
ricky_powers_michigan.mp4,845,,,,michigan,MICHIGAN,,,,,,,0.127,,5025.0,Average
ricky_powers_michigan.mp4,848,,,,michigan,MICHIGAN,,,,,,,0.005,,5001.0,Average
ricky_powers_michigan.mp4,847,,,,michigan,MICHIGAN,,,,,,,0.208,,5041.0,Average
ricky_powers_michigan.mp4,858,,,,michigan,MICHIGAN,,,,,,,0.023,,5004.0,Average
ricky_powers_michigan.mp4,865,,,,michigan,MICHIGAN,,,,,,,0.461,,5092.0,Average
ricky_powers_michigan.mp4,868,,,,michigan,MICHIGAN,,,,,,,0.443,,5088.0,Average
ricky_powers_michigan.mp4,871,,,,michigan,MICHIGAN,,,,,,,0.038,,5007.0,Average
ricky_powers_michigan.mp4,874,,,,michigan,MICHIGAN,,,,,,,0.097,,5019.0,Average
ricky_powers_michigan.mp4,877,,,,michigan,MICHIGAN,,,,,,,0.306,,5061.0,Average
ricky_powers_michigan.mp4,880,,,,michigan,MICHIGAN,,,,,,,,,5000.0,Average
ricky_powers_michigan.mp4,887,,,,michigan,MICHIGAN,,,,,,,0.788,,5157.0,Average
ricky_powers_michigan.mp4,888,,,,michigan,MICHIGAN,,,,,,,0.085,,5016.0,Average
ricky_powers_michigan.mp4,892,,,,michigan,MICHIGAN,,,,,,,0.057,,5011.0,Average
ricky_powers_michigan.mp4,895,,,,michigan,MICHIGAN,,,,,,,0.124,,5024.0,Average
ricky_powers_michigan.mp4,897,,,,michigan,MICHIGAN,,,,,,,0.132,,5026.0,Average
ricky_powers_michigan.mp4,898,,,,michigan,MICHIGAN,,,,,,,0.005,,5001.0,Average
ricky_powers_michigan.mp4,901,,,,michigan,MICHIGAN,,,,,,,0.348,,5069.0,Average
ricky_powers_michigan.mp4,905,,,,michigan,MICHIGAN,,,,,,,0.086,,5017.0,Average
ricky_powers_michigan.mp4,908,,,,michigan,MICHIGAN,,,,,,,0.393,,5078.0,Average
ricky_powers_michigan.mp4,907,,,,michigan,MICHIGAN,,,,,,,0.004,,5000.0,Average
ricky_powers_michigan.mp4,910,,,,michigan,MICHIGAN,,,,,,,0.055,,5011.0,Average
ricky_powers_michigan.mp4,912,,,,michigan,MICHIGAN,,,,,,,0.020,,5003.0,Average
ricky_powers_michigan.mp4,915,,,,michigan,MICHIGAN,,,,,,,,,5000.0,Average
ricky_powers_michigan.mp4,919,,,,michigan,MICHIGAN,,,,,,,,,5000.0,Average
ricky_powers_michigan.mp4,926,,,,michigan,MICHIGAN,,,,,,,0.034,,5006.0,Average
ricky_powers_michigan.mp4,928,,,,michigan,MICHIGAN,,,,,,,0.413,,5082.0,Average
ricky_powers_michigan.mp4,931,,,,michigan,MICHIGAN,,,,,,,0.492,,5098.0,Average
ricky_powers_michigan.mp4,933,,,,michigan,MICHIGAN,,,,,,,0.259,,5051.0,Average
ricky_powers_michigan.mp4,938,,,,michigan,MICHIGAN,,,,,,,0.135,,5026.0,Average
ricky_powers_michigan.mp4,942,,,,michigan,MICHIGAN,,,,,,,0.130,,5025.0,Average
ricky_powers_michigan.mp4,943,,,,michigan,MICHIGAN,,,,,,,0.345,,5068.0,Average
ricky_powers_michigan.mp4,944,,,,michigan,MICHIGAN,,,,,,,0.131,,5026.0,Average
ricky_powers_michigan.mp4,948,,,,michigan,MICHIGAN,,,,,,,0.434,,5086.0,Average
ricky_powers_michigan.mp4,951,,,,michigan,MICHIGAN,,,,,,,0.836,,5167.0,Average
ricky_powers_michigan.mp4,956,,,,michigan,MICHIGAN,,,,,,,0.420,,5083.0,Average
ricky_powers_michigan.mp4,962,,,,michigan,MICHIGAN,,,,,,,0.782,,5156.0,Average
ricky_powers_michigan.mp4,966,,,,michigan,MICHIGAN,,,,,,,0.182,,5036.0,Average
ricky_powers_michigan.mp4,968,,,,michigan,MICHIGAN,,,,,,,0.706,,5141.0,Average
ricky_powers_michigan.mp4,969,,,,michigan,MICHIGAN,,,,,,,0.036,,5007.0,Average
ricky_powers_michigan.mp4,976,,,,michigan,MICHIGAN,,,,,,,0.350,,5070.0,Average
ricky_powers_michigan.mp4,977,,,,michigan,MICHIGAN,,,,,,,0.391,,5078.0,Average
ricky_powers_michigan.mp4,984,,,,michigan,MICHIGAN,,,,,,,0.407,,5081.0,Average
ricky_powers_michigan.mp4,986,,,,michigan,MICHIGAN,,,,,,,,,5000.0,Average
ricky_powers_michigan.mp4,989,,,,michigan,MICHIGAN,,,,,,,0.486,,5097.0,Average
ricky_powers_michigan.mp4,991,,,,michigan,MICHIGAN,,,,,,,0.392,,5078.0,Average
ricky_powers_michigan.mp4,992,,,,michigan,MICHIGAN,,,,,,,0.119,,5023.0,Average
ricky_powers_michigan.mp4,994,,,,michigan,MICHIGAN,,,,,,,0.086,,5017.0,Average
ricky_powers_michigan.mp4,996,,,,michigan,MICHIGAN,,,,,,,0.129,,5025.0,Average
ricky_powers_michigan.mp4,995,,,,michigan,MICHIGAN,,,,,,,0.089,,5017.0,Average
ricky_powers_michigan.mp4,997,,,,michigan,MICHIGAN,,,,,,,0.002,,5000.0,Average
ricky_powers_michigan.mp4,999,,,,michigan,MICHIGAN,,,,,,,0.396,,5079.0,Average
ricky_powers_michigan.mp4,1001,,,,michigan,MICHIGAN,,,,,,,0.211,,5042.0,Average
ricky_powers_michigan.mp4,1002,,,,michigan,MICHIGAN,,,,,,,0.321,,5064.0,Average
ricky_powers_michigan.mp4,1006,,,,michigan,MICHIGAN,,,,,,,,,5000.0,Average
ricky_powers_michigan.mp4,1011,,,,michigan,MICHIGAN,,,,,,,0.051,,5010.0,Average
ricky_powers_michigan.mp4,1012,,,,michigan,MICHIGAN,,,,,,,0.017,,5003.0,Average
ricky_powers_michigan.mp4,1016,,,,michigan,MICHIGAN,,,,,,,0.022,,5004.0,Average
ricky_powers_michigan.mp4,1025,,,,michigan,MICHIGAN,,,,,,,0.032,,5006.0,Average
ricky_powers_michigan.mp4,1027,,,,michigan,MICHIGAN,,,,,,,0.019,,5003.0,Average
ricky_powers_michigan.mp4,1038,,,,michigan,MICHIGAN,,,,,,,0.628,,5125.0,Average
ricky_powers_michigan.mp4,1042,,,,michigan,MICHIGAN,,,,,,,,,5000.0,Average
ricky_powers_michigan.mp4,1044,,,,michigan,MICHIGAN,,,,,,,0.047,,5009.0,Average
ricky_powers_michigan.mp4,1047,,,,michigan,MICHIGAN,,,,,,,0.019,,5003.0,Average
ricky_powers_michigan.mp4,1050,,,,michigan,MICHIGAN,,,,,,,0.325,,5065.0,Average
ricky_powers_michigan.mp4,1051,,,,michigan,MICHIGAN,,,,,,,0.049,,5009.0,Average
ricky_powers_michigan.mp4,1053,,,,michigan,MICHIGAN,,,,,,,0.032,,5006.0,Average
ricky_powers_michigan.mp4,1063,,,,michigan,MICHIGAN,,,,,,,1.875,,5374.0,Average
ricky_powers_michigan.mp4,1064,,,,michigan,MICHIGAN,,,,,,,,,5000.0,Average
ricky_powers_michigan.mp4,1066,,,,michigan,MICHIGAN,,,,,,,0.046,,5009.0,Average
ricky_powers_michigan.mp4,1071,,,,michigan,MICHIGAN,,,,,,,0.122,,5024.0,Average
ricky_powers_michigan.mp4,1072,,,,michigan,MICHIGAN,,,,,,,0.018,,5003.0,Average
ricky_powers_michigan.mp4,1074,,,,michigan,MICHIGAN,,,,,,,0.204,,5040.0,Average
ricky_powers_michigan.mp4,1075,,,,michigan,MICHIGAN,,,,,,,0.095,,5019.0,Average
ricky_powers_michigan.mp4,1078,,,,michigan,MICHIGAN,,,,,,,0.171,,5034.0,Average
ricky_powers_michigan.mp4,1079,,,,michigan,MICHIGAN,,,,,,,0.093,,5018.0,Average
ricky_powers_michigan.mp4,1084,,,,michigan,MICHIGAN,,,,,,,0.436,,5087.0,Average
ricky_powers_michigan.mp4,1086,,,,michigan,MICHIGAN,,,,,,,,,5000.0,Average
ricky_powers_michigan.mp4,1092,,,,michigan,MICHIGAN,,,,,,,0.223,,5044.0,Average
ricky_powers_michigan.mp4,1096,,,,michigan,MICHIGAN,,,,,,,0.081,,5016.0,Average
ricky_powers_michigan.mp4,1097,,,,michigan,MICHIGAN,,,,,,,5.043,,6008.0,Average
ricky_powers_michigan.mp4,1099,,,,michigan,MICHIGAN,,,,,,,0.076,,5015.0,Average
ricky_powers_michigan.mp4,1102,,,,michigan,MICHIGAN,,,,,,,,,5000.0,Average
ricky_powers_michigan.mp4,1106,,,,michigan,MICHIGAN,,,,,,,1.646,,5329.0,Average
ricky_powers_michigan.mp4,1107,,,,michigan,MICHIGAN,,,,,,,0.800,,5160.0,Average
ricky_powers_michigan.mp4,1108,,,,michigan,MICHIGAN,,,,,,,0.011,,5002.0,Average
ricky_powers_michigan.mp4,1111,,,,michigan,MICHIGAN,,,,,,,0.665,,5133.0,Average
ricky_powers_michigan.mp4,1112,,,,michigan,MICHIGAN,,,,,,,0.541,,5108.0,Average
ricky_powers_michigan.mp4,1116,,,,michigan,MICHIGAN,,,,,,,0.460,,5091.0,Average
ricky_powers_michigan.mp4,1117,,,,michigan,MICHIGAN,,,,,,,1.506,,5301.0,Average
ricky_powers_michigan.mp4,1118,,,,michigan,MICHIGAN,,,,,,,0.068,,5013.0,Average
ricky_powers_michigan.mp4,1119,,,,michigan,MICHIGAN,,,,,,,0.213,,5042.0,Average
ricky_powers_michigan.mp4,1121,,,,michigan,MICHIGAN,,,,,,,0.352,,5070.0,Average
ricky_powers_michigan.mp4,1124,,,,michigan,MICHIGAN,,,,,,,,,5000.0,Average
ricky_powers_michigan.mp4,1123,,,,michigan,MICHIGAN,,,,,,,0.277,,5055.0,Average
ricky_powers_michigan.mp4,1126,,,,michigan,MICHIGAN,,,,,,,,,5000.0,Average
ricky_powers_michigan.mp4,1128,,,,michigan,MICHIGAN,,,,,,,,,5000.0,Average
ricky_powers_michigan.mp4,1132,,,,michigan,MICHIGAN,,,,,,,0.826,,5165.0,Average
ricky_powers_michigan.mp4,1134,,,,michigan,MICHIGAN,,,,,,,0.385,,5077.0,Average
ricky_powers_michigan.mp4,1135,,,,michigan,MICHIGAN,,,,,,,0.137,,5027.0,Average
ricky_powers_michigan.mp4,1140,,,,michigan,MICHIGAN,,,,,,,0.005,,5001.0,Average
ricky_powers_michigan.mp4,1146,,,,michigan,MICHIGAN,,,,,,,1.171,,5234.0,Average
ricky_powers_michigan.mp4,1155,,,,michigan,MICHIGAN,,,,,,,,,5000.0,Average
ricky_powers_michigan.mp4,1156,,,,michigan,MICHIGAN,,,,,,,0.098,,5019.0,Average
ricky_powers_michigan.mp4,1165,,,,michigan,MICHIGAN,,,,,,,0.135,,5026.0,Average
ricky_powers_michigan.mp4,1169,,,,michigan,MICHIGAN,,,,,,,0.519,,5103.0,Average
ricky_powers_michigan.mp4,1171,,,,michigan,MICHIGAN,,,,,,,0.132,,5026.0,Average
ricky_powers_michigan.mp4,1175,,,,michigan,MICHIGAN,,,,,,,0.358,,5071.0,Average
ricky_powers_michigan.mp4,1177,,,,michigan,MICHIGAN,,,,,,,1.139,,5227.0,Average
ricky_powers_michigan.mp4,1178,,,,michigan,MICHIGAN,,,,,,,0.296,,5059.0,Average
ricky_powers_michigan.mp4,1180,,,,michigan,MICHIGAN,,,,,,,0.273,,5054.0,Average
ricky_powers_michigan.mp4,1181,,,,michigan,MICHIGAN,,,,,,,0.410,,5082.0,Average
ricky_powers_michigan.mp4,1182,,,,michigan,MICHIGAN,,,,,,,0.002,,5000.0,Average
ricky_powers_michigan.mp4,1183,,,,michigan,MICHIGAN,,,,,,,,,5000.0,Average
ricky_powers_michigan.mp4,1184,,,,michigan,MICHIGAN,,,,,,,,,5000.0,Average
ricky_powers_michigan.mp4,1185,,,,michigan,MICHIGAN,,,,,,,0.010,,5002.0,Average
ricky_powers_michigan.mp4,1187,,,,michigan,MICHIGAN,,,,,,,0.094,,5018.0,Average
ricky_powers_michigan.mp4,1199,,,,michigan,MICHIGAN,,,,,,,0.034,,5006.0,Average
ricky_powers_michigan.mp4,1204,,,,michigan,MICHIGAN,,,,,,,0.018,,5003.0,Average
ricky_powers_michigan.mp4,1209,,,,michigan,MICHIGAN,,,,,,,0.041,,5008.0,Average
ricky_powers_michigan.mp4,1212,,,,michigan,MICHIGAN,,,,,,,0.848,,5169.0,Average
ricky_powers_michigan.mp4,1221,,,,michigan,MICHIGAN,,,,,,,0.058,,5011.0,Average
ricky_powers_michigan.mp4,1224,,,,michigan,MICHIGAN,,,,,,,0.069,,5013.0,Average
ricky_powers_michigan.mp4,1228,,,,michigan,MICHIGAN,,,,,,,0.240,,5048.0,Average
ricky_powers_michigan.mp4,1230,,,,michigan,MICHIGAN,,,,,,,0.348,,5069.0,Average
ricky_powers_michigan.mp4,1233,,,,michigan,MICHIGAN,,,,,,,0.253,,5050.0,Average
ricky_powers_michigan.mp4,1237,,,,michigan,MICHIGAN,,,,,,,0.101,,5020.0,Average
ricky_powers_michigan.mp4,1241,,,,michigan,MICHIGAN,,,,,,,0.700,,5139.0,Average
ricky_powers_michigan.mp4,1247,,,,michigan,MICHIGAN,,,,,,,0.920,,5184.0,Average
ricky_powers_michigan.mp4,1248,,,,michigan,MICHIGAN,,,,,,,0.250,,5050.0,Average
ricky_powers_michigan.mp4,1253,,,,michigan,MICHIGAN,,,,,,,0.103,,5020.0,Average
ricky_powers_michigan.mp4,1258,,,,michigan,MICHIGAN,,,,,,,0.401,,5080.0,Average
ricky_powers_michigan.mp4,1259,,,,michigan,MICHIGAN,,,,,,,0.809,,5161.0,Average
ricky_powers_michigan.mp4,1270,,,,michigan,MICHIGAN,,,,,,,0.081,,5016.0,Average
ricky_powers_michigan.mp4,1274,,,,michigan,MICHIGAN,,,,,,,0.180,,5036.0,Average
ricky_powers_michigan.mp4,1275,,,,michigan,MICHIGAN,,,,,,,0.052,,5010.0,Average
ricky_powers_michigan.mp4,1282,,,,michigan,MICHIGAN,,,,,,,0.044,,5008.0,Average
ricky_powers_michigan.mp4,1283,,,,michigan,MICHIGAN,,,,,,,0.073,,5014.0,Average
ricky_powers_michigan.mp4,1285,,,,michigan,MICHIGAN,,,,,,,,,5000.0,Average
ricky_powers_michigan.mp4,1287,,,,michigan,MICHIGAN,,,,,,,,,5000.0,Average
ricky_powers_michigan.mp4,1288,,,,michigan,MICHIGAN,,,,,,,0.088,,5017.0,Average
ricky_powers_michigan.mp4,1289,,,,michigan,MICHIGAN,,,,,,,0.033,,5006.0,Average
ricky_powers_michigan.mp4,1290,,,,michigan,MICHIGAN,,,,,,,0.031,,5006.0,Average
ricky_powers_michigan.mp4,1291,,,,michigan,MICHIGAN,,,,,,,0.092,,5018.0,Average
ricky_powers_michigan.mp4,1292,,,,michigan,MICHIGAN,,,,,,,,,5000.0,Average
ricky_powers_michigan.mp4,1293,,,,michigan,MICHIGAN,,,,,,,0.046,,5009.0,Average
ricky_powers_michigan.mp4,1294,,,,michigan,MICHIGAN,,,,,,,0.025,,5005.0,Average
ricky_powers_michigan.mp4,1295,,,,michigan,MICHIGAN,,,,,,,0.052,,5010.0,Average
ricky_powers_michigan.mp4,1297,,,,michigan,MICHIGAN,,,,,,,0.066,,5013.0,Average
ricky_powers_michigan.mp4,1298,,,,michigan,MICHIGAN,,,,,,,,,5000.0,Average
ricky_powers_michigan.mp4,1300,,,,michigan,MICHIGAN,,,,,,,0.049,,5009.0,Average
ricky_powers_michigan.mp4,1302,,,,michigan,MICHIGAN,,,,,,,,,5000.0,Average
ricky_powers_michigan.mp4,1303,,,,michigan,MICHIGAN,,,,,,,,,5000.0,Average
ricky_powers_michigan.mp4,1305,,,,michigan,MICHIGAN,,,,,,,,,5000.0,Average
ricky_powers_michigan.mp4,1306,,,,michigan,MICHIGAN,,,,,,,0.024,,5004.0,Average
ricky_powers_michigan.mp4,1308,,,,michigan,MICHIGAN,,,,,,,0.090,,5017.0,Average
ricky_powers_michigan.mp4,1309,,,,michigan,MICHIGAN,,,,,,,0.118,,5023.0,Average
ricky_powers_michigan.mp4,1311,,,,michigan,MICHIGAN,,,,,,,0.154,,5030.0,Average
ricky_powers_michigan.mp4,1313,,,,michigan,MICHIGAN,,,,,,,0.005,,5001.0,Average
ricky_powers_michigan.mp4,1314,,,,michigan,MICHIGAN,,,,,,,,,5000.0,Average
ricky_powers_michigan.mp4,1315,,,,michigan,MICHIGAN,,,,,,,,,5000.0,Average
ricky_powers_michigan.mp4,1318,,,,michigan,MICHIGAN,,,,,,,0.241,,5048.0,Average
ricky_powers_michigan.mp4,1320,,,,michigan,MICHIGAN,,,,,,,,,5000.0,Average
ricky_powers_michigan.mp4,1321,,,,michigan,MICHIGAN,,,,,,,0.427,,5085.0,Average
ricky_powers_michigan.mp4,1322,,,,michigan,MICHIGAN,,,,,,,,,5000.0,Average
ricky_powers_michigan.mp4,1324,,,,michigan,MICHIGAN,,,,,,,0.040,,5007.0,Average
ricky_powers_michigan.mp4,1325,,,,michigan,MICHIGAN,,,,,,,0.013,,5002.0,Average
ricky_powers_michigan.mp4,1326,,,,michigan,MICHIGAN,,,,,,,,,5000.0,Average
ricky_powers_michigan.mp4,1327,,,,michigan,MICHIGAN,,,,,,,0.068,,5013.0,Average
ricky_powers_michigan.mp4,1328,,,,michigan,MICHIGAN,,,,,,,,,5000.0,Average
ricky_powers_michigan.mp4,1330,,,,michigan,MICHIGAN,,,,,,,,,5000.0,Average
ricky_powers_michigan.mp4,1331,,,,michigan,MICHIGAN,,,,,,,0.301,,5060.0,Average
ricky_powers_michigan.mp4,1332,,,,michigan,MICHIGAN,,,,,,,0.224,,5044.0,Average
ricky_powers_michigan.mp4,1333,,,,michigan,MICHIGAN,,,,,,,0.057,,5011.0,Average
ricky_powers_michigan.mp4,1335,,,,michigan,MICHIGAN,,,,,,,0.139,,5027.0,Average
ricky_powers_michigan.mp4,1334,,,,michigan,MICHIGAN,,,,,,,,,5000.0,Average
ricky_powers_michigan.mp4,1337,,,,michigan,MICHIGAN,,,,,,,,,5000.0,Average
ricky_powers_michigan.mp4,1338,,,,michigan,MICHIGAN,,,,,,,0.194,,5038.0,Average
ricky_powers_michigan.mp4,1340,,,,michigan,MICHIGAN,,,,,,,0.169,,5033.0,Average
ricky_powers_michigan.mp4,1341,,,,michigan,MICHIGAN,,,,,,,1.247,,5249.0,Average
ricky_powers_michigan.mp4,1342,,,,michigan,MICHIGAN,,,,,,,0.047,,5009.0,Average
ricky_powers_michigan.mp4,1343,,,,michigan,MICHIGAN,,,,,,,0.088,,5017.0,Average
ricky_powers_michigan.mp4,1344,,,,michigan,MICHIGAN,,,,,,,1.082,,5216.0,Average
ricky_powers_michigan.mp4,1345,,,,michigan,MICHIGAN,,,,,,,0.142,,5028.0,Average
ricky_powers_michigan.mp4,1346,,,,michigan,MICHIGAN,,,,,,,0.052,,5010.0,Average
ricky_powers_michigan.mp4,1347,,,,michigan,MICHIGAN,,,,,,,0.346,,5069.0,Average
ricky_powers_michigan.mp4,1348,,,,michigan,MICHIGAN,,,,,,,0.059,,5011.0,Average
ricky_powers_michigan.mp4,1350,,,,michigan,MICHIGAN,,,,,,,0.009,,5001.0,Average
ricky_powers_michigan.mp4,1351,,,,michigan,MICHIGAN,,,,,,,0.119,,5023.0,Average
ricky_powers_michigan.mp4,1352,,,,michigan,MICHIGAN,,,,,,,0.245,,5049.0,Average
ricky_powers_michigan.mp4,1353,,,,michigan,MICHIGAN,,,,,,,0.132,,5026.0,Average
ricky_powers_michigan.mp4,1354,,,,michigan,MICHIGAN,,,,,,,0.008,,5001.0,Average
ricky_powers_michigan.mp4,1355,,,,michigan,MICHIGAN,,,,,,,0.043,,5008.0,Average
ricky_powers_michigan.mp4,1356,,,,michigan,MICHIGAN,,,,,,,0.069,,5013.0,Average
ricky_powers_michigan.mp4,1357,,,,michigan,MICHIGAN,,,,,,,0.268,,5053.0,Average
ricky_powers_michigan.mp4,1358,,,,michigan,MICHIGAN,,,,,,,0.136,,5027.0,Average
ricky_powers_michigan.mp4,1359,,,,michigan,MICHIGAN,,,,,,,0.000,,5000.0,Average
ricky_powers_michigan.mp4,1360,,,,michigan,MICHIGAN,,,,,,,0.012,,5002.0,Average
ricky_powers_michigan.mp4,1362,,,,michigan,MICHIGAN,,,,,,,,,5000.0,Average
ricky_powers_michigan.mp4,1363,,,,michigan,MICHIGAN,,,,,,,,,5000.0,Average
ricky_powers_michigan.mp4,1364,,,,michigan,MICHIGAN,,,,,,,0.038,,5007.0,Average
ricky_powers_michigan.mp4,1366,,,,michigan,MICHIGAN,,,,,,,,,5000.0,Average
ricky_powers_michigan.mp4,1365,,,,michigan,MICHIGAN,,,,,,,,,5000.0,Average
ricky_powers_michigan.mp4,1370,,,,michigan,MICHIGAN,,,,,,,0.003,,5000.0,Average
ricky_powers_michigan.mp4,1372,,,,michigan,MICHIGAN,,,,,,,0.004,,5000.0,Average
ricky_powers_michigan.mp4,1375,,,,michigan,MICHIGAN,,,,,,,,,5000.0,Average
ricky_powers_michigan.mp4,1382,,,,michigan,MICHIGAN,,,,,,,0.122,,5024.0,Average
ricky_powers_michigan.mp4,1383,,,,michigan,MICHIGAN,,,,,,,1.416,,5283.0,Average
ricky_powers_michigan.mp4,1391,,,,michigan,MICHIGAN,,,,,,,0.011,,5002.0,Average
ricky_powers_michigan.mp4,1392,,,,michigan,MICHIGAN,,,,,,,0.041,,5008.0,Average
ricky_powers_michigan.mp4,1396,,,,michigan,MICHIGAN,,,,,,,0.004,,5000.0,Average
ricky_powers_michigan.mp4,1398,,,,michigan,MICHIGAN,,,,,,,0.090,,5018.0,Average
ricky_powers_michigan.mp4,1403,,,,michigan,MICHIGAN,,,,,,,0.741,,5148.0,Average
ricky_powers_michigan.mp4,1407,,,,michigan,MICHIGAN,,,,,,,0.058,,5011.0,Average
ricky_powers_michigan.mp4,1411,,,,michigan,MICHIGAN,,,,,,,,,5000.0,Average
ricky_powers_michigan.mp4,1414,,,,michigan,MICHIGAN,,,,,,,0.231,,5046.0,Average
ricky_powers_michigan.mp4,1415,,,,michigan,MICHIGAN,,,,,,,0.155,,5030.0,Average
ricky_powers_michigan.mp4,1418,,,,michigan,MICHIGAN,,,,,,,1.365,,5272.0,Average
ricky_powers_michigan.mp4,1419,,,,michigan,MICHIGAN,,,,,,,,,5000.0,Average
ricky_powers_michigan.mp4,1425,,,,michigan,MICHIGAN,,,,,,,0.224,,5044.0,Average
ricky_powers_michigan.mp4,1426,,,,michigan,MICHIGAN,,,,,,,0.063,,5012.0,Average
ricky_powers_michigan.mp4,1427,,,,michigan,MICHIGAN,,,,,,,0.030,,5006.0,Average
ricky_powers_michigan.mp4,1429,,,,michigan,MICHIGAN,,,,,,,0.107,,5021.0,Average
ricky_powers_michigan.mp4,1434,,,,michigan,MICHIGAN,,,,,,,0.089,,5017.0,Average
ricky_powers_michigan.mp4,1439,,,,michigan,MICHIGAN,,,,,,,0.014,,5002.0,Average
ricky_powers_michigan.mp4,1442,,,,michigan,MICHIGAN,,,,,,,0.398,,5079.0,Average
ricky_powers_michigan.mp4,1445,,,,michigan,MICHIGAN,,,,,,,1.402,,5280.0,Average
ricky_powers_michigan.mp4,1448,,,,michigan,MICHIGAN,,,,,,,0.015,,5003.0,Average
ricky_powers_michigan.mp4,1454,,,,michigan,MICHIGAN,,,,,,,4.139,,5827.0,Average
ricky_powers_michigan.mp4,1456,,,,michigan,MICHIGAN,,,,,,,0.338,,5067.0,Average
ricky_powers_michigan.mp4,1467,,,,michigan,MICHIGAN,,,,,,,0.598,,5119.0,Average
ricky_powers_michigan.mp4,1470,,,,michigan,MICHIGAN,,,,,,,0.010,,5001.0,Average
ricky_powers_michigan.mp4,1473,,,,michigan,MICHIGAN,,,,,,,0.521,,5104.0,Average
ricky_powers_michigan.mp4,1483,,,,michigan,MICHIGAN,,,,,,,0.110,,5021.0,Average
ricky_powers_michigan.mp4,1488,,,,michigan,MICHIGAN,,,,,,,0.377,,5075.0,Average
ricky_powers_michigan.mp4,1493,,,,michigan,MICHIGAN,,,,,,,0.071,,5014.0,Average
ricky_powers_michigan.mp4,1499,,,,michigan,MICHIGAN,,,,,,,0.073,,5014.0,Average
ricky_powers_michigan.mp4,1508,,,,michigan,MICHIGAN,,,,,,,0.895,,5178.0,Average
ricky_powers_michigan.mp4,1510,,,,michigan,MICHIGAN,,,,,,,0.037,,5007.0,Average
ricky_powers_michigan.mp4,1513,,,,michigan,MICHIGAN,,,,,,,0.056,,5011.0,Average
ricky_powers_michigan.mp4,1525,,,,michigan,MICHIGAN,,,,,,,0.057,,5011.0,Average
ricky_powers_michigan.mp4,1528,,,,michigan,MICHIGAN,,,,,,,0.741,,5148.0,Average
ricky_powers_michigan.mp4,1527,,,,michigan,MICHIGAN,,,,,,,0.140,,5027.0,Average
ricky_powers_michigan.mp4,1536,,,,michigan,MICHIGAN,,,,,,,0.400,,5080.0,Average
ricky_powers_michigan.mp4,1542,,,,michigan,MICHIGAN,,,,,,,0.663,,5132.0,Average
ricky_powers_michigan.mp4,1545,,,,michigan,MICHIGAN,,,,,,,,,5000.0,Average
ricky_powers_michigan.mp4,1547,,,,michigan,MICHIGAN,,,,,,,,,5000.0,Average
ricky_powers_michigan.mp4,1552,,,,michigan,MICHIGAN,,,,,,,,,5000.0,Average
ricky_powers_michigan.mp4,1558,,,,michigan,MICHIGAN,,,,,,,0.043,,5008.0,Average
ricky_powers_michigan.mp4,1565,,,,michigan,MICHIGAN,,,,,,,0.134,,5026.0,Average
ricky_powers_michigan.mp4,1568,,,,michigan,MICHIGAN,,,,,,,,,5000.0,Average
ricky_powers_michigan.mp4,1572,,,,michigan,MICHIGAN,,,,,,,0.377,,5075.0,Average
ricky_powers_michigan.mp4,1574,,,,michigan,MICHIGAN,,,,,,,0.183,,5036.0,Average
ricky_powers_michigan.mp4,1576,,,,michigan,MICHIGAN,,,,,,,0.120,,5023.0,Average
ricky_powers_michigan.mp4,1583,,,,michigan,MICHIGAN,,,,,,,0.032,,5006.0,Average
ricky_powers_michigan.mp4,1607,,,,michigan,MICHIGAN,,,,,,,0.005,,5000.0,Average
ricky_powers_michigan.mp4,1616,,,,michigan,MICHIGAN,,,,,,,0.001,,5000.0,Average
ricky_powers_michigan.mp4,1620,,,,michigan,MICHIGAN,,,,,,,,,5000.0,Average
ricky_powers_michigan.mp4,1621,,,,michigan,MICHIGAN,,,,,,,,,5000.0,Average
ricky_powers_michigan.mp4,1626,,,,michigan,MICHIGAN,,,,,,,,,5000.0,Average
ricky_powers_michigan.mp4,1627,,,,michigan,MICHIGAN,,,,,,,0.169,,5033.0,Average
ricky_powers_michigan.mp4,1629,,,,michigan,MICHIGAN,,,,,,,,,5000.0,Average
ricky_powers_michigan.mp4,1634,,,,michigan,MICHIGAN,,,,,,,0.167,,5033.0,Average
ricky_powers_michigan.mp4,1637,,,,michigan,MICHIGAN,,,,,,,0.000,,5000.0,Average
ricky_powers_michigan.mp4,1638,,,,michigan,MICHIGAN,,,,,,,0.096,,5019.0,Average
ricky_powers_michigan.mp4,1639,,,,michigan,MICHIGAN,,,,,,,,,5000.0,Average
ricky_powers_michigan.mp4,1640,,,,michigan,MICHIGAN,,,,,,,0.148,,5029.0,Average
ricky_powers_michigan.mp4,1644,,,,michigan,MICHIGAN,,,,,,,0.015,,5003.0,Average
ricky_powers_michigan.mp4,1654,,,,michigan,MICHIGAN,,,,,,,1.128,,5225.0,Average
ricky_powers_michigan.mp4,1661,,,,michigan,MICHIGAN,,,,,,,,,5000.0,Average
ricky_powers_michigan.mp4,1671,,,,michigan,MICHIGAN,,,,,,,0.072,,5014.0,Average
ricky_powers_michigan.mp4,1676,,,,michigan,MICHIGAN,,,,,,,,,5000.0,Average
ricky_powers_michigan.mp4,1681,,,,michigan,MICHIGAN,,,,,,,0.028,,5005.0,Average
ricky_powers_michigan.mp4,1685,,,,michigan,MICHIGAN,,,,,,,0.061,,5012.0,Average
ricky_powers_michigan.mp4,1686,,,,michigan,MICHIGAN,,,,,,,,,5000.0,Average
ricky_powers_michigan.mp4,1688,,,,michigan,MICHIGAN,,,,,,,0.171,,5034.0,Average
ricky_powers_michigan.mp4,1695,,,,michigan,MICHIGAN,,,,,,,0.001,,5000.0,Average
ricky_powers_michigan.mp4,1696,,,,michigan,MICHIGAN,,,,,,,0.099,,5019.0,Average
ricky_powers_michigan.mp4,1697,,,,michigan,MICHIGAN,,,,,,,0.013,,5002.0,Average
ricky_powers_michigan.mp4,1700,,,,michigan,MICHIGAN,,,,,,,0.095,,5018.0,Average
ricky_powers_michigan.mp4,1701,,,,michigan,MICHIGAN,,,,,,,0.363,,5072.0,Average
ricky_powers_michigan.mp4,1706,,,,michigan,MICHIGAN,,,,,,,,,5000.0,Average
ricky_powers_michigan.mp4,1709,,,,michigan,MICHIGAN,,,,,,,0.059,,5011.0,Average
ricky_powers_michigan.mp4,1713,,,,michigan,MICHIGAN,,,,,,,0.267,,5053.0,Average
ricky_powers_michigan.mp4,1714,,,,michigan,MICHIGAN,,,,,,,0.001,,5000.0,Average
ricky_powers_michigan.mp4,1720,,,,michigan,MICHIGAN,,,,,,,0.129,,5025.0,Average
ricky_powers_michigan.mp4,1728,,,,michigan,MICHIGAN,,,,,,,,,5000.0,Average
ricky_powers_michigan.mp4,1729,,,,michigan,MICHIGAN,,,,,,,0.012,,5002.0,Average
ricky_powers_michigan.mp4,1734,,,,michigan,MICHIGAN,,,,,,,0.003,,5000.0,Average
ricky_powers_michigan.mp4,1735,,,,michigan,MICHIGAN,,,,,,,0.073,,5014.0,Average
ricky_powers_michigan.mp4,1743,,,,michigan,MICHIGAN,,,,,,,0.016,,5003.0,Average
ricky_powers_michigan.mp4,1746,,,,michigan,MICHIGAN,,,,,,,,,5000.0,Average
ricky_powers_michigan.mp4,1747,,,,michigan,MICHIGAN,,,,,,,0.031,,5006.0,Average
ricky_powers_michigan.mp4,1751,,,,michigan,MICHIGAN,,,,,,,0.067,,5013.0,Average
ricky_powers_michigan.mp4,1757,,,,michigan,MICHIGAN,,,,,,,0.363,,5072.0,Average
ricky_powers_michigan.mp4,1756,,,,michigan,MICHIGAN,,,,,,,0.024,,5004.0,Average
ricky_powers_michigan.mp4,1761,,,,michigan,MICHIGAN,,,,,,,,,5000.0,Average
ricky_powers_michigan.mp4,1762,,,,michigan,MICHIGAN,,,,,,,0.008,,5001.0,Average
ricky_powers_michigan.mp4,1765,,,,michigan,MICHIGAN,,,,,,,0.059,,5011.0,Average
ricky_powers_michigan.mp4,1768,,,,michigan,MICHIGAN,,,,,,,0.095,,5019.0,Average
ricky_powers_michigan.mp4,1772,,,,michigan,MICHIGAN,,,,,,,0.027,,5005.0,Average
ricky_powers_michigan.mp4,1774,,,,michigan,MICHIGAN,,,,,,,0.150,,5030.0,Average
ricky_powers_michigan.mp4,1776,,,,michigan,MICHIGAN,,,,,,,0.063,,5012.0,Average
ricky_powers_michigan.mp4,1778,,,,michigan,MICHIGAN,,,,,,,0.242,,5048.0,Average
ricky_powers_michigan.mp4,1784,,,,michigan,MICHIGAN,,,,,,,0.081,,5016.0,Average
ricky_powers_michigan.mp4,1786,,,,michigan,MICHIGAN,,,,,,,0.027,,5005.0,Average
ricky_powers_michigan.mp4,1800,,,,michigan,MICHIGAN,,,,,,,0.001,,5000.0,Average
ricky_powers_michigan.mp4,1801,,,,michigan,MICHIGAN,,,,,,,0.064,,5012.0,Average
ricky_powers_michigan.mp4,1805,,,,michigan,MICHIGAN,,,,,,,0.052,,5010.0,Average
ricky_powers_michigan.mp4,1806,,,,michigan,MICHIGAN,,,,,,,0.039,,5007.0,Average
ricky_powers_michigan.mp4,1808,,,,michigan,MICHIGAN,,,,,,,0.030,,5006.0,Average
ricky_powers_michigan.mp4,1810,,,,michigan,MICHIGAN,,,,,,,,,5000.0,Average
ricky_powers_michigan.mp4,1811,,,,michigan,MICHIGAN,,,,,,,0.002,,5000.0,Average
ricky_powers_michigan.mp4,1815,,,,michigan,MICHIGAN,,,,,,,0.009,,5001.0,Average
ricky_powers_michigan.mp4,1822,,,,michigan,MICHIGAN,,,,,,,0.045,,5009.0,Average
ricky_powers_michigan.mp4,1824,,,,michigan,MICHIGAN,,,,,,,0.061,,5012.0,Average
ricky_powers_michigan.mp4,1830,,,,michigan,MICHIGAN,,,,,,,,,5000.0,Average
ricky_powers_michigan.mp4,1837,,,,michigan,MICHIGAN,,,,,,,0.081,,5016.0,Average
ricky_powers_michigan.mp4,1838,,,,michigan,MICHIGAN,,,,,,,,,5000.0,Average
ricky_powers_michigan.mp4,1841,,,,michigan,MICHIGAN,,,,,,,0.048,,5009.0,Average
ricky_powers_michigan.mp4,1845,,,,michigan,MICHIGAN,,,,,,,0.227,,5045.0,Average
ricky_powers_michigan.mp4,1847,,,,michigan,MICHIGAN,,,,,,,0.005,,5001.0,Average
ricky_powers_michigan.mp4,1848,,,,michigan,MICHIGAN,,,,,,,0.213,,5042.0,Average
ricky_powers_michigan.mp4,1850,,,,michigan,MICHIGAN,,,,,,,0.002,,5000.0,Average
ricky_powers_michigan.mp4,1853,,,,michigan,MICHIGAN,,,,,,,0.116,,5023.0,Average
ricky_powers_michigan.mp4,1854,,,,michigan,MICHIGAN,,,,,,,0.080,,5016.0,Average
ricky_powers_michigan.mp4,1855,,,,michigan,MICHIGAN,,,,,,,0.395,,5079.0,Average
ricky_powers_michigan.mp4,1856,,,,michigan,MICHIGAN,,,,,,,,,5000.0,Average
ricky_powers_michigan.mp4,1857,,,,michigan,MICHIGAN,,,,,,,0.036,,5007.0,Average
ricky_powers_michigan.mp4,1858,,,,michigan,MICHIGAN,,,,,,,0.080,,5015.0,Average
ricky_powers_michigan.mp4,1862,,,,michigan,MICHIGAN,,,,,,,0.528,,5105.0,Average
ricky_powers_michigan.mp4,1863,,,,michigan,MICHIGAN,,,,,,,,,5000.0,Average
ricky_powers_michigan.mp4,1865,,,,michigan,MICHIGAN,,,,,,,0.017,,5003.0,Average
ricky_powers_michigan.mp4,1866,,,,michigan,MICHIGAN,,,,,,,0.229,,5045.0,Average
ricky_powers_michigan.mp4,1868,,,,michigan,MICHIGAN,,,,,,,0.034,,5006.0,Average
ricky_powers_michigan.mp4,1869,,,,michigan,MICHIGAN,,,,,,,0.049,,5009.0,Average
ricky_powers_michigan.mp4,1875,,,,michigan,MICHIGAN,,,,,,,0.004,,5000.0,Average
ricky_powers_michigan.mp4,1876,,,,michigan,MICHIGAN,,,,,,,0.001,,5000.0,Average
ricky_powers_michigan.mp4,1877,,,,michigan,MICHIGAN,,,,,,,0.115,,5022.0,Average
ricky_powers_michigan.mp4,1880,,,,michigan,MICHIGAN,,,,,,,0.065,,5013.0,Average
ricky_powers_michigan.mp4,1882,,,,michigan,MICHIGAN,,,,,,,0.081,,5016.0,Average
ricky_powers_michigan.mp4,1895,,,,michigan,MICHIGAN,,,,,,,0.043,,5008.0,Average
ricky_powers_michigan.mp4,1896,,,,michigan,MICHIGAN,,,,,,,0.068,,5013.0,Average
ricky_powers_michigan.mp4,1898,,,,michigan,MICHIGAN,,,,,,,0.018,,5003.0,Average
ricky_powers_michigan.mp4,1899,,,,michigan,MICHIGAN,,,,,,,0.251,,5050.0,Average
ricky_powers_michigan.mp4,1901,,,,michigan,MICHIGAN,,,,,,,,,5000.0,Average
ricky_powers_michigan.mp4,1905,,,,michigan,MICHIGAN,,,,,,,0.171,,5034.0,Average
ricky_powers_michigan.mp4,1906,,,,michigan,MICHIGAN,,,,,,,0.062,,5012.0,Average
ricky_powers_michigan.mp4,1907,,,,michigan,MICHIGAN,,,,,,,0.072,,5014.0,Average
ricky_powers_michigan.mp4,1912,,,,michigan,MICHIGAN,,,,,,,0.198,,5039.0,Average
ricky_powers_michigan.mp4,1913,,,,michigan,MICHIGAN,,,,,,,,,5000.0,Average
ricky_powers_michigan.mp4,1914,,,,michigan,MICHIGAN,,,,,,,,,5000.0,Average
ricky_powers_michigan.mp4,1919,,,,michigan,MICHIGAN,,,,,,,,,5000.0,Average
ricky_powers_michigan.mp4,1920,,,,michigan,MICHIGAN,,,,,,,0.020,,5004.0,Average
ricky_powers_michigan.mp4,1923,,,,michigan,MICHIGAN,,,,,,,0.012,,5002.0,Average
ricky_powers_michigan.mp4,1927,,,,michigan,MICHIGAN,,,,,,,0.378,,5075.0,Average
ricky_powers_michigan.mp4,1928,,,,michigan,MICHIGAN,,,,,,,,,5000.0,Average
ricky_powers_michigan.mp4,1929,,,,michigan,MICHIGAN,,,,,,,,,5000.0,Average
ricky_powers_michigan.mp4,1932,,,,michigan,MICHIGAN,,,,,,,0.040,,5007.0,Average
ricky_powers_michigan.mp4,1935,,,,michigan,MICHIGAN,,,,,,,2.955,,5591.0,Average
ricky_powers_michigan.mp4,1937,,,,michigan,MICHIGAN,,,,,,,0.017,,5003.0,Average
ricky_powers_michigan.mp4,1941,,,,michigan,MICHIGAN,,,,,,,0.011,,5002.0,Average
ricky_powers_michigan.mp4,1940,,,,michigan,MICHIGAN,,,,,,,0.058,,5011.0,Average
ricky_powers_michigan.mp4,1943,,,,michigan,MICHIGAN,,,,,,,0.031,,5006.0,Average
ricky_powers_michigan.mp4,1944,,,,michigan,MICHIGAN,,,,,,,0.170,,5033.0,Average
ricky_powers_michigan.mp4,1946,,,,michigan,MICHIGAN,,,,,,,0.152,,5030.0,Average
ricky_powers_michigan.mp4,1948,,,,michigan,MICHIGAN,,,,,,,0.097,,5019.0,Average
ricky_powers_michigan.mp4,1950,,,,michigan,MICHIGAN,,,,,,,0.004,,5000.0,Average
ricky_powers_michigan.mp4,1956,,,,michigan,MICHIGAN,,,,,,,0.898,,5179.0,Average
ricky_powers_michigan.mp4,1960,,,,michigan,MICHIGAN,,,,,,,0.057,,5011.0,Average
ricky_powers_michigan.mp4,1962,,,,michigan,MICHIGAN,,,,,,,0.153,,5030.0,Average
ricky_powers_michigan.mp4,1963,,,,michigan,MICHIGAN,,,,,,,0.505,,5100.0,Average
ricky_powers_michigan.mp4,1964,,,,michigan,MICHIGAN,,,,,,,,,5000.0,Average
ricky_powers_michigan.mp4,1966,,,,michigan,MICHIGAN,,,,,,,,,5000.0,Average
ricky_powers_michigan.mp4,1975,,,,michigan,MICHIGAN,,,,,,,,,5000.0,Average
ricky_powers_michigan.mp4,1976,,,,michigan,MICHIGAN,,,,,,,,,5000.0,Average
ricky_powers_michigan.mp4,1978,,,,michigan,MICHIGAN,,,,,,,0.143,,5028.0,Average
ricky_powers_michigan.mp4,1979,,,,michigan,MICHIGAN,,,,,,,0.431,,5086.0,Average
ricky_powers_michigan.mp4,1980,,,,michigan,MICHIGAN,,,,,,,0.338,,5067.0,Average
ricky_powers_michigan.mp4,1982,,,,michigan,MICHIGAN,,,,,,,0.004,,5000.0,Average
ricky_powers_michigan.mp4,1984,,,,michigan,MICHIGAN,,,,,,,0.904,,5180.0,Average
ricky_powers_michigan.mp4,1985,,,,michigan,MICHIGAN,,,,,,,0.031,,5006.0,Average
ricky_powers_michigan.mp4,1990,,,,michigan,MICHIGAN,,,,,,,0.285,,5056.0,Average
ricky_powers_michigan.mp4,1996,,,,michigan,MICHIGAN,,,,,,,0.405,,5080.0,Average
ricky_powers_michigan.mp4,2001,,,,michigan,MICHIGAN,,,,,,,0.518,,5103.0,Average
ricky_powers_michigan.mp4,2004,,,,michigan,MICHIGAN,,,,,,,0.071,,5014.0,Average
ricky_powers_michigan.mp4,2008,,,,michigan,MICHIGAN,,,,,,,0.058,,5011.0,Average
ricky_powers_michigan.mp4,2010,,,,michigan,MICHIGAN,,,,,,,0.335,,5067.0,Average
ricky_powers_michigan.mp4,2020,,,,michigan,MICHIGAN,,,,,,,0.721,,5144.0,Average
ricky_powers_michigan.mp4,2023,,,,michigan,MICHIGAN,,,,,,,0.028,,5005.0,Average
ricky_powers_michigan.mp4,2024,,,,michigan,MICHIGAN,,,,,,,0.163,,5032.0,Average
ricky_powers_michigan.mp4,2032,,,,michigan,MICHIGAN,,,,,,,0.149,,5029.0,Average
ricky_powers_michigan.mp4,2049,,,,michigan,MICHIGAN,,,,,,,0.586,,5117.0,Average
ricky_powers_michigan.mp4,2050,,,,michigan,MICHIGAN,,,,,,,0.493,,5098.0,Average
ricky_powers_michigan.mp4,2052,,,,michigan,MICHIGAN,,,,,,,0.124,,5024.0,Average
ricky_powers_michigan.mp4,2054,,,,michigan,MICHIGAN,,,,,,,0.168,,5033.0,Average
ricky_powers_michigan.mp4,2060,,,,michigan,MICHIGAN,,,,,,,0.072,,5014.0,Average
ricky_powers_michigan.mp4,2062,,,,michigan,MICHIGAN,,,,,,,,,5000.0,Average
ricky_powers_michigan.mp4,2063,,,,michigan,MICHIGAN,,,,,,,0.550,,5109.0,Average
ricky_powers_michigan.mp4,2064,,,,michigan,MICHIGAN,,,,,,,0.028,,5005.0,Average
ricky_powers_michigan.mp4,2069,,,,michigan,MICHIGAN,,,,,,,0.051,,5010.0,Average
ricky_powers_michigan.mp4,2071,,,,michigan,MICHIGAN,,,,,,,0.009,,5001.0,Average
ricky_powers_michigan.mp4,2072,,,,michigan,MICHIGAN,,,,,,,,,5000.0,Average
ricky_powers_michigan.mp4,2077,,,,michigan,MICHIGAN,,,,,,,0.009,,5001.0,Average
ricky_powers_michigan.mp4,2083,,,,michigan,MICHIGAN,,,,,,,0.061,,5012.0,Average
ricky_powers_michigan.mp4,2084,,,,michigan,MICHIGAN,,,,,,,0.140,,5028.0,Average
ricky_powers_michigan.mp4,2085,,,,michigan,MICHIGAN,,,,,,,0.019,,5003.0,Average
ricky_powers_michigan.mp4,2091,,,,michigan,MICHIGAN,,,,,,,0.094,,5018.0,Average
ricky_powers_michigan.mp4,2093,,,,michigan,MICHIGAN,,,,,,,0.006,,5001.0,Average
ricky_powers_michigan.mp4,2096,,,,michigan,MICHIGAN,,,,,,,0.030,,5006.0,Average
ricky_powers_michigan.mp4,2113,,,,michigan,MICHIGAN,,,,,,,0.003,,5000.0,Average
ricky_powers_michigan.mp4,2115,,,,michigan,MICHIGAN,,,,,,,0.027,,5005.0,Average
ricky_powers_michigan.mp4,2118,,,,michigan,MICHIGAN,,,,,,,0.097,,5019.0,Average
ricky_powers_michigan.mp4,2119,,,,michigan,MICHIGAN,,,,,,,0.077,,5015.0,Average
ricky_powers_michigan.mp4,2120,,,,michigan,MICHIGAN,,,,,,,0.068,,5013.0,Average
ricky_powers_michigan.mp4,2121,,,,michigan,MICHIGAN,,,,,,,0.025,,5005.0,Average
ricky_powers_michigan.mp4,2122,,,,michigan,MICHIGAN,,,,,,,0.017,,5003.0,Average
ricky_powers_michigan.mp4,2124,,,,michigan,MICHIGAN,,,,,,,0.003,,5000.0,Average
ricky_powers_michigan.mp4,2126,,,,michigan,MICHIGAN,,,,,,,0.973,,5194.0,Average
ricky_powers_michigan.mp4,2129,,,,michigan,MICHIGAN,,,,,,,0.172,,5034.0,Average
ricky_powers_michigan.mp4,2132,,,,michigan,MICHIGAN,,,,,,,0.134,,5026.0,Average
ricky_powers_michigan.mp4,2131,,,,michigan,MICHIGAN,,,,,,,0.226,,5045.0,Average
ricky_powers_michigan.mp4,2133,,,,michigan,MICHIGAN,,,,,,,0.117,,5023.0,Average
ricky_powers_michigan.mp4,2134,,,,michigan,MICHIGAN,,,,,,,0.162,,5032.0,Average
ricky_powers_michigan.mp4,2136,,,,michigan,MICHIGAN,,,,,,,0.238,,5047.0,Average
ricky_powers_michigan.mp4,2140,,,,michigan,MICHIGAN,,,,,,,0.070,,5013.0,Average
ricky_powers_michigan.mp4,2144,,,,michigan,MICHIGAN,,,,,,,0.048,,5009.0,Average
ricky_powers_michigan.mp4,2141,,,,michigan,MICHIGAN,,,,,,,0.090,,5017.0,Average
ricky_powers_michigan.mp4,2145,,,,michigan,MICHIGAN,,,,,,,0.319,,5063.0,Average
ricky_powers_michigan.mp4,2149,,,,michigan,MICHIGAN,,,,,,,0.030,,5005.0,Average
ricky_powers_michigan.mp4,2156,,,,michigan,MICHIGAN,,,,,,,0.258,,5051.0,Average
ricky_powers_michigan.mp4,2157,,,,michigan,MICHIGAN,,,,,,,,,5000.0,Average
ricky_powers_michigan.mp4,2158,,,,michigan,MICHIGAN,,,,,,,,,5000.0,Average
ricky_powers_michigan.mp4,2160,,,,michigan,MICHIGAN,,,,,,,0.168,,5033.0,Average
ricky_powers_michigan.mp4,2161,,,,michigan,MICHIGAN,,,,,,,0.350,,5070.0,Average
ricky_powers_michigan.mp4,2162,,,,michigan,MICHIGAN,,,,,,,0.184,,5036.0,Average
ricky_powers_michigan.mp4,2164,,,,michigan,MICHIGAN,,,,,,,0.003,,5000.0,Average
ricky_powers_michigan.mp4,2165,,,,michigan,MICHIGAN,,,,,,,0.091,,5018.0,Average
ricky_powers_michigan.mp4,2170,,,,michigan,MICHIGAN,,,,,,,,,5000.0,Average
ricky_powers_michigan.mp4,2173,,,,michigan,MICHIGAN,,,,,,,,,5000.0,Average
ricky_powers_michigan.mp4,2175,,,,michigan,MICHIGAN,,,,,,,0.066,,5013.0,Average
ricky_powers_michigan.mp4,2176,,,,michigan,MICHIGAN,,,,,,,0.159,,5031.0,Average
ricky_powers_michigan.mp4,2177,,,,michigan,MICHIGAN,,,,,,,0.207,,5041.0,Average
ricky_powers_michigan.mp4,2185,,,,michigan,MICHIGAN,,,,,,,0.081,,5016.0,Average
ricky_powers_michigan.mp4,2186,,,,michigan,MICHIGAN,,,,,,,0.056,,5011.0,Average
ricky_powers_michigan.mp4,2187,,,,michigan,MICHIGAN,,,,,,,0.052,,5010.0,Average
ricky_powers_michigan.mp4,2188,,,,michigan,MICHIGAN,,,,,,,0.037,,5007.0,Average
ricky_powers_michigan.mp4,2190,,,,michigan,MICHIGAN,,,,,,,0.019,,5003.0,Average
ricky_powers_michigan.mp4,2191,,,,michigan,MICHIGAN,,,,,,,0.017,,5003.0,Average
ricky_powers_michigan.mp4,2200,,,,michigan,MICHIGAN,,,,,,,1.760,,5351.0,Average
ricky_powers_michigan.mp4,2217,,,,michigan,MICHIGAN,,,,,,,0.064,,5012.0,Average
ricky_powers_michigan.mp4,2218,,,,michigan,MICHIGAN,,,,,,,0.075,,5015.0,Average
ricky_powers_michigan.mp4,2219,,,,michigan,MICHIGAN,,,,,,,0.132,,5026.0,Average
ricky_powers_michigan.mp4,2223,,,,michigan,MICHIGAN,,,,,,,0.114,,5022.0,Average
ricky_powers_michigan.mp4,2224,,,,michigan,MICHIGAN,,,,,,,0.223,,5044.0,Average
ricky_powers_michigan.mp4,2227,,,,michigan,MICHIGAN,,,,,,,0.059,,5011.0,Average
ricky_powers_michigan.mp4,2232,,,,michigan,MICHIGAN,,,,,,,0.075,,5015.0,Average
ricky_powers_michigan.mp4,2236,,,,michigan,MICHIGAN,,,,,,,0.004,,5000.0,Average
ricky_powers_michigan.mp4,2233,,,,michigan,MICHIGAN,,,,,,,0.002,,5000.0,Average
ricky_powers_michigan.mp4,2234,,,,michigan,MICHIGAN,,,,,,,0.019,,5003.0,Average
ricky_powers_michigan.mp4,2239,,,,michigan,MICHIGAN,,,,,,,0.305,,5060.0,Average
ricky_powers_michigan.mp4,2243,,,,michigan,MICHIGAN,,,,,,,0.046,,5009.0,Average
ricky_powers_michigan.mp4,2245,,,,michigan,MICHIGAN,,,,,,,,,5000.0,Average
ricky_powers_michigan.mp4,2246,,,,michigan,MICHIGAN,,,,,,,0.705,,5140.0,Average
ricky_powers_michigan.mp4,2249,,,,michigan,MICHIGAN,,,,,,,0.014,,5002.0,Average
ricky_powers_michigan.mp4,2250,,,,michigan,MICHIGAN,,,,,,,,,5000.0,Average
ricky_powers_michigan.mp4,2251,,,,michigan,MICHIGAN,,,,,,,0.038,,5007.0,Average
ricky_powers_michigan.mp4,2252,,,,michigan,MICHIGAN,,,,,,,0.313,,5062.0,Average
ricky_powers_michigan.mp4,2253,,,,michigan,MICHIGAN,,,,,,,0.003,,5000.0,Average
ricky_powers_michigan.mp4,2254,,,,michigan,MICHIGAN,,,,,,,0.278,,5055.0,Average
ricky_powers_michigan.mp4,2256,,,,michigan,MICHIGAN,,,,,,,,,5000.0,Average
ricky_powers_michigan.mp4,2255,,,,michigan,MICHIGAN,,,,,,,0.004,,5000.0,Average
ricky_powers_michigan.mp4,2258,,,,michigan,MICHIGAN,,,,,,,,,5000.0,Average
ricky_powers_michigan.mp4,2259,,,,michigan,MICHIGAN,,,,,,,0.400,,5079.0,Average
ricky_powers_michigan.mp4,2261,,,,michigan,MICHIGAN,,,,,,,0.000,,5000.0,Average
ricky_powers_michigan.mp4,2262,,,,michigan,MICHIGAN,,,,,,,0.065,,5013.0,Average
ricky_powers_michigan.mp4,2263,,,,michigan,MICHIGAN,,,,,,,0.013,,5002.0,Average
ricky_powers_michigan.mp4,2265,,,,michigan,MICHIGAN,,,,,,,0.014,,5002.0,Average
ricky_powers_michigan.mp4,2266,,,,michigan,MICHIGAN,,,,,,,0.039,,5007.0,Average
ricky_powers_michigan.mp4,2268,,,,michigan,MICHIGAN,,,,,,,0.030,,5005.0,Average
ricky_powers_michigan.mp4,2270,,,,michigan,MICHIGAN,,,,,,,,,5000.0,Average
ricky_powers_michigan.mp4,2272,,,,michigan,MICHIGAN,,,,,,,0.237,,5047.0,Average
ricky_powers_michigan.mp4,2273,,,,michigan,MICHIGAN,,,,,,,0.173,,5034.0,Average
ricky_powers_michigan.mp4,2276,,,,michigan,MICHIGAN,,,,,,,0.335,,5067.0,Average
ricky_powers_michigan.mp4,2275,,,,michigan,MICHIGAN,,,,,,,0.027,,5005.0,Average
ricky_powers_michigan.mp4,2278,,,,michigan,MICHIGAN,,,,,,,0.151,,5030.0,Average
ricky_powers_michigan.mp4,2281,,,,michigan,MICHIGAN,,,,,,,0.175,,5034.0,Average
ricky_powers_michigan.mp4,2286,,,,michigan,MICHIGAN,,,,,,,0.054,,5010.0,Average
ricky_powers_michigan.mp4,2287,,,,michigan,MICHIGAN,,,,,,,0.024,,5004.0,Average
ricky_powers_michigan.mp4,2288,,,,michigan,MICHIGAN,,,,,,,0.006,,5001.0,Average
ricky_powers_michigan.mp4,2291,,,,michigan,MICHIGAN,,,,,,,0.001,,5000.0,Average
ricky_powers_michigan.mp4,2294,,,,michigan,MICHIGAN,,,,,,,0.294,,5058.0,Average
ricky_powers_michigan.mp4,2296,,,,michigan,MICHIGAN,,,,,,,0.124,,5024.0,Average
ricky_powers_michigan.mp4,2297,,,,michigan,MICHIGAN,,,,,,,1.412,,5282.0,Average
ricky_powers_michigan.mp4,2298,,,,michigan,MICHIGAN,,,,,,,0.024,,5004.0,Average
ricky_powers_michigan.mp4,2303,,,,michigan,MICHIGAN,,,,,,,0.334,,5066.0,Average
ricky_powers_michigan.mp4,2305,,,,michigan,MICHIGAN,,,,,,,0.519,,5103.0,Average
ricky_powers_michigan.mp4,2306,,,,michigan,MICHIGAN,,,,,,,0.024,,5004.0,Average
ricky_powers_michigan.mp4,2308,,,,michigan,MICHIGAN,,,,,,,0.003,,5000.0,Average
ricky_powers_michigan.mp4,2309,,,,michigan,MICHIGAN,,,,,,,0.017,,5003.0,Average
ricky_powers_michigan.mp4,2318,,,,michigan,MICHIGAN,,,,,,,0.982,,5196.0,Average
ricky_powers_michigan.mp4,2317,,,,michigan,MICHIGAN,,,,,,,1.114,,5222.0,Average
ricky_powers_michigan.mp4,2319,,,,michigan,MICHIGAN,,,,,,,,,5000.0,Average
ricky_powers_michigan.mp4,2322,,,,michigan,MICHIGAN,,,,,,,0.781,,5156.0,Average
ricky_powers_michigan.mp4,2329,,,,michigan,MICHIGAN,,,,,,,0.209,,5041.0,Average
ricky_powers_michigan.mp4,2334,,,,michigan,MICHIGAN,,,,,,,0.099,,5019.0,Average
ricky_powers_michigan.mp4,2336,,,,michigan,MICHIGAN,,,,,,,0.293,,5058.0,Average
ricky_powers_michigan.mp4,2337,,,,michigan,MICHIGAN,,,,,,,0.031,,5006.0,Average
ricky_powers_michigan.mp4,2338,,,,michigan,MICHIGAN,,,,,,,0.039,,5007.0,Average
ricky_powers_michigan.mp4,2341,,,,michigan,MICHIGAN,,,,,,,0.682,,5136.0,Average
ricky_powers_michigan.mp4,2342,,,,michigan,MICHIGAN,,,,,,,1.072,,5214.0,Average
ricky_powers_michigan.mp4,2343,,,,michigan,MICHIGAN,,,,,,,0.039,,5007.0,Average
ricky_powers_michigan.mp4,2345,,,,michigan,MICHIGAN,,,,,,,0.023,,5004.0,Average
ricky_powers_michigan.mp4,2350,,,,michigan,MICHIGAN,,,,,,,0.273,,5054.0,Average
ricky_powers_michigan.mp4,2354,,,,michigan,MICHIGAN,,,,,,,0.113,,5022.0,Average
ricky_powers_michigan.mp4,2353,,,,michigan,MICHIGAN,,,,,,,0.415,,5083.0,Average
ricky_powers_michigan.mp4,2366,,,,michigan,MICHIGAN,,,,,,,0.511,,5102.0,Average
ricky_powers_michigan.mp4,2372,,,,michigan,MICHIGAN,,,,,,,0.267,,5053.0,Average
ricky_powers_michigan.mp4,2371,,,,michigan,MICHIGAN,,,,,,,0.130,,5026.0,Average
ricky_powers_michigan.mp4,2375,,,,michigan,MICHIGAN,,,,,,,0.078,,5015.0,Average
ricky_powers_michigan.mp4,2376,,,,michigan,MICHIGAN,,,,,,,1.626,,5325.0,Average
ricky_powers_michigan.mp4,2378,,,,michigan,MICHIGAN,,,,,,,0.066,,5013.0,Average
ricky_powers_michigan.mp4,2379,,,,michigan,MICHIGAN,,,,,,,0.585,,5116.0,Average
ricky_powers_michigan.mp4,2380,,,,michigan,MICHIGAN,,,,,,,0.056,,5011.0,Average
ricky_powers_michigan.mp4,2382,,,,michigan,MICHIGAN,,,,,,,,,5000.0,Average
ricky_powers_michigan.mp4,2383,,,,michigan,MICHIGAN,,,,,,,0.385,,5077.0,Average
ricky_powers_michigan.mp4,2384,,,,michigan,MICHIGAN,,,,,,,,,5000.0,Average
ricky_powers_michigan.mp4,2388,,,,michigan,MICHIGAN,,,,,,,1.316,,5263.0,Average
ricky_powers_michigan.mp4,2389,,,,michigan,MICHIGAN,,,,,,,0.408,,5081.0,Average
ricky_powers_michigan.mp4,2390,,,,michigan,MICHIGAN,,,,,,,,,5000.0,Average
ricky_powers_michigan.mp4,2394,,,,michigan,MICHIGAN,,,,,,,0.054,,5010.0,Average
ricky_powers_michigan.mp4,2406,,,,michigan,MICHIGAN,,,,,,,0.092,,5018.0,Average
ricky_powers_michigan.mp4,2408,,,,michigan,MICHIGAN,,,,,,,0.010,,5002.0,Average
ricky_powers_michigan.mp4,2409,,,,michigan,MICHIGAN,,,,,,,0.091,,5018.0,Average
ricky_powers_michigan.mp4,2413,,,,michigan,MICHIGAN,,,,,,,0.269,,5053.0,Average
ricky_powers_michigan.mp4,2418,,,,michigan,MICHIGAN,,,,,,,,,5000.0,Average
ricky_powers_michigan.mp4,2419,,,,michigan,MICHIGAN,,,,,,,0.077,,5015.0,Average
ricky_powers_michigan.mp4,2425,,,,michigan,MICHIGAN,,,,,,,0.002,,5000.0,Average
ricky_powers_michigan.mp4,2426,,,,michigan,MICHIGAN,,,,,,,,,5000.0,Average
ricky_powers_michigan.mp4,2430,,,,michigan,MICHIGAN,,,,,,,0.096,,5019.0,Average
ricky_powers_michigan.mp4,2432,,,,michigan,MICHIGAN,,,,,,,0.132,,5026.0,Average
ricky_powers_michigan.mp4,2433,,,,michigan,MICHIGAN,,,,,,,0.076,,5015.0,Average
ricky_powers_michigan.mp4,2436,,,,michigan,MICHIGAN,,,,,,,0.491,,5098.0,Average
ricky_powers_michigan.mp4,2439,,,,michigan,MICHIGAN,,,,,,,0.104,,5020.0,Average
ricky_powers_michigan.mp4,2437,,,,michigan,MICHIGAN,,,,,,,0.020,,5004.0,Average
ricky_powers_michigan.mp4,2444,,,,michigan,MICHIGAN,,,,,,,0.120,,5023.0,Average
ricky_powers_michigan.mp4,2443,,,,michigan,MICHIGAN,,,,,,,0.043,,5008.0,Average
ricky_powers_michigan.mp4,2447,,,,michigan,MICHIGAN,,,,,,,0.066,,5013.0,Average
ricky_powers_michigan.mp4,2460,,,,michigan,MICHIGAN,,,,,,,0.008,,5001.0,Average
ricky_powers_michigan.mp4,2473,,,,michigan,MICHIGAN,,,,,,,,,5000.0,Average
ricky_powers_michigan.mp4,2475,,,,michigan,MICHIGAN,,,,,,,0.448,,5089.0,Average
ricky_powers_michigan.mp4,2474,,,,michigan,MICHIGAN,,,,,,,0.568,,5113.0,Average
ricky_powers_michigan.mp4,2478,,,,michigan,MICHIGAN,,,,,,,0.189,,5037.0,Average
ricky_powers_michigan.mp4,2479,,,,michigan,MICHIGAN,,,,,,,,,5000.0,Average
ricky_powers_michigan.mp4,2483,,,,michigan,MICHIGAN,,,,,,,0.029,,5005.0,Average
ricky_powers_michigan.mp4,2489,,,,michigan,MICHIGAN,,,,,,,0.045,,5009.0,Average
ricky_powers_michigan.mp4,2490,,,,michigan,MICHIGAN,,,,,,,0.055,,5010.0,Average
ricky_powers_michigan.mp4,2491,,,,michigan,MICHIGAN,,,,,,,0.197,,5039.0,Average
ricky_powers_michigan.mp4,2495,,,,michigan,MICHIGAN,,,,,,,0.697,,5139.0,Average
ricky_powers_michigan.mp4,2496,,,,michigan,MICHIGAN,,,,,,,0.077,,5015.0,Average
ricky_powers_michigan.mp4,2497,,,,michigan,MICHIGAN,,,,,,,0.109,,5021.0,Average
ricky_powers_michigan.mp4,2499,,,,michigan,MICHIGAN,,,,,,,0.052,,5010.0,Average
ricky_powers_michigan.mp4,2503,,,,michigan,MICHIGAN,,,,,,,0.444,,5088.0,Average
ricky_powers_michigan.mp4,2507,,,,michigan,MICHIGAN,,,,,,,0.024,,5004.0,Average
ricky_powers_michigan.mp4,2509,,,,michigan,MICHIGAN,,,,,,,0.153,,5030.0,Average
ricky_powers_michigan.mp4,2514,,,,michigan,MICHIGAN,,,,,,,0.276,,5055.0,Average
ricky_powers_michigan.mp4,2517,,,,michigan,MICHIGAN,,,,,,,0.031,,5006.0,Average
ricky_powers_michigan.mp4,2527,,,,michigan,MICHIGAN,,,,,,,0.385,,5077.0,Average
ricky_powers_michigan.mp4,2529,,,,michigan,MICHIGAN,,,,,,,,,5000.0,Average
ricky_powers_michigan.mp4,2533,,,,michigan,MICHIGAN,,,,,,,,,5000.0,Average
ricky_powers_michigan.mp4,2536,,,,michigan,MICHIGAN,,,,,,,0.280,,5055.0,Average
ricky_powers_michigan.mp4,2547,,,,michigan,MICHIGAN,,,,,,,0.035,,5007.0,Average
ricky_powers_michigan.mp4,2552,,,,michigan,MICHIGAN,,,,,,,0.357,,5071.0,Average
ricky_powers_michigan.mp4,2555,,,,michigan,MICHIGAN,,,,,,,0.021,,5004.0,Average
ricky_powers_michigan.mp4,2561,,,,michigan,MICHIGAN,,,,,,,0.245,,5048.0,Average
ricky_powers_michigan.mp4,2560,,,,michigan,MICHIGAN,,,,,,,0.184,,5036.0,Average
ricky_powers_michigan.mp4,2565,,,,michigan,MICHIGAN,,,,,,,0.049,,5009.0,Average
ricky_powers_michigan.mp4,2566,,,,michigan,MICHIGAN,,,,,,,0.062,,5012.0,Average
ricky_powers_michigan.mp4,2570,,,,michigan,MICHIGAN,,,,,,,0.089,,5017.0,Average
ricky_powers_michigan.mp4,2573,,,,michigan,MICHIGAN,,,,,,,0.026,,5005.0,Average
ricky_powers_michigan.mp4,2575,,,,michigan,MICHIGAN,,,,,,,0.008,,5001.0,Average
ricky_powers_michigan.mp4,2578,,,,michigan,MICHIGAN,,,,,,,0.564,,5112.0,Average
ricky_powers_michigan.mp4,2582,,,,michigan,MICHIGAN,,,,,,,0.272,,5054.0,Average
ricky_powers_michigan.mp4,2593,,,,michigan,MICHIGAN,,,,,,,0.177,,5035.0,Average
ricky_powers_michigan.mp4,2594,,,,michigan,MICHIGAN,,,,,,,0.015,,5003.0,Average
ricky_powers_michigan.mp4,2602,,,,michigan,MICHIGAN,,,,,,,0.577,,5115.0,Average
ricky_powers_michigan.mp4,2609,,,,michigan,MICHIGAN,,,,,,,0.116,,5023.0,Average
ricky_powers_michigan.mp4,2610,,,,michigan,MICHIGAN,,,,,,,0.687,,5137.0,Average
ricky_powers_michigan.mp4,2613,,,,michigan,MICHIGAN,,,,,,,0.439,,5087.0,Average
ricky_powers_michigan.mp4,2614,,,,michigan,MICHIGAN,,,,,,,0.077,,5015.0,Average
ricky_powers_michigan.mp4,2621,,,,michigan,MICHIGAN,,,,,,,1.295,,5258.0,Average
ricky_powers_michigan.mp4,2627,,,,michigan,MICHIGAN,,,,,,,0.009,,5001.0,Average
ricky_powers_michigan.mp4,2628,,,,michigan,MICHIGAN,,,,,,,0.028,,5005.0,Average
ricky_powers_michigan.mp4,2638,,,,michigan,MICHIGAN,,,,,,,0.078,,5015.0,Average
ricky_powers_michigan.mp4,2639,,,,michigan,MICHIGAN,,,,,,,,,5000.0,Average
ricky_powers_michigan.mp4,2640,,,,michigan,MICHIGAN,,,,,,,0.127,,5025.0,Average
ricky_powers_michigan.mp4,2641,,,,michigan,MICHIGAN,,,,,,,0.186,,5037.0,Average
ricky_powers_michigan.mp4,2642,,,,michigan,MICHIGAN,,,,,,,0.100,,5019.0,Average
ricky_powers_michigan.mp4,2644,,,,michigan,MICHIGAN,,,,,,,0.383,,5076.0,Average
ricky_powers_michigan.mp4,2653,,,,michigan,MICHIGAN,,,,,,,0.099,,5019.0,Average
ricky_powers_michigan.mp4,2656,,,,michigan,MICHIGAN,,,,,,,0.134,,5026.0,Average
ricky_powers_michigan.mp4,2661,,,,michigan,MICHIGAN,,,,,,,0.219,,5043.0,Average
ricky_powers_michigan.mp4,2665,,,,michigan,MICHIGAN,,,,,,,0.035,,5007.0,Average
ricky_powers_michigan.mp4,2666,,,,michigan,MICHIGAN,,,,,,,0.379,,5075.0,Average
ricky_powers_michigan.mp4,2667,,,,michigan,MICHIGAN,,,,,,,0.060,,5012.0,Average
ricky_powers_michigan.mp4,2675,,,,michigan,MICHIGAN,,,,,,,0.472,,5094.0,Average
ricky_powers_michigan.mp4,2678,,,,michigan,MICHIGAN,,,,,,,0.889,,5177.0,Average
ricky_powers_michigan.mp4,2683,,,,michigan,MICHIGAN,,,,,,,0.017,,5003.0,Average
ricky_powers_michigan.mp4,2685,,,,michigan,MICHIGAN,,,,,,,0.189,,5037.0,Average
ricky_powers_michigan.mp4,2691,,,,michigan,MICHIGAN,,,,,,,1.223,,5244.0,Average
ricky_powers_michigan.mp4,2699,,,,michigan,MICHIGAN,,,,,,,0.430,,5086.0,Average
ricky_powers_michigan.mp4,2701,,,,michigan,MICHIGAN,,,,,,,0.041,,5008.0,Average
ricky_powers_michigan.mp4,2702,,,,michigan,MICHIGAN,,,,,,,0.006,,5001.0,Average
ricky_powers_michigan.mp4,2709,,,,michigan,MICHIGAN,,,,,,,0.237,,5047.0,Average
ricky_powers_michigan.mp4,2710,,,,michigan,MICHIGAN,,,,,,,0.320,,5064.0,Average
ricky_powers_michigan.mp4,2712,,,,michigan,MICHIGAN,,,,,,,0.214,,5042.0,Average
ricky_powers_michigan.mp4,2720,,,,michigan,MICHIGAN,,,,,,,0.086,,5017.0,Average
ricky_powers_michigan.mp4,2722,,,,michigan,MICHIGAN,,,,,,,0.008,,5001.0,Average
ricky_powers_michigan.mp4,2727,,,,michigan,MICHIGAN,,,,,,,0.063,,5012.0,Average
ricky_powers_michigan.mp4,2730,,,,michigan,MICHIGAN,,,,,,,0.495,,5099.0,Average
ricky_powers_michigan.mp4,2731,,,,michigan,MICHIGAN,,,,,,,0.019,,5003.0,Average
ricky_powers_michigan.mp4,2734,,,,michigan,MICHIGAN,,,,,,,0.534,,5106.0,Average
ricky_powers_michigan.mp4,2737,,,,michigan,MICHIGAN,,,,,,,0.063,,5012.0,Average
ricky_powers_michigan.mp4,2742,,,,michigan,MICHIGAN,,,,,,,0.027,,5005.0,Average
ricky_powers_michigan.mp4,2746,,,,michigan,MICHIGAN,,,,,,,0.075,,5014.0,Average
ricky_powers_michigan.mp4,2748,,,,michigan,MICHIGAN,,,,,,,0.044,,5008.0,Average
ricky_powers_michigan.mp4,2749,,,,michigan,MICHIGAN,,,,,,,0.030,,5006.0,Average
ricky_powers_michigan.mp4,2756,,,,michigan,MICHIGAN,,,,,,,0.181,,5036.0,Average
ricky_powers_michigan.mp4,2759,,,,michigan,MICHIGAN,,,,,,,0.067,,5013.0,Average
ricky_powers_michigan.mp4,2766,,,,michigan,MICHIGAN,,,,,,,0.009,,5001.0,Average
ricky_powers_michigan.mp4,2768,,,,michigan,MICHIGAN,,,,,,,0.033,,5006.0,Average
ricky_powers_michigan.mp4,2771,,,,michigan,MICHIGAN,,,,,,,0.050,,5009.0,Average
ricky_powers_michigan.mp4,2772,,,,michigan,MICHIGAN,,,,,,,0.014,,5002.0,Average
ricky_powers_michigan.mp4,2773,,,,michigan,MICHIGAN,,,,,,,0.023,,5004.0,Average
ricky_powers_michigan.mp4,2774,,,,michigan,MICHIGAN,,,,,,,0.066,,5013.0,Average
ricky_powers_michigan.mp4,2776,,,,michigan,MICHIGAN,,,,,,,0.073,,5014.0,Average
ricky_powers_michigan.mp4,2778,,,,michigan,MICHIGAN,,,,,,,,,5000.0,Average
ricky_powers_michigan.mp4,2780,,,,michigan,MICHIGAN,,,,,,,0.012,,5002.0,Average
ricky_powers_michigan.mp4,2781,,,,michigan,MICHIGAN,,,,,,,,,5000.0,Average
ricky_powers_michigan.mp4,2783,,,,michigan,MICHIGAN,,,,,,,0.068,,5013.0,Average
ricky_powers_michigan.mp4,2784,,,,michigan,MICHIGAN,,,,,,,0.005,,5000.0,Average
ricky_powers_michigan.mp4,2792,,,,michigan,MICHIGAN,,,,,,,0.021,,5004.0,Average
ricky_powers_michigan.mp4,2794,,,,michigan,MICHIGAN,,,,,,,,,5000.0,Average
ricky_powers_michigan.mp4,2795,,,,michigan,MICHIGAN,,,,,,,,,5000.0,Average
ricky_powers_michigan.mp4,2799,,,,michigan,MICHIGAN,,,,,,,,,5000.0,Average
ricky_powers_michigan.mp4,2813,,,,michigan,MICHIGAN,,,,,,,0.083,,5016.0,Average
ricky_powers_michigan.mp4,2816,,,,michigan,MICHIGAN,,,,,,,0.178,,5035.0,Average
ricky_powers_michigan.mp4,2818,,,,michigan,MICHIGAN,,,,,,,0.255,,5051.0,Average
ricky_powers_michigan.mp4,2822,,,,michigan,MICHIGAN,,,,,,,,,5000.0,Average
ricky_powers_michigan.mp4,2828,,,,michigan,MICHIGAN,,,,,,,0.195,,5039.0,Average
ricky_powers_michigan.mp4,2829,,,,michigan,MICHIGAN,,,,,,,0.009,,5001.0,Average
ricky_powers_michigan.mp4,2831,,,,michigan,MICHIGAN,,,,,,,0.087,,5017.0,Average
ricky_powers_michigan.mp4,2833,,,,michigan,MICHIGAN,,,,,,,0.012,,5002.0,Average
ricky_powers_michigan.mp4,2834,,,,michigan,MICHIGAN,,,,,,,0.011,,5002.0,Average
ricky_powers_michigan.mp4,2835,,,,michigan,MICHIGAN,,,,,,,,,5000.0,Average
ricky_powers_michigan.mp4,2839,,,,michigan,MICHIGAN,,,,,,,,,5000.0,Average
ricky_powers_michigan.mp4,2840,,,,michigan,MICHIGAN,,,,,,,0.034,,5006.0,Average
ricky_powers_michigan.mp4,2842,,,,michigan,MICHIGAN,,,,,,,0.094,,5018.0,Average
ricky_powers_michigan.mp4,2844,,,,michigan,MICHIGAN,,,,,,,0.012,,5002.0,Average
ricky_powers_michigan.mp4,2852,,,,michigan,MICHIGAN,,,,,,,,,5000.0,Average
ricky_powers_michigan.mp4,2853,,,,michigan,MICHIGAN,,,,,,,,,5000.0,Average
ricky_powers_michigan.mp4,2858,,,,michigan,MICHIGAN,,,,,,,0.238,,5047.0,Average
ricky_powers_michigan.mp4,2859,,,,michigan,MICHIGAN,,,,,,,0.348,,5069.0,Average
ricky_powers_michigan.mp4,2864,,,,michigan,MICHIGAN,,,,,,,0.010,,5002.0,Average
ricky_powers_michigan.mp4,2866,,,,michigan,MICHIGAN,,,,,,,0.049,,5009.0,Average
ricky_powers_michigan.mp4,2867,,,,michigan,MICHIGAN,,,,,,,0.028,,5005.0,Average
ricky_powers_michigan.mp4,2868,,,,michigan,MICHIGAN,,,,,,,,,5000.0,Average
ricky_powers_michigan.mp4,2869,,,,michigan,MICHIGAN,,,,,,,0.438,,5087.0,Average
ricky_powers_michigan.mp4,2870,,,,michigan,MICHIGAN,,,,,,,,,5000.0,Average
ricky_powers_michigan.mp4,2871,,,,michigan,MICHIGAN,,,,,,,,,5000.0,Average
ricky_powers_michigan.mp4,2872,,,,michigan,MICHIGAN,,,,,,,,,5000.0,Average
ricky_powers_michigan.mp4,2874,,,,michigan,MICHIGAN,,,,,,,1.201,,5240.0,Average
ricky_powers_michigan.mp4,2878,,,,michigan,MICHIGAN,,,,,,,0.083,,5016.0,Average
ricky_powers_michigan.mp4,2879,,,,michigan,MICHIGAN,,,,,,,0.003,,5000.0,Average
ricky_powers_michigan.mp4,2880,,,,michigan,MICHIGAN,,,,,,,0.077,,5015.0,Average
ricky_powers_michigan.mp4,2883,,,,michigan,MICHIGAN,,,,,,,0.013,,5002.0,Average
ricky_powers_michigan.mp4,2887,,,,michigan,MICHIGAN,,,,,,,,,5000.0,Average
ricky_powers_michigan.mp4,2888,,,,michigan,MICHIGAN,,,,,,,,,5000.0,Average
ricky_powers_michigan.mp4,2891,,,,michigan,MICHIGAN,,,,,,,0.038,,5007.0,Average
ricky_powers_michigan.mp4,2890,,,,michigan,MICHIGAN,,,,,,,,,5000.0,Average
ricky_powers_michigan.mp4,2893,,,,michigan,MICHIGAN,,,,,,,0.067,,5013.0,Average
ricky_powers_michigan.mp4,2895,,,,michigan,MICHIGAN,,,,,,,1.140,,5228.0,Average
ricky_powers_michigan.mp4,2898,,,,michigan,MICHIGAN,,,,,,,0.014,,5002.0,Average
ricky_powers_michigan.mp4,2904,,,,michigan,MICHIGAN,,,,,,,0.074,,5014.0,Average
ricky_powers_michigan.mp4,2905,,,,michigan,MICHIGAN,,,,,,,0.881,,5176.0,Average
ricky_powers_michigan.mp4,2907,,,,michigan,MICHIGAN,,,,,,,0.411,,5082.0,Average
ricky_powers_michigan.mp4,2909,,,,michigan,MICHIGAN,,,,,,,0.468,,5093.0,Average
ricky_powers_michigan.mp4,2910,,,,michigan,MICHIGAN,,,,,,,,,5000.0,Average
ricky_powers_michigan.mp4,2911,,,,michigan,MICHIGAN,,,,,,,,,5000.0,Average
ricky_powers_michigan.mp4,2919,,,,michigan,MICHIGAN,,,,,,,0.443,,5088.0,Average
ricky_powers_michigan.mp4,2921,,,,michigan,MICHIGAN,,,,,,,0.021,,5004.0,Average
ricky_powers_michigan.mp4,2922,,,,michigan,MICHIGAN,,,,,,,0.075,,5014.0,Average
ricky_powers_michigan.mp4,2923,,,,michigan,MICHIGAN,,,,,,,0.013,,5002.0,Average
ricky_powers_michigan.mp4,2924,,,,michigan,MICHIGAN,,,,,,,0.069,,5013.0,Average
ricky_powers_michigan.mp4,2927,,,,michigan,MICHIGAN,,,,,,,0.141,,5028.0,Average
ricky_powers_michigan.mp4,2929,,,,michigan,MICHIGAN,,,,,,,0.018,,5003.0,Average
ricky_powers_michigan.mp4,2933,,,,michigan,MICHIGAN,,,,,,,0.083,,5016.0,Average
ricky_powers_michigan.mp4,2936,,,,michigan,MICHIGAN,,,,,,,,,5000.0,Average
ricky_powers_michigan.mp4,2938,,,,michigan,MICHIGAN,,,,,,,0.032,,5006.0,Average
ricky_powers_michigan.mp4,2939,,,,michigan,MICHIGAN,,,,,,,0.374,,5074.0,Average
ricky_powers_michigan.mp4,2940,,,,michigan,MICHIGAN,,,,,,,0.150,,5030.0,Average
ricky_powers_michigan.mp4,2945,,,,michigan,MICHIGAN,,,,,,,0.002,,5000.0,Average
ricky_powers_michigan.mp4,2948,,,,michigan,MICHIGAN,,,,,,,0.182,,5036.0,Average
ricky_powers_michigan.mp4,2955,,,,michigan,MICHIGAN,,,,,,,0.230,,5045.0,Average
ricky_powers_michigan.mp4,2956,,,,michigan,MICHIGAN,,,,,,,0.742,,5148.0,Average
ricky_powers_michigan.mp4,2958,,,,michigan,MICHIGAN,,,,,,,0.108,,5021.0,Average
ricky_powers_michigan.mp4,2960,,,,michigan,MICHIGAN,,,,,,,0.925,,5185.0,Average
ricky_powers_michigan.mp4,2964,,,,michigan,MICHIGAN,,,,,,,0.046,,5009.0,Average
ricky_powers_michigan.mp4,2965,,,,michigan,MICHIGAN,,,,,,,0.036,,5007.0,Average
ricky_powers_michigan.mp4,2966,,,,michigan,MICHIGAN,,,,,,,0.043,,5008.0,Average
ricky_powers_michigan.mp4,2971,,,,michigan,MICHIGAN,,,,,,,0.057,,5011.0,Average
ricky_powers_michigan.mp4,2972,,,,michigan,MICHIGAN,,,,,,,0.655,,5130.0,Average
ricky_powers_michigan.mp4,2975,,,,michigan,MICHIGAN,,,,,,,0.082,,5016.0,Average
ricky_powers_michigan.mp4,2977,,,,michigan,MICHIGAN,,,,,,,0.003,,5000.0,Average
ricky_powers_michigan.mp4,2980,,,,michigan,MICHIGAN,,,,,,,0.157,,5031.0,Average
ricky_powers_michigan.mp4,2982,,,,michigan,MICHIGAN,,,,,,,0.060,,5012.0,Average
ricky_powers_michigan.mp4,2983,,,,michigan,MICHIGAN,,,,,,,0.089,,5017.0,Average
ricky_powers_michigan.mp4,2984,,,,michigan,MICHIGAN,,,,,,,0.467,,5093.0,Average
ricky_powers_michigan.mp4,2986,,,,michigan,MICHIGAN,,,,,,,0.418,,5083.0,Average
ricky_powers_michigan.mp4,2987,,,,michigan,MICHIGAN,,,,,,,0.090,,5018.0,Average
ricky_powers_michigan.mp4,2988,,,,michigan,MICHIGAN,,,,,,,0.828,,5165.0,Average
ricky_powers_michigan.mp4,2989,,,,michigan,MICHIGAN,,,,,,,,,5000.0,Average
ricky_powers_michigan.mp4,2993,,,,michigan,MICHIGAN,,,,,,,0.168,,5033.0,Average
ricky_powers_michigan.mp4,2994,,,,michigan,MICHIGAN,,,,,,,0.059,,5011.0,Average
ricky_powers_michigan.mp4,2998,,,,michigan,MICHIGAN,,,,,,,0.082,,5016.0,Average
ricky_powers_michigan.mp4,3002,,,,michigan,MICHIGAN,,,,,,,,,5000.0,Average
ricky_powers_michigan.mp4,3007,,,,michigan,MICHIGAN,,,,,,,1.628,,5325.0,Average
ricky_powers_michigan.mp4,3011,,,,michigan,MICHIGAN,,,,,,,0.229,,5045.0,Average
ricky_powers_michigan.mp4,3012,,,,michigan,MICHIGAN,,,,,,,0.491,,5098.0,Average
ricky_powers_michigan.mp4,3013,,,,michigan,MICHIGAN,,,,,,,0.499,,5099.0,Average
ricky_powers_michigan.mp4,3018,,,,michigan,MICHIGAN,,,,,,,,,5000.0,Average
ricky_powers_michigan.mp4,3019,,,,michigan,MICHIGAN,,,,,,,,,5000.0,Average
ricky_powers_michigan.mp4,3020,,,,michigan,MICHIGAN,,,,,,,0.095,,5019.0,Average
ricky_powers_michigan.mp4,3024,,,,michigan,MICHIGAN,,,,,,,0.454,,5090.0,Average
ricky_powers_michigan.mp4,3025,,,,michigan,MICHIGAN,,,,,,,0.679,,5135.0,Average
ricky_powers_michigan.mp4,3029,,,,michigan,MICHIGAN,,,,,,,0.021,,5004.0,Average
ricky_powers_michigan.mp4,3030,,,,michigan,MICHIGAN,,,,,,,,,5000.0,Average
ricky_powers_michigan.mp4,3033,,,,michigan,MICHIGAN,,,,,,,0.786,,5157.0,Average
ricky_powers_michigan.mp4,3036,,,,michigan,MICHIGAN,,,,,,,,,5000.0,Average
ricky_powers_michigan.mp4,3046,,,,michigan,MICHIGAN,,,,,,,0.000,,5000.0,Average
ricky_powers_michigan.mp4,3047,,,,michigan,MICHIGAN,,,,,,,,,5000.0,Average
ricky_powers_michigan.mp4,3049,,,,michigan,MICHIGAN,,,,,,,,,5000.0,Average
ricky_powers_michigan.mp4,3050,,,,michigan,MICHIGAN,,,,,,,0.083,,5016.0,Average
ricky_powers_michigan.mp4,3052,,,,michigan,MICHIGAN,,,,,,,0.000,,5000.0,Average
ricky_powers_michigan.mp4,3053,,,,michigan,MICHIGAN,,,,,,,,,5000.0,Average
ricky_powers_michigan.mp4,3054,,,,michigan,MICHIGAN,,,,,,,,,5000.0,Average
ricky_powers_michigan.mp4,3055,,,,michigan,MICHIGAN,,,,,,,0.040,,5007.0,Average
ricky_powers_michigan.mp4,3056,,,,michigan,MICHIGAN,,,,,,,0.175,,5035.0,Average
ricky_powers_michigan.mp4,3057,,,,michigan,MICHIGAN,,,,,,,,,5000.0,Average
ricky_powers_michigan.mp4,3058,,,,michigan,MICHIGAN,,,,,,,0.030,,5006.0,Average
ricky_powers_michigan.mp4,3059,,,,michigan,MICHIGAN,,,,,,,0.026,,5005.0,Average
ricky_powers_michigan.mp4,3060,,,,michigan,MICHIGAN,,,,,,,0.074,,5014.0,Average
ricky_powers_michigan.mp4,3061,,,,michigan,MICHIGAN,,,,,,,,,5000.0,Average
ricky_powers_michigan.mp4,3062,,,,michigan,MICHIGAN,,,,,,,0.030,,5005.0,Average
ricky_powers_michigan.mp4,3063,,,,michigan,MICHIGAN,,,,,,,,,5000.0,Average
ricky_powers_michigan.mp4,3064,,,,michigan,MICHIGAN,,,,,,,0.119,,5023.0,Average
ricky_powers_michigan.mp4,3065,,,,michigan,MICHIGAN,,,,,,,0.074,,5014.0,Average
ricky_powers_michigan.mp4,3066,,,,michigan,MICHIGAN,,,,,,,0.065,,5013.0,Average
ricky_powers_michigan.mp4,3067,,,,michigan,MICHIGAN,,,,,,,,,5000.0,Average
ricky_powers_michigan.mp4,3068,,,,michigan,MICHIGAN,,,,,,,,,5000.0,Average
ricky_powers_michigan.mp4,3069,,,,michigan,MICHIGAN,,,,,,,0.027,,5005.0,Average
ricky_powers_michigan.mp4,3070,,,,michigan,MICHIGAN,,,,,,,,,5000.0,Average
ricky_powers_michigan.mp4,3071,,,,michigan,MICHIGAN,,,,,,,0.245,,5048.0,Average
ricky_powers_michigan.mp4,3072,,,,michigan,MICHIGAN,,,,,,,0.148,,5029.0,Average
ricky_powers_michigan.mp4,3073,,,,michigan,MICHIGAN,,,,,,,0.255,,5051.0,Average
ricky_powers_michigan.mp4,3074,,,,michigan,MICHIGAN,,,,,,,0.016,,5003.0,Average
ricky_powers_michigan.mp4,3075,,,,michigan,MICHIGAN,,,,,,,,,5000.0,Average
ricky_powers_michigan.mp4,3076,,,,michigan,MICHIGAN,,,,,,,0.141,,5028.0,Average
ricky_powers_michigan.mp4,3077,,,,michigan,MICHIGAN,,,,,,,,,5000.0,Average
ricky_powers_michigan.mp4,3079,,,,michigan,MICHIGAN,,,,,,,0.024,,5004.0,Average
ricky_powers_michigan.mp4,3083,,,,michigan,MICHIGAN,,,,,,,,,5000.0,Average
ricky_powers_michigan.mp4,3086,,,,michigan,MICHIGAN,,,,,,,0.030,,5005.0,Average
ricky_powers_michigan.mp4,3088,,,,michigan,MICHIGAN,,,,,,,0.219,,5043.0,Average
ricky_powers_michigan.mp4,3089,,,,michigan,MICHIGAN,,,,,,,0.021,,5004.0,Average
ricky_powers_michigan.mp4,3096,,,,michigan,MICHIGAN,,,,,,,,,5000.0,Average
ricky_powers_michigan.mp4,3097,,,,michigan,MICHIGAN,,,,,,,,,5000.0,Average
ricky_powers_michigan.mp4,3098,,,,michigan,MICHIGAN,,,,,,,,,5000.0,Average
ricky_powers_michigan.mp4,3099,,,,michigan,MICHIGAN,,,,,,,0.235,,5046.0,Average
ricky_powers_michigan.mp4,3100,,,,michigan,MICHIGAN,,,,,,,0.031,,5006.0,Average
ricky_powers_michigan.mp4,3102,,,,michigan,MICHIGAN,,,,,,,0.165,,5033.0,Average
ricky_powers_michigan.mp4,3106,,,,michigan,MICHIGAN,,,,,,,0.002,,5000.0,Average
ricky_powers_michigan.mp4,3107,,,,michigan,MICHIGAN,,,,,,,,,5000.0,Average
ricky_powers_michigan.mp4,3111,,,,michigan,MICHIGAN,,,,,,,0.006,,5001.0,Average
ricky_powers_michigan.mp4,3112,,,,michigan,MICHIGAN,,,,,,,,,5000.0,Average
ricky_powers_michigan.mp4,3114,,,,michigan,MICHIGAN,,,,,,,0.009,,5001.0,Average
ricky_powers_michigan.mp4,3119,,,,michigan,MICHIGAN,,,,,,,0.148,,5029.0,Average
ricky_powers_michigan.mp4,3121,,,,michigan,MICHIGAN,,,,,,,0.198,,5039.0,Average
ricky_powers_michigan.mp4,3122,,,,michigan,MICHIGAN,,,,,,,,,5000.0,Average
ricky_powers_michigan.mp4,3123,,,,michigan,MICHIGAN,,,,,,,0.131,,5026.0,Average
ricky_powers_michigan.mp4,3124,,,,michigan,MICHIGAN,,,,,,,0.192,,5038.0,Average
ricky_powers_michigan.mp4,3125,,,,michigan,MICHIGAN,,,,,,,0.011,,5002.0,Average
ricky_powers_michigan.mp4,3129,,,,michigan,MICHIGAN,,,,,,,0.036,,5007.0,Average
ricky_powers_michigan.mp4,3132,,,,michigan,MICHIGAN,,,,,,,,,5000.0,Average
ricky_powers_michigan.mp4,3134,,,,michigan,MICHIGAN,,,,,,,0.029,,5005.0,Average
ricky_powers_michigan.mp4,3133,,,,michigan,MICHIGAN,,,,,,,0.092,,5018.0,Average
ricky_powers_michigan.mp4,3135,,,,michigan,MICHIGAN,,,,,,,0.060,,5012.0,Average
ricky_powers_michigan.mp4,3136,,,,michigan,MICHIGAN,,,,,,,0.056,,5011.0,Average
ricky_powers_michigan.mp4,3138,,,,michigan,MICHIGAN,,,,,,,0.045,,5008.0,Average
ricky_powers_michigan.mp4,3140,,,,michigan,MICHIGAN,,,,,,,0.063,,5012.0,Average
ricky_powers_michigan.mp4,3142,,,,michigan,MICHIGAN,,,,,,,0.176,,5035.0,Average
ricky_powers_michigan.mp4,3143,,,,michigan,MICHIGAN,,,,,,,0.021,,5004.0,Average
ricky_powers_michigan.mp4,3149,,,,michigan,MICHIGAN,,,,,,,0.001,,5000.0,Average
ricky_powers_michigan.mp4,3158,,,,michigan,MICHIGAN,,,,,,,0.040,,5008.0,Average
ricky_powers_michigan.mp4,3159,,,,michigan,MICHIGAN,,,,,,,0.008,,5001.0,Average
ricky_powers_michigan.mp4,3162,,,,michigan,MICHIGAN,,,,,,,,,5000.0,Average
ricky_powers_michigan.mp4,3160,,,,michigan,MICHIGAN,,,,,,,,,5000.0,Average
ricky_powers_michigan.mp4,3163,,,,michigan,MICHIGAN,,,,,,,0.269,,5053.0,Average
ricky_powers_michigan.mp4,3166,,,,michigan,MICHIGAN,,,,,,,0.068,,5013.0,Average
ricky_powers_michigan.mp4,3167,,,,michigan,MICHIGAN,,,,,,,0.035,,5007.0,Average
ricky_powers_michigan.mp4,3173,,,,michigan,MICHIGAN,,,,,,,0.099,,5019.0,Average
ricky_powers_michigan.mp4,3177,,,,michigan,MICHIGAN,,,,,,,0.033,,5006.0,Average
ricky_powers_michigan.mp4,3181,,,,michigan,MICHIGAN,,,,,,,0.400,,5080.0,Average
ricky_powers_michigan.mp4,3180,,,,michigan,MICHIGAN,,,,,,,0.001,,5000.0,Average
ricky_powers_michigan.mp4,3183,,,,michigan,MICHIGAN,,,,,,,0.143,,5028.0,Average
ricky_powers_michigan.mp4,3184,,,,michigan,MICHIGAN,,,,,,,0.664,,5132.0,Average
ricky_powers_michigan.mp4,3188,,,,michigan,MICHIGAN,,,,,,,0.015,,5002.0,Average
ricky_powers_michigan.mp4,3189,,,,michigan,MICHIGAN,,,,,,,0.627,,5125.0,Average
ricky_powers_michigan.mp4,3193,,,,michigan,MICHIGAN,,,,,,,0.114,,5022.0,Average
ricky_powers_michigan.mp4,3195,,,,michigan,MICHIGAN,,,,,,,0.512,,5102.0,Average
ricky_powers_michigan.mp4,3200,,,,michigan,MICHIGAN,,,,,,,0.920,,5183.0,Average
ricky_powers_michigan.mp4,3205,,,,michigan,MICHIGAN,,,,,,,0.281,,5056.0,Average
ricky_powers_michigan.mp4,3218,,,,michigan,MICHIGAN,,,,,,,,,5000.0,Average
ricky_powers_michigan.mp4,3221,,,,michigan,MICHIGAN,,,,,,,0.670,,5133.0,Average
ricky_powers_michigan.mp4,3222,,,,michigan,MICHIGAN,,,,,,,0.023,,5004.0,Average
ricky_powers_michigan.mp4,3227,,,,michigan,MICHIGAN,,,,,,,0.339,,5067.0,Average
ricky_powers_michigan.mp4,3228,,,,michigan,MICHIGAN,,,,,,,0.279,,5055.0,Average
ricky_powers_michigan.mp4,3229,,,,michigan,MICHIGAN,,,,,,,0.228,,5045.0,Average
ricky_powers_michigan.mp4,3230,,,,michigan,MICHIGAN,,,,,,,0.325,,5064.0,Average
ricky_powers_michigan.mp4,3236,,,,michigan,MICHIGAN,,,,,,,0.028,,5005.0,Average
ricky_powers_michigan.mp4,3243,,,,michigan,MICHIGAN,,,,,,,0.184,,5036.0,Average
ricky_powers_michigan.mp4,3244,,,,michigan,MICHIGAN,,,,,,,0.117,,5023.0,Average
ricky_powers_michigan.mp4,3249,,,,michigan,MICHIGAN,,,,,,,0.065,,5013.0,Average
ricky_powers_michigan.mp4,3253,,,,michigan,MICHIGAN,,,,,,,0.083,,5016.0,Average
ricky_powers_michigan.mp4,3255,,,,michigan,MICHIGAN,,,,,,,,,5000.0,Average
ricky_powers_michigan.mp4,3256,,,,michigan,MICHIGAN,,,,,,,0.010,,5001.0,Average
ricky_powers_michigan.mp4,3258,,,,michigan,MICHIGAN,,,,,,,0.008,,5001.0,Average
ricky_powers_michigan.mp4,3264,,,,michigan,MICHIGAN,,,,,,,,,5000.0,Average
ricky_powers_michigan.mp4,3265,,,,michigan,MICHIGAN,,,,,,,0.397,,5079.0,Average
ricky_powers_michigan.mp4,3269,,,,michigan,MICHIGAN,,,,,,,,,5000.0,Average
ricky_powers_michigan.mp4,3272,,,,michigan,MICHIGAN,,,,,,,0.014,,5002.0,Average
ricky_powers_michigan.mp4,3270,,,,michigan,MICHIGAN,,,,,,,,,5000.0,Average
ricky_powers_michigan.mp4,3271,,,,michigan,MICHIGAN,,,,,,,0.048,,5009.0,Average
ricky_powers_michigan.mp4,3273,,,,michigan,MICHIGAN,,,,,,,,,5000.0,Average
ricky_powers_michigan.mp4,3275,,,,michigan,MICHIGAN,,,,,,,0.405,,5080.0,Average
ricky_powers_michigan.mp4,3276,,,,michigan,MICHIGAN,,,,,,,0.150,,5030.0,Average
ricky_powers_michigan.mp4,3280,,,,michigan,MICHIGAN,,,,,,,0.317,,5063.0,Average
ricky_powers_michigan.mp4,3279,,,,michigan,MICHIGAN,,,,,,,0.630,,5125.0,Average
ricky_powers_michigan.mp4,3282,,,,michigan,MICHIGAN,,,,,,,0.004,,5000.0,Average
ricky_powers_michigan.mp4,3287,,,,michigan,MICHIGAN,,,,,,,0.000,,5000.0,Average
ricky_powers_michigan.mp4,3284,,,,michigan,MICHIGAN,,,,,,,1.602,,5320.0,Average
ricky_powers_michigan.mp4,3288,,,,michigan,MICHIGAN,,,,,,,,,5000.0,Average
ricky_powers_michigan.mp4,3296,,,,michigan,MICHIGAN,,,,,,,0.197,,5039.0,Average
ricky_powers_michigan.mp4,3301,,,,michigan,MICHIGAN,,,,,,,0.481,,5096.0,Average
ricky_powers_michigan.mp4,3306,,,,michigan,MICHIGAN,,,,,,,0.075,,5014.0,Average
ricky_powers_michigan.mp4,3307,,,,michigan,MICHIGAN,,,,,,,0.017,,5003.0,Average
ricky_powers_michigan.mp4,3310,,,,michigan,MICHIGAN,,,,,,,,,5000.0,Average
ricky_powers_michigan.mp4,3311,,,,michigan,MICHIGAN,,,,,,,,,5000.0,Average
ricky_powers_michigan.mp4,3313,,,,michigan,MICHIGAN,,,,,,,,,5000.0,Average
ricky_powers_michigan.mp4,3318,,,,michigan,MICHIGAN,,,,,,,0.463,,5092.0,Average
ricky_powers_michigan.mp4,3319,,,,michigan,MICHIGAN,,,,,,,0.346,,5069.0,Average
ricky_powers_michigan.mp4,3320,,,,michigan,MICHIGAN,,,,,,,0.099,,5019.0,Average
ricky_powers_michigan.mp4,3321,,,,michigan,MICHIGAN,,,,,,,,,5000.0,Average
ricky_powers_michigan.mp4,3328,,,,michigan,MICHIGAN,,,,,,,0.116,,5023.0,Average
ricky_powers_michigan.mp4,3333,,,,michigan,MICHIGAN,,,,,,,0.145,,5029.0,Average
ricky_powers_michigan.mp4,3335,,,,michigan,MICHIGAN,,,,,,,0.777,,5155.0,Average
ricky_powers_michigan.mp4,3336,,,,michigan,MICHIGAN,,,,,,,0.171,,5034.0,Average
ricky_powers_michigan.mp4,3341,,,,michigan,MICHIGAN,,,,,,,0.728,,5145.0,Average
ricky_powers_michigan.mp4,3344,,,,michigan,MICHIGAN,,,,,,,0.027,,5005.0,Average
ricky_powers_michigan.mp4,3346,,,,michigan,MICHIGAN,,,,,,,0.016,,5003.0,Average
ricky_powers_michigan.mp4,3347,,,,michigan,MICHIGAN,,,,,,,1.039,,5207.0,Average
ricky_powers_michigan.mp4,3348,,,,michigan,MICHIGAN,,,,,,,0.013,,5002.0,Average
ricky_powers_michigan.mp4,3351,,,,michigan,MICHIGAN,,,,,,,0.216,,5043.0,Average
ricky_powers_michigan.mp4,3353,,,,michigan,MICHIGAN,,,,,,,,,5000.0,Average
ricky_powers_michigan.mp4,3355,,,,michigan,MICHIGAN,,,,,,,0.238,,5047.0,Average
ricky_powers_michigan.mp4,3357,,,,michigan,MICHIGAN,,,,,,,0.234,,5046.0,Average
ricky_powers_michigan.mp4,3360,,,,michigan,MICHIGAN,,,,,,,0.372,,5074.0,Average
ricky_powers_michigan.mp4,3361,,,,michigan,MICHIGAN,,,,,,,0.467,,5093.0,Average
ricky_powers_michigan.mp4,3365,,,,michigan,MICHIGAN,,,,,,,,,5000.0,Average
ricky_powers_michigan.mp4,3366,,,,michigan,MICHIGAN,,,,,,,,,5000.0,Average
ricky_powers_michigan.mp4,3367,,,,michigan,MICHIGAN,,,,,,,0.010,,5002.0,Average
ricky_powers_michigan.mp4,3368,,,,michigan,MICHIGAN,,,,,,,0.068,,5013.0,Average
ricky_powers_michigan.mp4,3369,,,,michigan,MICHIGAN,,,,,,,0.018,,5003.0,Average
ricky_powers_michigan.mp4,3370,,,,michigan,MICHIGAN,,,,,,,0.207,,5041.0,Average
ricky_powers_michigan.mp4,3371,,,,michigan,MICHIGAN,,,,,,,,,5000.0,Average
ricky_powers_michigan.mp4,3374,,,,michigan,MICHIGAN,,,,,,,,,5000.0,Average
ricky_powers_michigan.mp4,3373,,,,michigan,MICHIGAN,,,,,,,0.025,,5004.0,Average
ricky_powers_michigan.mp4,3376,,,,michigan,MICHIGAN,,,,,,,0.284,,5056.0,Average
ricky_powers_michigan.mp4,3377,,,,michigan,MICHIGAN,,,,,,,,,5000.0,Average
ricky_powers_michigan.mp4,3378,,,,michigan,MICHIGAN,,,,,,,0.082,,5016.0,Average
ricky_powers_michigan.mp4,3379,,,,michigan,MICHIGAN,,,,,,,0.001,,5000.0,Average
ricky_powers_michigan.mp4,3381,,,,michigan,MICHIGAN,,,,,,,0.029,,5005.0,Average
ricky_powers_michigan.mp4,3384,,,,michigan,MICHIGAN,,,,,,,,,5000.0,Average
ricky_powers_michigan.mp4,3385,,,,michigan,MICHIGAN,,,,,,,0.051,,5010.0,Average
ricky_powers_michigan.mp4,3386,,,,michigan,MICHIGAN,,,,,,,0.556,,5111.0,Average
ricky_powers_michigan.mp4,3387,,,,michigan,MICHIGAN,,,,,,,,,5000.0,Average
ricky_powers_michigan.mp4,3388,,,,michigan,MICHIGAN,,,,,,,0.099,,5019.0,Average
ricky_powers_michigan.mp4,3389,,,,michigan,MICHIGAN,,,,,,,0.083,,5016.0,Average
ricky_powers_michigan.mp4,3390,,,,michigan,MICHIGAN,,,,,,,,,5000.0,Average
ricky_powers_michigan.mp4,3391,,,,michigan,MICHIGAN,,,,,,,0.011,,5002.0,Average
ricky_powers_michigan.mp4,3392,,,,michigan,MICHIGAN,,,,,,,,,5000.0,Average
ricky_powers_michigan.mp4,3393,,,,michigan,MICHIGAN,,,,,,,0.037,,5007.0,Average
ricky_powers_michigan.mp4,3394,,,,michigan,MICHIGAN,,,,,,,0.028,,5005.0,Average
ricky_powers_michigan.mp4,3395,,,,michigan,MICHIGAN,,,,,,,0.323,,5064.0,Average
ricky_powers_michigan.mp4,3396,,,,michigan,MICHIGAN,,,,,,,0.406,,5081.0,Average
ricky_powers_michigan.mp4,3398,,,,michigan,MICHIGAN,,,,,,,,,5000.0,Average
ricky_powers_michigan.mp4,3399,,,,michigan,MICHIGAN,,,,,,,,,5000.0,Average
ricky_powers_michigan.mp4,3400,,,,michigan,MICHIGAN,,,,,,,0.175,,5034.0,Average
ricky_powers_michigan.mp4,3402,,,,michigan,MICHIGAN,,,,,,,,,5000.0,Average
ricky_powers_michigan.mp4,3407,,,,michigan,MICHIGAN,,,,,,,0.035,,5007.0,Average
ricky_powers_michigan.mp4,3410,,,,michigan,MICHIGAN,,,,,,,0.363,,5072.0,Average
ricky_powers_michigan.mp4,3413,,,,michigan,MICHIGAN,,,,,,,,,5000.0,Average
ricky_powers_michigan.mp4,3415,,,,michigan,MICHIGAN,,,,,,,0.244,,5048.0,Average
ricky_powers_michigan.mp4,3416,,,,michigan,MICHIGAN,,,,,,,0.166,,5033.0,Average
ricky_powers_michigan.mp4,3426,,,,michigan,MICHIGAN,,,,,,,0.095,,5018.0,Average
ricky_powers_michigan.mp4,3427,,,,michigan,MICHIGAN,,,,,,,0.033,,5006.0,Average
ricky_powers_michigan.mp4,3433,,,,michigan,MICHIGAN,,,,,,,0.065,,5012.0,Average
ricky_powers_michigan.mp4,3434,,,,michigan,MICHIGAN,,,,,,,0.278,,5055.0,Average
ricky_powers_michigan.mp4,3439,,,,michigan,MICHIGAN,,,,,,,0.006,,5001.0,Average
ricky_powers_michigan.mp4,3448,,,,michigan,MICHIGAN,,,,,,,0.044,,5008.0,Average
ricky_powers_michigan.mp4,3450,,,,michigan,MICHIGAN,,,,,,,0.015,,5002.0,Average
ricky_powers_michigan.mp4,3451,,,,michigan,MICHIGAN,,,,,,,0.023,,5004.0,Average
ricky_powers_michigan.mp4,3457,,,,michigan,MICHIGAN,,,,,,,0.428,,5085.0,Average
ricky_powers_michigan.mp4,3458,,,,michigan,MICHIGAN,,,,,,,0.123,,5024.0,Average
ricky_powers_michigan.mp4,3460,,,,michigan,MICHIGAN,,,,,,,0.002,,5000.0,Average
ricky_powers_michigan.mp4,3465,,,,michigan,MICHIGAN,,,,,,,0.044,,5008.0,Average
ricky_powers_michigan.mp4,3468,,,,michigan,MICHIGAN,,,,,,,,,5000.0,Average
ricky_powers_michigan.mp4,3470,,,,michigan,MICHIGAN,,,,,,,0.024,,5004.0,Average
ricky_powers_michigan.mp4,3473,,,,michigan,MICHIGAN,,,,,,,,,5000.0,Average
ricky_powers_michigan.mp4,3472,,,,michigan,MICHIGAN,,,,,,,,,5000.0,Average
ricky_powers_michigan.mp4,3476,,,,michigan,MICHIGAN,,,,,,,0.224,,5044.0,Average
ricky_powers_michigan.mp4,3484,,,,michigan,MICHIGAN,,,,,,,,,5000.0,Average
ricky_powers_michigan.mp4,3498,,,,michigan,MICHIGAN,,,,,,,0.004,,5000.0,Average
ricky_powers_michigan.mp4,3501,,,,michigan,MICHIGAN,,,,,,,0.015,,5002.0,Average
ricky_powers_michigan.mp4,3502,,,,michigan,MICHIGAN,,,,,,,0.005,,5000.0,Average
ricky_powers_michigan.mp4,3505,,,,michigan,MICHIGAN,,,,,,,0.112,,5022.0,Average
ricky_powers_michigan.mp4,3507,,,,michigan,MICHIGAN,,,,,,,0.151,,5030.0,Average
ricky_powers_michigan.mp4,3513,,,,michigan,MICHIGAN,,,,,,,0.090,,5018.0,Average
ricky_powers_michigan.mp4,3530,,,,michigan,MICHIGAN,,,,,,,,,5000.0,Average
ricky_powers_michigan.mp4,3532,,,,michigan,MICHIGAN,,,,,,,0.756,,5151.0,Average
ricky_powers_michigan.mp4,3533,,,,michigan,MICHIGAN,,,,,,,0.097,,5019.0,Average
ricky_powers_michigan.mp4,3536,,,,michigan,MICHIGAN,,,,,,,,,5000.0,Average
ricky_powers_michigan.mp4,3539,,,,michigan,MICHIGAN,,,,,,,,,5000.0,Average
ricky_powers_michigan.mp4,3541,,,,michigan,MICHIGAN,,,,,,,,,5000.0,Average
ricky_powers_michigan.mp4,3543,,,,michigan,MICHIGAN,,,,,,,0.146,,5029.0,Average
ricky_powers_michigan.mp4,3545,,,,michigan,MICHIGAN,,,,,,,0.238,,5047.0,Average
ricky_powers_michigan.mp4,3548,,,,michigan,MICHIGAN,,,,,,,0.188,,5037.0,Average
ricky_powers_michigan.mp4,3550,,,,michigan,MICHIGAN,,,,,,,0.019,,5003.0,Average
ricky_powers_michigan.mp4,3557,,,,michigan,MICHIGAN,,,,,,,0.310,,5061.0,Average
ricky_powers_michigan.mp4,3560,,,,michigan,MICHIGAN,,,,,,,0.088,,5017.0,Average
ricky_powers_michigan.mp4,3558,,,,michigan,MICHIGAN,,,,,,,0.242,,5048.0,Average
ricky_powers_michigan.mp4,3561,,,,michigan,MICHIGAN,,,,,,,0.436,,5087.0,Average
ricky_powers_michigan.mp4,3567,,,,michigan,MICHIGAN,,,,,,,0.073,,5014.0,Average
ricky_powers_michigan.mp4,3566,,,,michigan,MICHIGAN,,,,,,,0.385,,5077.0,Average
ricky_powers_michigan.mp4,3568,,,,michigan,MICHIGAN,,,,,,,0.023,,5004.0,Average
ricky_powers_michigan.mp4,3573,,,,michigan,MICHIGAN,,,,,,,0.320,,5064.0,Average
ricky_powers_michigan.mp4,3574,,,,michigan,MICHIGAN,,,,,,,0.076,,5015.0,Average
ricky_powers_michigan.mp4,3579,,,,michigan,MICHIGAN,,,,,,,1.129,,5225.0,Average
ricky_powers_michigan.mp4,3584,,,,michigan,MICHIGAN,,,,,,,0.043,,5008.0,Average
ricky_powers_michigan.mp4,3585,,,,michigan,MICHIGAN,,,,,,,0.005,,5000.0,Average
ricky_powers_michigan.mp4,3588,,,,michigan,MICHIGAN,,,,,,,,,5000.0,Average
ricky_powers_michigan.mp4,3591,,,,michigan,MICHIGAN,,,,,,,0.061,,5012.0,Average
ricky_powers_michigan.mp4,3595,,,,michigan,MICHIGAN,,,,,,,0.627,,5125.0,Average
ricky_powers_michigan.mp4,3596,,,,michigan,MICHIGAN,,,,,,,0.837,,5167.0,Average
ricky_powers_michigan.mp4,3597,,,,michigan,MICHIGAN,,,,,,,1.211,,5242.0,Average
ricky_powers_michigan.mp4,3605,,,,michigan,MICHIGAN,,,,,,,0.571,,5114.0,Average
ricky_powers_michigan.mp4,3609,,,,michigan,MICHIGAN,,,,,,,0.011,,5002.0,Average
ricky_powers_michigan.mp4,3610,,,,michigan,MICHIGAN,,,,,,,0.105,,5021.0,Average
ricky_powers_michigan.mp4,3612,,,,michigan,MICHIGAN,,,,,,,0.030,,5005.0,Average
ricky_powers_michigan.mp4,3613,,,,michigan,MICHIGAN,,,,,,,,,5000.0,Average
ricky_powers_michigan.mp4,3614,,,,michigan,MICHIGAN,,,,,,,0.558,,5111.0,Average
ricky_powers_michigan.mp4,3615,,,,michigan,MICHIGAN,,,,,,,0.020,,5004.0,Average
ricky_powers_michigan.mp4,3620,,,,michigan,MICHIGAN,,,,,,,0.179,,5035.0,Average
ricky_powers_michigan.mp4,3623,,,,michigan,MICHIGAN,,,,,,,0.325,,5064.0,Average
ricky_powers_michigan.mp4,3627,,,,michigan,MICHIGAN,,,,,,,0.959,,5191.0,Average
ricky_powers_michigan.mp4,3630,,,,michigan,MICHIGAN,,,,,,,0.968,,5193.0,Average
ricky_powers_michigan.mp4,3629,,,,michigan,MICHIGAN,,,,,,,,,5000.0,Average
ricky_powers_michigan.mp4,3643,,,,michigan,MICHIGAN,,,,,,,,,5000.0,Average
ricky_powers_michigan.mp4,3641,,,,michigan,MICHIGAN,,,,,,,0.306,,5061.0,Average
ricky_powers_michigan.mp4,3644,,,,michigan,MICHIGAN,,,,,,,0.201,,5040.0,Average
ricky_powers_michigan.mp4,3648,,,,michigan,MICHIGAN,,,,,,,0.229,,5045.0,Average
ricky_powers_michigan.mp4,3649,,,,michigan,MICHIGAN,,,,,,,0.006,,5001.0,Average
ricky_powers_michigan.mp4,3650,,,,michigan,MICHIGAN,,,,,,,0.020,,5004.0,Average
ricky_powers_michigan.mp4,3651,,,,michigan,MICHIGAN,,,,,,,0.109,,5021.0,Average
ricky_powers_michigan.mp4,3655,,,,michigan,MICHIGAN,,,,,,,0.130,,5026.0,Average
ricky_powers_michigan.mp4,3659,,,,michigan,MICHIGAN,,,,,,,0.021,,5004.0,Average
ricky_powers_michigan.mp4,3672,,,,michigan,MICHIGAN,,,,,,,0.026,,5005.0,Average
ricky_powers_michigan.mp4,3676,,,,michigan,MICHIGAN,,,,,,,,,5000.0,Average
ricky_powers_michigan.mp4,3688,,,,michigan,MICHIGAN,,,,,,,0.034,,5006.0,Average
ricky_powers_michigan.mp4,3689,,,,michigan,MICHIGAN,,,,,,,0.671,,5134.0,Average
ricky_powers_michigan.mp4,3692,,,,michigan,MICHIGAN,,,,,,,0.786,,5157.0,Average
ricky_powers_michigan.mp4,3696,,,,michigan,MICHIGAN,,,,,,,0.007,,5001.0,Average
ricky_powers_michigan.mp4,3697,,,,michigan,MICHIGAN,,,,,,,0.558,,5111.0,Average
ricky_powers_michigan.mp4,3698,,,,michigan,MICHIGAN,,,,,,,0.085,,5017.0,Average
ricky_powers_michigan.mp4,3702,,,,michigan,MICHIGAN,,,,,,,1.352,,5270.0,Average
ricky_powers_michigan.mp4,3703,,,,michigan,MICHIGAN,,,,,,,0.470,,5094.0,Average
ricky_powers_michigan.mp4,3705,,,,michigan,MICHIGAN,,,,,,,0.277,,5055.0,Average
ricky_powers_michigan.mp4,3711,,,,michigan,MICHIGAN,,,,,,,0.052,,5010.0,Average
ricky_powers_michigan.mp4,3714,,,,michigan,MICHIGAN,,,,,,,0.134,,5026.0,Average
ricky_powers_michigan.mp4,3716,,,,michigan,MICHIGAN,,,,,,,0.114,,5022.0,Average
ricky_powers_michigan.mp4,3715,,,,michigan,MICHIGAN,,,,,,,0.407,,5081.0,Average
ricky_powers_michigan.mp4,3717,,,,michigan,MICHIGAN,,,,,,,0.089,,5017.0,Average
ricky_powers_michigan.mp4,3726,,,,michigan,MICHIGAN,,,,,,,0.088,,5017.0,Average
ricky_powers_michigan.mp4,3731,,,,michigan,MICHIGAN,,,,,,,0.004,,5000.0,Average
ricky_powers_michigan.mp4,3733,,,,michigan,MICHIGAN,,,,,,,0.166,,5033.0,Average
ricky_powers_michigan.mp4,3732,,,,michigan,MICHIGAN,,,,,,,0.558,,5111.0,Average
ricky_powers_michigan.mp4,3740,,,,michigan,MICHIGAN,,,,,,,0.223,,5044.0,Average
ricky_powers_michigan.mp4,3741,,,,michigan,MICHIGAN,,,,,,,0.036,,5007.0,Average
ricky_powers_michigan.mp4,3742,,,,michigan,MICHIGAN,,,,,,,0.106,,5021.0,Average
ricky_powers_michigan.mp4,3743,,,,michigan,MICHIGAN,,,,,,,,,5000.0,Average
ricky_powers_michigan.mp4,3746,,,,michigan,MICHIGAN,,,,,,,0.116,,5023.0,Average
ricky_powers_michigan.mp4,3747,,,,michigan,MICHIGAN,,,,,,,0.298,,5059.0,Average
ricky_powers_michigan.mp4,3748,,,,michigan,MICHIGAN,,,,,,,0.542,,5108.0,Average
ricky_powers_michigan.mp4,3750,,,,michigan,MICHIGAN,,,,,,,,,5000.0,Average
ricky_powers_michigan.mp4,3757,,,,michigan,MICHIGAN,,,,,,,0.368,,5073.0,Average
ricky_powers_michigan.mp4,3764,,,,michigan,MICHIGAN,,,,,,,0.451,,5090.0,Average
ricky_powers_michigan.mp4,3765,,,,michigan,MICHIGAN,,,,,,,0.239,,5047.0,Average
ricky_powers_michigan.mp4,3766,,,,michigan,MICHIGAN,,,,,,,0.305,,5060.0,Average
ricky_powers_michigan.mp4,3767,,,,michigan,MICHIGAN,,,,,,,2.498,,5499.0,Average
ricky_powers_michigan.mp4,3768,,,,michigan,MICHIGAN,,,,,,,0.046,,5009.0,Average
ricky_powers_michigan.mp4,3769,,,,michigan,MICHIGAN,,,,,,,3.808,,5761.0,Average
ricky_powers_michigan.mp4,3773,,,,michigan,MICHIGAN,,,,,,,,,5000.0,Average
ricky_powers_michigan.mp4,3774,,,,michigan,MICHIGAN,,,,,,,0.006,,5001.0,Average
ricky_powers_michigan.mp4,3779,,,,michigan,MICHIGAN,,,,,,,0.382,,5076.0,Average
ricky_powers_michigan.mp4,3784,,,,michigan,MICHIGAN,,,,,,,0.200,,5040.0,Average
ricky_powers_michigan.mp4,3786,,,,michigan,MICHIGAN,,,,,,,0.021,,5004.0,Average
ricky_powers_michigan.mp4,3788,,,,michigan,MICHIGAN,,,,,,,0.112,,5022.0,Average
ricky_powers_michigan.mp4,3792,,,,michigan,MICHIGAN,,,,,,,0.142,,5028.0,Average
ricky_powers_michigan.mp4,3795,,,,michigan,MICHIGAN,,,,,,,0.244,,5048.0,Average
ricky_powers_michigan.mp4,3801,,,,michigan,MICHIGAN,,,,,,,0.213,,5042.0,Average
ricky_powers_michigan.mp4,3802,,,,michigan,MICHIGAN,,,,,,,0.250,,5050.0,Average
ricky_powers_michigan.mp4,3806,,,,michigan,MICHIGAN,,,,,,,0.052,,5010.0,Average
ricky_powers_michigan.mp4,3809,,,,michigan,MICHIGAN,,,,,,,0.216,,5043.0,Average
ricky_powers_michigan.mp4,3813,,,,michigan,MICHIGAN,,,,,,,,,5000.0,Average
ricky_powers_michigan.mp4,3816,,,,michigan,MICHIGAN,,,,,,,0.382,,5076.0,Average
ricky_powers_michigan.mp4,3821,,,,michigan,MICHIGAN,,,,,,,0.105,,5021.0,Average
ricky_powers_michigan.mp4,3825,,,,michigan,MICHIGAN,,,,,,,0.155,,5031.0,Average
ricky_powers_michigan.mp4,3827,,,,michigan,MICHIGAN,,,,,,,0.049,,5009.0,Average
ricky_powers_michigan.mp4,3831,,,,michigan,MICHIGAN,,,,,,,1.551,,5310.0,Average
ricky_powers_michigan.mp4,3833,,,,michigan,MICHIGAN,,,,,,,0.716,,5143.0,Average
ricky_powers_michigan.mp4,3835,,,,michigan,MICHIGAN,,,,,,,,,5000.0,Average
ricky_powers_michigan.mp4,3834,,,,michigan,MICHIGAN,,,,,,,0.558,,5111.0,Average
ricky_powers_michigan.mp4,3839,,,,michigan,MICHIGAN,,,,,,,0.054,,5010.0,Average
ricky_powers_michigan.mp4,3841,,,,michigan,MICHIGAN,,,,,,,,,5000.0,Average
ricky_powers_michigan.mp4,3847,,,,michigan,MICHIGAN,,,,,,,0.176,,5035.0,Average
ricky_powers_michigan.mp4,3850,,,,michigan,MICHIGAN,,,,,,,0.880,,5176.0,Average
ricky_powers_michigan.mp4,3851,,,,michigan,MICHIGAN,,,,,,,0.145,,5028.0,Average
ricky_powers_michigan.mp4,3853,,,,michigan,MICHIGAN,,,,,,,0.372,,5074.0,Average
ricky_powers_michigan.mp4,3856,,,,michigan,MICHIGAN,,,,,,,0.215,,5043.0,Average
ricky_powers_michigan.mp4,3860,,,,michigan,MICHIGAN,,,,,,,0.252,,5050.0,Average
ricky_powers_michigan.mp4,3865,,,,michigan,MICHIGAN,,,,,,,1.047,,5209.0,Average
ricky_powers_michigan.mp4,3866,,,,michigan,MICHIGAN,,,,,,,0.175,,5034.0,Average
ricky_powers_michigan.mp4,3868,,,,michigan,MICHIGAN,,,,,,,0.186,,5037.0,Average
ricky_powers_michigan.mp4,3871,,,,michigan,MICHIGAN,,,,,,,0.192,,5038.0,Average
ricky_powers_michigan.mp4,3876,,,,michigan,MICHIGAN,,,,,,,0.196,,5039.0,Average
ricky_powers_michigan.mp4,3887,,,,michigan,MICHIGAN,,,,,,,0.050,,5010.0,Average
ricky_powers_michigan.mp4,3888,,,,michigan,MICHIGAN,,,,,,,,,5000.0,Average
ricky_powers_michigan.mp4,3890,,,,michigan,MICHIGAN,,,,,,,0.043,,5008.0,Average
ricky_powers_michigan.mp4,3889,,,,michigan,MICHIGAN,,,,,,,,,5000.0,Average
ricky_powers_michigan.mp4,3893,,,,michigan,MICHIGAN,,,,,,,0.044,,5008.0,Average
ricky_powers_michigan.mp4,3895,,,,michigan,MICHIGAN,,,,,,,,,5000.0,Average
ricky_powers_michigan.mp4,3896,,,,michigan,MICHIGAN,,,,,,,0.023,,5004.0,Average
ricky_powers_michigan.mp4,3897,,,,michigan,MICHIGAN,,,,,,,0.240,,5047.0,Average
ricky_powers_michigan.mp4,3901,,,,michigan,MICHIGAN,,,,,,,0.189,,5037.0,Average
ricky_powers_michigan.mp4,3903,,,,michigan,MICHIGAN,,,,,,,0.063,,5012.0,Average
ricky_powers_michigan.mp4,3905,,,,michigan,MICHIGAN,,,,,,,0.046,,5009.0,Average
ricky_powers_michigan.mp4,3904,,,,michigan,MICHIGAN,,,,,,,0.224,,5044.0,Average
ricky_powers_michigan.mp4,3914,,,,michigan,MICHIGAN,,,,,,,,,5000.0,Average
ricky_powers_michigan.mp4,3915,,,,michigan,MICHIGAN,,,,,,,0.023,,5004.0,Average
ricky_powers_michigan.mp4,3916,,,,michigan,MICHIGAN,,,,,0.267,Elite,1.137,0.276,7365.0,Above Average
ricky_powers_michigan.mp4,3917,,,,michigan,MICHIGAN,,,,,0.200,Elite,0.172,0.365,7216.0,Above Average
ricky_powers_michigan.mp4,3921,,,,michigan,MICHIGAN,,,,,1.200,Developmental,0.340,,4568.0,Below Average
ricky_powers_michigan.mp4,3922,,,,michigan,MICHIGAN,,,,,1.200,Developmental,0.393,,4578.0,Below Average
ricky_powers_michigan.mp4,3923,,,,michigan,MICHIGAN,,,,,,,,,5000.0,Average
ricky_powers_michigan.mp4,3924,,,,michigan,MICHIGAN,,,,,,,,,5000.0,Average
ricky_powers_michigan.mp4,3926,,,,michigan,MICHIGAN,,,,,2.200,Developmental,0.070,,4514.0,Below Average
ricky_powers_michigan.mp4,3928,,,,michigan,MICHIGAN,,,,,2.400,Developmental,0.203,,4540.0,Below Average
ricky_powers_michigan.mp4,3934,,,,michigan,MICHIGAN,,,,,6.233,Developmental,0.035,,4507.0,Below Average
ricky_powers_michigan.mp4,3936,,,,michigan,MICHIGAN,,,,,10.967,Developmental,0.212,,4542.0,Below Average
ricky_powers_michigan.mp4,3941,,,,michigan,MICHIGAN,,,,,11.433,Developmental,0.052,,4510.0,Below Average
ricky_powers_michigan.mp4,3948,,,,michigan,MICHIGAN,,,,,11.733,Developmental,0.117,,4523.0,Below Average
ricky_powers_michigan.mp4,3949,,,,michigan,MICHIGAN,,,,,,,0.020,,5004.0,Average
ricky_powers_michigan.mp4,3951,,,,michigan,MICHIGAN,,,,,11.933,Developmental,0.385,,4577.0,Below Average
ricky_powers_michigan.mp4,3953,,,,michigan,MICHIGAN,,,,,12.033,Developmental,1.155,,4730.0,Below Average
ricky_powers_michigan.mp4,3961,,,,michigan,MICHIGAN,,,,,12.133,Developmental,0.047,,4509.0,Below Average
ricky_powers_michigan.mp4,3966,,,,michigan,MICHIGAN,,,,,12.400,Developmental,0.350,,4569.0,Below Average
ricky_powers_michigan.mp4,3967,,,,michigan,MICHIGAN,,,,,12.300,Developmental,0.013,,4502.0,Below Average
ricky_powers_michigan.mp4,3968,,,,michigan,MICHIGAN,,,,,12.300,Developmental,0.037,,4507.0,Below Average
ricky_powers_michigan.mp4,3984,,,,michigan,MICHIGAN,,,,,13.733,Developmental,0.609,,4621.0,Below Average
ricky_powers_michigan.mp4,3985,,,,michigan,MICHIGAN,,,,,13.733,Developmental,0.477,,4595.0,Below Average
ricky_powers_michigan.mp4,3987,,,,michigan,MICHIGAN,,,,,14.000,Developmental,0.451,,4590.0,Below Average
ricky_powers_michigan.mp4,3989,,,,michigan,MICHIGAN,,,,,14.367,Developmental,0.013,,4502.0,Below Average
ricky_powers_michigan.mp4,3990,,,,michigan,MICHIGAN,,,,,14.333,Developmental,0.342,,4568.0,Below Average
ricky_powers_michigan.mp4,3995,,,,michigan,MICHIGAN,,,,,14.633,Developmental,0.045,,4508.0,Below Average
ricky_powers_michigan.mp4,3999,,,,michigan,MICHIGAN,,,,,15.333,Developmental,0.126,,4525.0,Below Average
ricky_powers_michigan.mp4,4003,,,,michigan,MICHIGAN,,,,,15.800,Developmental,0.193,,4538.0,Below Average
ricky_powers_michigan.mp4,4008,,,,michigan,MICHIGAN,,,,,,,0.001,,5000.0,Average
ricky_powers_michigan.mp4,4009,,,,michigan,MICHIGAN,,,,,18.633,Developmental,0.218,,4543.0,Below Average
ricky_powers_michigan.mp4,4011,,,,michigan,MICHIGAN,,,,,18.767,Developmental,0.021,,4504.0,Below Average
ricky_powers_michigan.mp4,4012,,,,michigan,MICHIGAN,,,,,,,0.008,,5001.0,Average
ricky_powers_michigan.mp4,4013,,,,michigan,MICHIGAN,,,,,18.800,Developmental,0.211,,4542.0,Below Average
ricky_powers_michigan.mp4,4014,,,,michigan,MICHIGAN,,,,,,,0.020,,5004.0,Average
ricky_powers_michigan.mp4,4018,,,,michigan,MICHIGAN,,,,,19.000,Developmental,0.841,,4668.0,Below Average
ricky_powers_michigan.mp4,4020,,,,michigan,MICHIGAN,,,,,18.900,Developmental,0.034,,4506.0,Below Average
ricky_powers_michigan.mp4,4023,,,,michigan,MICHIGAN,,,,,,,,,5000.0,Average
ricky_powers_michigan.mp4,4025,,,,michigan,MICHIGAN,,,,,19.167,Developmental,0.221,,4544.0,Below Average
ricky_powers_michigan.mp4,4026,,,,michigan,MICHIGAN,,,,,19.133,Developmental,0.021,,4504.0,Below Average
ricky_powers_michigan.mp4,4027,,,,michigan,MICHIGAN,,,,,19.133,Developmental,0.025,,4505.0,Below Average
ricky_powers_michigan.mp4,4031,,,,michigan,MICHIGAN,,,,,19.400,Developmental,0.218,,4543.0,Below Average
ricky_powers_michigan.mp4,4033,,,,michigan,MICHIGAN,,,,,19.400,Developmental,0.245,,4549.0,Below Average
ricky_powers_michigan.mp4,4035,,,,michigan,MICHIGAN,,,,,19.500,Developmental,0.021,,4504.0,Below Average
ricky_powers_michigan.mp4,4036,,,,michigan,MICHIGAN,,,,,19.500,Developmental,0.013,,4502.0,Below Average
ricky_powers_michigan.mp4,4038,,,,michigan,MICHIGAN,,,,,19.667,Developmental,0.017,,4503.0,Below Average
ricky_powers_michigan.mp4,4039,,,,michigan,MICHIGAN,,,,,19.733,Developmental,0.072,,4514.0,Below Average
ricky_powers_michigan.mp4,4040,,,,michigan,MICHIGAN,,,,,,,,,5000.0,Average
ricky_powers_michigan.mp4,4042,,,,michigan,MICHIGAN,,,,,20.000,Developmental,0.181,,4536.0,Below Average
ricky_powers_michigan.mp4,4043,,,,michigan,MICHIGAN,,,,,20.033,Developmental,0.082,,4516.0,Below Average
ricky_powers_michigan.mp4,4050,,,,michigan,MICHIGAN,,,,,20.533,Developmental,0.534,,4606.0,Below Average
ricky_powers_michigan.mp4,4051,,,,michigan,MICHIGAN,,,,,20.600,Developmental,0.601,,4620.0,Below Average
ricky_powers_michigan.mp4,4052,,,,michigan,MICHIGAN,,,,,20.600,Developmental,0.418,,4583.0,Below Average
ricky_powers_michigan.mp4,4054,,,,michigan,MICHIGAN,,,,,20.900,Developmental,0.047,,4509.0,Below Average
ricky_powers_michigan.mp4,4069,,,,michigan,MICHIGAN,,,,,22.333,Developmental,0.123,,4524.0,Below Average
ricky_powers_michigan.mp4,4073,,,,michigan,MICHIGAN,,,,,22.767,Developmental,0.113,,4522.0,Below Average
ricky_powers_michigan.mp4,4075,,,,michigan,MICHIGAN,,,,,22.667,Developmental,0.204,,4540.0,Below Average
ricky_powers_michigan.mp4,4076,,,,michigan,MICHIGAN,,,,,,,,,5000.0,Average
ricky_powers_michigan.mp4,4084,,,,michigan,MICHIGAN,,,,,,,0.009,,5001.0,Average
ricky_powers_michigan.mp4,4085,,,,michigan,MICHIGAN,,,,,22.767,Developmental,0.024,,4504.0,Below Average
ricky_powers_michigan.mp4,4086,,,,michigan,MICHIGAN,,,,,,,,,5000.0,Average
ricky_powers_michigan.mp4,4088,,,,michigan,MICHIGAN,,,,,23.267,Developmental,0.631,,4626.0,Below Average
ricky_powers_michigan.mp4,4089,,,,michigan,MICHIGAN,,,,,,,0.004,,5000.0,Average
ricky_powers_michigan.mp4,4090,,,,michigan,MICHIGAN,,,,,23.100,Developmental,0.014,,4502.0,Below Average
ricky_powers_michigan.mp4,4093,,,,michigan,MICHIGAN,,,,,,,0.006,,5001.0,Average
ricky_powers_michigan.mp4,4098,,,,michigan,MICHIGAN,,,,,,,0.013,,5002.0,Average
ricky_powers_michigan.mp4,4099,,,,michigan,MICHIGAN,,,,,,,,,5000.0,Average
ricky_powers_michigan.mp4,4103,,,,michigan,MICHIGAN,,,,,28.967,Developmental,0.080,,4516.0,Below Average
ricky_powers_michigan.mp4,4104,,,,michigan,MICHIGAN,,,,,29.067,Developmental,0.204,,4540.0,Below Average
ricky_powers_michigan.mp4,4107,,,,michigan,MICHIGAN,,,,,,,0.005,,5001.0,Average
ricky_powers_michigan.mp4,4108,,,,michigan,MICHIGAN,,,,,,,0.007,,5001.0,Average
ricky_powers_michigan.mp4,4112,,,,michigan,MICHIGAN,,,,,29.467,Developmental,0.037,,4507.0,Below Average
ricky_powers_michigan.mp4,4114,,,,michigan,MICHIGAN,,,,,29.400,Developmental,0.139,,4527.0,Below Average
ricky_powers_michigan.mp4,4115,,,,michigan,MICHIGAN,,,,,,,0.002,,5000.0,Average
ricky_powers_michigan.mp4,4117,,,,michigan,MICHIGAN,,,,,29.567,Developmental,0.118,,4523.0,Below Average
ricky_powers_michigan.mp4,4118,,,,michigan,MICHIGAN,,,,,29.633,Developmental,0.771,,4654.0,Below Average
ricky_powers_michigan.mp4,4119,,,,michigan,MICHIGAN,,,,,29.633,Developmental,0.120,,4523.0,Below Average
ricky_powers_michigan.mp4,4121,,,,michigan,MICHIGAN,,,,,29.700,Developmental,0.038,,4507.0,Below Average
ricky_powers_michigan.mp4,4127,,,,michigan,MICHIGAN,,,,,30.000,Developmental,0.467,,4593.0,Below Average
ricky_powers_michigan.mp4,4126,,,,michigan,MICHIGAN,,,,,29.967,Developmental,1.240,,4748.0,Below Average
ricky_powers_michigan.mp4,4136,,,,michigan,MICHIGAN,,,,,30.133,Developmental,0.449,,4589.0,Below Average
ricky_powers_michigan.mp4,4138,,,,michigan,MICHIGAN,,,,,30.233,Developmental,0.214,,4542.0,Below Average
ricky_powers_michigan.mp4,4140,,,,michigan,MICHIGAN,,,,,,,,,5000.0,Average
ricky_powers_michigan.mp4,4152,,,,michigan,MICHIGAN,,,,,,,0.011,,5002.0,Average
ricky_powers_michigan.mp4,4153,,,,michigan,MICHIGAN,,,,,31.233,Developmental,0.175,,4535.0,Below Average
ricky_powers_michigan.mp4,4160,,,,michigan,MICHIGAN,,,,,,,,,5000.0,Average
ricky_powers_michigan.mp4,4163,,,,michigan,MICHIGAN,,,,,31.600,Developmental,0.015,,4502.0,Below Average
ricky_powers_michigan.mp4,4167,,,,michigan,MICHIGAN,,,,,32.200,Developmental,0.270,,4554.0,Below Average
ricky_powers_michigan.mp4,4170,,,,michigan,MICHIGAN,,,,,32.333,Developmental,0.459,,4591.0,Below Average
ricky_powers_michigan.mp4,4169,,,,michigan,MICHIGAN,,,,,32.300,Developmental,0.299,,4559.0,Below Average
ricky_powers_michigan.mp4,4171,,,,michigan,MICHIGAN,,,,,32.567,Developmental,0.063,,4512.0,Below Average
ricky_powers_michigan.mp4,4179,,,,michigan,MICHIGAN,,,,,33.500,Developmental,0.157,,4531.0,Below Average
ricky_powers_michigan.mp4,4182,,,,michigan,MICHIGAN,,,,,33.567,Developmental,0.179,,4535.0,Below Average
ricky_powers_michigan.mp4,4181,,,,michigan,MICHIGAN,,,,,33.567,Developmental,0.143,,4528.0,Below Average
ricky_powers_michigan.mp4,4183,,,,michigan,MICHIGAN,,,,,34.033,Developmental,0.035,,4506.0,Below Average
ricky_powers_michigan.mp4,4184,,,,michigan,MICHIGAN,,,,,33.733,Developmental,0.073,,4514.0,Below Average
ricky_powers_michigan.mp4,4185,,,,michigan,MICHIGAN,,,,,,,,,5000.0,Average
ricky_powers_michigan.mp4,4188,,,,michigan,MICHIGAN,,,,,33.700,Developmental,0.111,,4522.0,Below Average
ricky_powers_michigan.mp4,4191,,,,michigan,MICHIGAN,,,,,,,0.004,,5000.0,Average
ricky_powers_michigan.mp4,4194,,,,michigan,MICHIGAN,,,,,,,,,5000.0,Average
ricky_powers_michigan.mp4,4197,,,,michigan,MICHIGAN,,,,,,,0.005,,5001.0,Average
ricky_powers_michigan.mp4,4198,,,,michigan,MICHIGAN,,,,,,,0.011,,5002.0,Average
ricky_powers_michigan.mp4,4200,,,,michigan,MICHIGAN,,,,,37.867,Developmental,0.023,,4504.0,Below Average
ricky_powers_michigan.mp4,4201,,,,michigan,MICHIGAN,,,,,38.167,Developmental,0.019,,4503.0,Below Average
ricky_powers_michigan.mp4,4209,,,,michigan,MICHIGAN,,,,,,,,,5000.0,Average
ricky_powers_michigan.mp4,4210,,,,michigan,MICHIGAN,,,,,,,,,5000.0,Average
ricky_powers_michigan.mp4,4216,,,,michigan,MICHIGAN,,,,,,,0.007,,5001.0,Average
ricky_powers_michigan.mp4,4217,,,,michigan,MICHIGAN,,,,,,,0.000,,5000.0,Average
ricky_powers_michigan.mp4,4220,,,,michigan,MICHIGAN,,,,,,,,,5000.0,Average
ricky_powers_michigan.mp4,4221,,,,michigan,MICHIGAN,,,,,39.300,Developmental,0.027,,4505.0,Below Average
ricky_powers_michigan.mp4,4222,,,,michigan,MICHIGAN,,,,,,,0.003,,5000.0,Average
ricky_powers_michigan.mp4,4223,,,,michigan,MICHIGAN,,,,,,,,,5000.0,Average
ricky_powers_michigan.mp4,4231,,,,michigan,MICHIGAN,,,,,,,0.008,,5001.0,Average
ricky_powers_michigan.mp4,4232,,,,michigan,MICHIGAN,,,,,40.300,Developmental,0.288,,4557.0,Below Average
ricky_powers_michigan.mp4,4234,,,,michigan,MICHIGAN,,,,,39.667,Developmental,0.326,,4565.0,Below Average
ricky_powers_michigan.mp4,4233,,,,michigan,MICHIGAN,,,,,39.567,Developmental,0.064,,4512.0,Below Average
ricky_powers_michigan.mp4,4239,,,,michigan,MICHIGAN,,,,,39.700,Developmental,0.026,,4505.0,Below Average
ricky_powers_michigan.mp4,4245,,,,michigan,MICHIGAN,,,,,39.767,Developmental,0.016,,4503.0,Below Average
ricky_powers_michigan.mp4,4247,,,,michigan,MICHIGAN,,,,,,,,,5000.0,Average
ricky_powers_michigan.mp4,4246,,,,michigan,MICHIGAN,,,,,39.767,Developmental,0.015,,4503.0,Below Average
ricky_powers_michigan.mp4,4256,,,,michigan,MICHIGAN,,,,,40.033,Developmental,0.014,,4502.0,Below Average
ricky_powers_michigan.mp4,4260,,,,michigan,MICHIGAN,,,,,40.200,Developmental,0.574,,4614.0,Below Average
ricky_powers_michigan.mp4,4261,,,,michigan,MICHIGAN,,,,,40.167,Developmental,0.162,,4532.0,Below Average
ricky_powers_michigan.mp4,4262,,,,michigan,MICHIGAN,,,,,40.400,Developmental,0.225,,4544.0,Below Average
ricky_powers_michigan.mp4,4264,,,,michigan,MICHIGAN,,,,,,,0.000,,5000.0,Average
ricky_powers_michigan.mp4,4267,,,,michigan,MICHIGAN,,,,,,,,,5000.0,Average
ricky_powers_michigan.mp4,4268,,,,michigan,MICHIGAN,,,,,,,,,5000.0,Average
ricky_powers_michigan.mp4,4272,,,,michigan,MICHIGAN,,,,,,,,,5000.0,Average
ricky_powers_michigan.mp4,4271,,,,michigan,MICHIGAN,,,,,40.567,Developmental,0.468,,4593.0,Below Average
ricky_powers_michigan.mp4,4280,,,,michigan,MICHIGAN,,,,,,,,,5000.0,Average
ricky_powers_michigan.mp4,4286,,,,michigan,MICHIGAN,,,,,41.367,Developmental,0.027,,4505.0,Below Average
ricky_powers_michigan.mp4,4288,,,,michigan,MICHIGAN,,,,,41.567,Developmental,0.613,,4622.0,Below Average
ricky_powers_michigan.mp4,4289,,,,michigan,MICHIGAN,,,,,,,,,5000.0,Average
ricky_powers_michigan.mp4,4290,,,,michigan,MICHIGAN,,,,,41.600,Developmental,0.050,,4509.0,Below Average
ricky_powers_michigan.mp4,4291,,,,michigan,MICHIGAN,,,,,41.567,Developmental,0.123,,4524.0,Below Average
ricky_powers_michigan.mp4,4292,,,,michigan,MICHIGAN,,,,,41.833,Developmental,0.334,,4566.0,Below Average
ricky_powers_michigan.mp4,4298,,,,michigan,MICHIGAN,,,,,,,,,5000.0,Average
ricky_powers_michigan.mp4,4300,,,,michigan,MICHIGAN,,,,,42.667,Developmental,0.068,,4513.0,Below Average
ricky_powers_michigan.mp4,4301,,,,michigan,MICHIGAN,,,,,42.867,Developmental,0.071,,4514.0,Below Average
ricky_powers_michigan.mp4,4305,,,,michigan,MICHIGAN,,,,,42.800,Developmental,0.686,,4637.0,Below Average
ricky_powers_michigan.mp4,4306,,,,michigan,MICHIGAN,,,,,42.933,Developmental,0.209,,4541.0,Below Average
ricky_powers_michigan.mp4,4304,,,,michigan,MICHIGAN,,,,,42.767,Developmental,0.064,,4512.0,Below Average
ricky_powers_michigan.mp4,4308,,,,michigan,MICHIGAN,,,,,42.900,Developmental,0.489,,4597.0,Below Average
ricky_powers_michigan.mp4,4307,,,,michigan,MICHIGAN,,,,,42.800,Developmental,0.057,,4511.0,Below Average
ricky_powers_michigan.mp4,4311,,,,michigan,MICHIGAN,,,,,,,,,5000.0,Average
ricky_powers_michigan.mp4,4313,,,,michigan,MICHIGAN,,,,,,,0.008,,5001.0,Average
ricky_powers_michigan.mp4,4314,,,,michigan,MICHIGAN,,,,,43.267,Developmental,0.135,,4526.0,Below Average
ricky_powers_michigan.mp4,4316,,,,michigan,MICHIGAN,,,,,43.333,Developmental,0.483,,4596.0,Below Average
ricky_powers_michigan.mp4,4317,,,,michigan,MICHIGAN,,,,,43.467,Developmental,0.263,,4552.0,Below Average
ricky_powers_michigan.mp4,4320,,,,michigan,MICHIGAN,,,,,,,,,5000.0,Average
ricky_powers_michigan.mp4,4323,,,,michigan,MICHIGAN,,,,,43.900,Developmental,0.095,,4519.0,Below Average
ricky_powers_michigan.mp4,4324,,,,michigan,MICHIGAN,,,,,44.033,Developmental,0.498,,4599.0,Below Average
ricky_powers_michigan.mp4,4327,,,,michigan,MICHIGAN,,,,,44.433,Developmental,0.087,,4517.0,Below Average
ricky_powers_michigan.mp4,4330,,,,michigan,MICHIGAN,,,,,44.600,Developmental,0.533,,4606.0,Below Average
ricky_powers_michigan.mp4,4332,,,,michigan,MICHIGAN,,,,,44.733,Developmental,0.562,,4612.0,Below Average
ricky_powers_michigan.mp4,4335,,,,michigan,MICHIGAN,,,,,45.867,Developmental,0.084,,4516.0,Below Average
ricky_powers_michigan.mp4,4336,,,,michigan,MICHIGAN,,,,,45.867,Developmental,0.541,,4608.0,Below Average
ricky_powers_michigan.mp4,4337,,,,michigan,MICHIGAN,,,,,45.933,Developmental,0.128,,4525.0,Below Average
ricky_powers_michigan.mp4,4338,,,,michigan,MICHIGAN,,,,,,,0.000,,5000.0,Average
ricky_powers_michigan.mp4,4339,,,,michigan,MICHIGAN,,,,,,,,,5000.0,Average
ricky_powers_michigan.mp4,4340,,,,michigan,MICHIGAN,,,,,,,,,5000.0,Average
ricky_powers_michigan.mp4,4342,,,,michigan,MICHIGAN,,,,,47.200,Developmental,0.026,,4505.0,Below Average
ricky_powers_michigan.mp4,4351,,,,michigan,MICHIGAN,,,,,49.767,Developmental,0.215,,4543.0,Below Average
ricky_powers_michigan.mp4,4354,,,,michigan,MICHIGAN,,,,,49.867,Developmental,0.090,,4518.0,Below Average
ricky_powers_michigan.mp4,4359,,,,michigan,MICHIGAN,,,,,,,,,5000.0,Average
ricky_powers_michigan.mp4,4360,,,,michigan,MICHIGAN,,,,,51.067,Developmental,0.081,,4516.0,Below Average
ricky_powers_michigan.mp4,4362,,,,michigan,MICHIGAN,,,,,50.600,Developmental,0.052,,4510.0,Below Average
ricky_powers_michigan.mp4,4365,,,,michigan,MICHIGAN,,,,,50.733,Developmental,0.018,,4503.0,Below Average
ricky_powers_michigan.mp4,4364,,,,michigan,MICHIGAN,,,,,,,,,5000.0,Average
ricky_powers_michigan.mp4,4368,,,,michigan,MICHIGAN,,,,,50.800,Developmental,0.622,,4624.0,Below Average
ricky_powers_michigan.mp4,4366,,,,michigan,MICHIGAN,,,,,,,0.009,,5001.0,Average
ricky_powers_michigan.mp4,4371,,,,michigan,MICHIGAN,,,,,50.867,Developmental,0.251,,4550.0,Below Average
ricky_powers_michigan.mp4,4372,,,,michigan,MICHIGAN,,,,,50.933,Developmental,0.233,,4546.0,Below Average
ricky_powers_michigan.mp4,4374,,,,michigan,MICHIGAN,,,,,50.967,Developmental,0.132,,4526.0,Below Average
ricky_powers_michigan.mp4,4376,,,,michigan,MICHIGAN,,,,,51.033,Developmental,0.091,,4518.0,Below Average
ricky_powers_michigan.mp4,4378,,,,michigan,MICHIGAN,,,,,51.133,Developmental,0.179,,4535.0,Below Average
ricky_powers_michigan.mp4,4382,,,,michigan,MICHIGAN,,,,,51.500,Developmental,0.089,,4517.0,Below Average
ricky_powers_michigan.mp4,4384,,,,michigan,MICHIGAN,,,,,51.433,Developmental,0.069,,4513.0,Below Average
ricky_powers_michigan.mp4,4392,,,,michigan,MICHIGAN,,,,,,,,,5000.0,Average
ricky_powers_michigan.mp4,4394,,,,michigan,MICHIGAN,,,,,,,,,5000.0,Average
ricky_powers_michigan.mp4,4395,,,,michigan,MICHIGAN,,,,,,,,,5000.0,Average
ricky_powers_michigan.mp4,4405,,,,michigan,MICHIGAN,,,,,53.067,Developmental,0.029,,4505.0,Below Average
ricky_powers_michigan.mp4,4408,,,,michigan,MICHIGAN,,,,,,,,,5000.0,Average
ricky_powers_michigan.mp4,4413,,,,michigan,MICHIGAN,,,,,53.467,Developmental,0.139,,4527.0,Below Average
ricky_powers_michigan.mp4,4415,,,,michigan,MICHIGAN,,,,,53.600,Developmental,0.048,,4509.0,Below Average
ricky_powers_michigan.mp4,4416,,,,michigan,MICHIGAN,,,,,53.667,Developmental,0.483,,4596.0,Below Average
ricky_powers_michigan.mp4,4419,,,,michigan,MICHIGAN,,,,,54.233,Developmental,0.051,,4510.0,Below Average
ricky_powers_michigan.mp4,4421,,,,michigan,MICHIGAN,,,,,,,,,5000.0,Average
ricky_powers_michigan.mp4,4423,,,,michigan,MICHIGAN,,,,,54.600,Developmental,0.208,,4541.0,Below Average
ricky_powers_michigan.mp4,4425,,,,michigan,MICHIGAN,,,,,,,,,5000.0,Average
ricky_powers_michigan.mp4,4428,,,,michigan,MICHIGAN,,,,,54.600,Developmental,0.059,,4511.0,Below Average
ricky_powers_michigan.mp4,4431,,,,michigan,MICHIGAN,,,,,,,,,5000.0,Average
ricky_powers_michigan.mp4,4433,,,,michigan,MICHIGAN,,,,,54.733,Developmental,0.426,,4585.0,Below Average
ricky_powers_michigan.mp4,4434,,,,michigan,MICHIGAN,,,,,54.967,Developmental,0.025,,4504.0,Below Average
ricky_powers_michigan.mp4,4436,,,,michigan,MICHIGAN,,,,,54.833,Developmental,0.026,,4505.0,Below Average
ricky_powers_michigan.mp4,4437,,,,michigan,MICHIGAN,,,,,,,0.012,,5002.0,Average
ricky_powers_michigan.mp4,4439,,,,michigan,MICHIGAN,,,,,54.933,Developmental,0.093,,4518.0,Below Average
ricky_powers_michigan.mp4,4445,,,,michigan,MICHIGAN,,,,,55.133,Developmental,0.172,,4534.0,Below Average
ricky_powers_michigan.mp4,4446,,,,michigan,MICHIGAN,,,,,55.367,Developmental,0.229,,4545.0,Below Average
ricky_powers_michigan.mp4,4447,,,,michigan,MICHIGAN,,,,,55.600,Developmental,0.067,,4513.0,Below Average
ricky_powers_michigan.mp4,4450,,,,michigan,MICHIGAN,,,,,55.767,Developmental,0.102,,4520.0,Below Average
ricky_powers_michigan.mp4,4451,,,,michigan,MICHIGAN,,,,,55.767,Developmental,0.176,,4535.0,Below Average
ricky_powers_michigan.mp4,4456,,,,michigan,MICHIGAN,,,,,56.233,Developmental,0.014,,4502.0,Below Average
ricky_powers_michigan.mp4,4457,,,,michigan,MICHIGAN,,,,,,,,,5000.0,Average
ricky_powers_michigan.mp4,4458,,,,michigan,MICHIGAN,,,,,,,,,5000.0,Average
ricky_powers_michigan.mp4,4460,,,,michigan,MICHIGAN,,,,,56.567,Developmental,0.027,,4505.0,Below Average
ricky_powers_michigan.mp4,4462,,,,michigan,MICHIGAN,,,,,57.333,Developmental,0.063,,4512.0,Below Average
ricky_powers_michigan.mp4,4466,,,,michigan,MICHIGAN,,,,,57.200,Developmental,0.033,,4506.0,Below Average
ricky_powers_michigan.mp4,4469,,,,michigan,MICHIGAN,,,,,,,0.003,,5000.0,Average
ricky_powers_michigan.mp4,4471,,,,michigan,MICHIGAN,,,,,,,0.019,,5003.0,Average
ricky_powers_michigan.mp4,4473,,,,michigan,MICHIGAN,,,,,,,,,5000.0,Average
ricky_powers_michigan.mp4,4474,,,,michigan,MICHIGAN,,,,,58.267,Developmental,0.016,,4503.0,Below Average
ricky_powers_michigan.mp4,4475,,,,michigan,MICHIGAN,,,,,58.533,Developmental,0.050,,4509.0,Below Average
ricky_powers_michigan.mp4,4482,,,,michigan,MICHIGAN,,,,,,,0.004,,5000.0,Average
ricky_powers_michigan.mp4,4483,,,,michigan,MICHIGAN,,,,,,,0.002,,5000.0,Average
ricky_powers_michigan.mp4,4488,,,,michigan,MICHIGAN,,,,,59.133,Developmental,0.665,,4633.0,Below Average
ricky_powers_michigan.mp4,4490,,,,michigan,MICHIGAN,,,,,59.367,Developmental,0.231,,4546.0,Below Average
ricky_powers_michigan.mp4,4496,,,,michigan,MICHIGAN,,,,,59.633,Developmental,0.571,,4614.0,Below Average
ricky_powers_michigan.mp4,4498,,,,michigan,MICHIGAN,,,,,,,,,5000.0,Average
ricky_powers_michigan.mp4,4503,,,,michigan,MICHIGAN,,,,,63.333,Developmental,0.044,,4508.0,Below Average
ricky_powers_michigan.mp4,4509,,,,michigan,MICHIGAN,,,,,65.233,Developmental,0.123,,4524.0,Below Average
ricky_powers_michigan.mp4,4511,,,,michigan,MICHIGAN,,,,,66.133,Developmental,0.270,,4554.0,Below Average
ricky_powers_michigan.mp4,4512,,,,michigan,MICHIGAN,,,,,66.233,Developmental,0.477,,4595.0,Below Average
ricky_powers_michigan.mp4,4514,,,,michigan,MICHIGAN,,,,,66.433,Developmental,0.109,,4521.0,Below Average
ricky_powers_michigan.mp4,4521,,,,michigan,MICHIGAN,,,,,66.767,Developmental,0.174,,4534.0,Below Average
ricky_powers_michigan.mp4,4525,,,,michigan,MICHIGAN,,,,,67.067,Developmental,0.020,,4503.0,Below Average
ricky_powers_michigan.mp4,4526,,,,michigan,MICHIGAN,,,,,67.067,Developmental,0.019,,4503.0,Below Average
ricky_powers_michigan.mp4,4529,,,,michigan,MICHIGAN,,,,,67.033,Developmental,0.115,,4522.0,Below Average
ricky_powers_michigan.mp4,4531,,,,michigan,MICHIGAN,,,,,,,0.002,,5000.0,Average
ricky_powers_michigan.mp4,4535,,,,michigan,MICHIGAN,,,,,67.700,Developmental,0.042,,4508.0,Below Average
ricky_powers_michigan.mp4,4536,,,,michigan,MICHIGAN,,,,,68.400,Developmental,0.073,,4514.0,Below Average
ricky_powers_michigan.mp4,4541,,,,michigan,MICHIGAN,,,,,68.800,Developmental,0.055,,4511.0,Below Average
ricky_powers_michigan.mp4,4543,,,,michigan,MICHIGAN,,,,,,,0.001,,5000.0,Average
ricky_powers_michigan.mp4,4547,,,,michigan,MICHIGAN,,,,,68.900,Developmental,0.033,,4506.0,Below Average
ricky_powers_michigan.mp4,4549,,,,michigan,MICHIGAN,,,,,68.800,Developmental,0.063,,4512.0,Below Average
ricky_powers_michigan.mp4,4551,,,,michigan,MICHIGAN,,,,,69.067,Developmental,0.027,,4505.0,Below Average
ricky_powers_michigan.mp4,4553,,,,michigan,MICHIGAN,,,,,69.700,Developmental,0.316,,4563.0,Below Average
ricky_powers_michigan.mp4,4558,,,,michigan,MICHIGAN,,,,,70.000,Developmental,0.753,,4650.0,Below Average
ricky_powers_michigan.mp4,4560,,,,michigan,MICHIGAN,,,,,70.367,Developmental,0.145,,4528.0,Below Average
ricky_powers_michigan.mp4,4562,,,,michigan,MICHIGAN,,,,,70.667,Developmental,0.218,,4543.0,Below Average
ricky_powers_michigan.mp4,4565,,,,michigan,MICHIGAN,,,,,71.500,Developmental,0.078,,4515.0,Below Average
ricky_powers_michigan.mp4,4572,,,,michigan,MICHIGAN,,,,,,,0.005,,5000.0,Average
ricky_powers_michigan.mp4,4573,,,,michigan,MICHIGAN,,,,,,,0.001,,5000.0,Average
ricky_powers_michigan.mp4,4575,,,,michigan,MICHIGAN,,,,,,,,,5000.0,Average
ricky_powers_michigan.mp4,4576,,,,michigan,MICHIGAN,,,,,77.733,Developmental,0.100,,4519.0,Below Average
ricky_powers_michigan.mp4,4577,,,,michigan,MICHIGAN,,,,,,,,,5000.0,Average
ricky_powers_michigan.mp4,4578,,,,michigan,MICHIGAN,,,,,,,,,5000.0,Average
ricky_powers_michigan.mp4,4579,,,,michigan,MICHIGAN,,,,,,,,,5000.0,Average
ricky_powers_michigan.mp4,4581,,,,michigan,MICHIGAN,,,,,,,,,5000.0,Average
ricky_powers_michigan.mp4,4582,,,,michigan,MICHIGAN,,,,,,,,,5000.0,Average
ricky_powers_michigan.mp4,4583,,,,michigan,MICHIGAN,,,,,,,,,5000.0,Average
ricky_powers_michigan.mp4,4585,,,,michigan,MICHIGAN,,,,,,,,,5000.0,Average
ricky_powers_michigan.mp4,4586,,,,michigan,MICHIGAN,,,,,,,,,5000.0,Average
ricky_powers_michigan.mp4,4587,,,,michigan,MICHIGAN,,,,,,,,,5000.0,Average
ricky_powers_michigan.mp4,4588,,,,michigan,MICHIGAN,,,,,,,,,5000.0,Average
ricky_powers_michigan.mp4,4589,,,,michigan,MICHIGAN,,,,,78.467,Developmental,0.127,,4525.0,Below Average
ricky_powers_michigan.mp4,4591,,,,michigan,MICHIGAN,,,,,,,,,5000.0,Average
ricky_powers_michigan.mp4,4590,,,,michigan,MICHIGAN,,,,,,,,,5000.0,Average
ricky_powers_michigan.mp4,4592,,,,michigan,MICHIGAN,,,,,,,,,5000.0,Average
ricky_powers_michigan.mp4,4593,,,,michigan,MICHIGAN,,,,,78.967,Developmental,0.106,,4521.0,Below Average
ricky_powers_michigan.mp4,4596,,,,michigan,MICHIGAN,,,,,,,,,5000.0,Average
ricky_powers_michigan.mp4,4597,,,,michigan,MICHIGAN,,,,,80.267,Developmental,0.041,,4508.0,Below Average
ricky_powers_michigan.mp4,4598,,,,michigan,MICHIGAN,,,,,,,,,5000.0,Average
ricky_powers_michigan.mp4,4600,,,,michigan,MICHIGAN,,,,,,,,,5000.0,Average
ricky_powers_michigan.mp4,4602,,,,michigan,MICHIGAN,,,,,79.600,Developmental,0.087,,4517.0,Below Average
ricky_powers_michigan.mp4,4603,,,,michigan,MICHIGAN,,,,,79.333,Developmental,0.015,,4502.0,Below Average
ricky_powers_michigan.mp4,4604,,,,michigan,MICHIGAN,,,,,,,,,5000.0,Average
ricky_powers_michigan.mp4,4605,,,,michigan,MICHIGAN,,,,,,,,,5000.0,Average
ricky_powers_michigan.mp4,4606,,,,michigan,MICHIGAN,,,,,80.200,Developmental,0.050,,4509.0,Below Average
ricky_powers_michigan.mp4,4607,,,,michigan,MICHIGAN,,,,,80.000,Developmental,0.052,,4510.0,Below Average
ricky_powers_michigan.mp4,4608,,,,michigan,MICHIGAN,,,,,82.000,Developmental,0.511,,4602.0,Below Average
ricky_powers_michigan.mp4,4609,,,,michigan,MICHIGAN,,,,,82.067,Developmental,0.453,,4590.0,Below Average
ricky_powers_michigan.mp4,4610,,,,michigan,MICHIGAN,,,,,,,,,5000.0,Average
ricky_powers_michigan.mp4,4611,,,,michigan,MICHIGAN,,,,,82.867,Developmental,0.400,,4580.0,Below Average
ricky_powers_michigan.mp4,4612,,,,michigan,MICHIGAN,,,,,83.867,Developmental,0.145,,4528.0,Below Average
ricky_powers_michigan.mp4,4613,,,,michigan,MICHIGAN,,,,,84.267,Developmental,0.601,,4620.0,Below Average
ricky_powers_michigan.mp4,4614,,,,michigan,MICHIGAN,,,,,,,,,5000.0,Average
ricky_powers_michigan.mp4,4615,,,,michigan,MICHIGAN,,,,,88.300,Developmental,0.134,,4526.0,Below Average
ricky_powers_michigan.mp4,4617,,,,michigan,MICHIGAN,,,,,,,,,5000.0,Average
ricky_powers_michigan.mp4,4618,,,,michigan,MICHIGAN,,,,,,,,,5000.0,Average
ricky_powers_michigan.mp4,4619,,,,michigan,MICHIGAN,,,,,86.467,Developmental,0.215,,4543.0,Below Average
ricky_powers_michigan.mp4,4621,,,,michigan,MICHIGAN,,,,,,,,,5000.0,Average
ricky_powers_michigan.mp4,4620,,,,michigan,MICHIGAN,,,,,,,,,5000.0,Average
ricky_powers_michigan.mp4,4622,,,,michigan,MICHIGAN,,,,,,,,,5000.0,Average
ricky_powers_michigan.mp4,4623,,,,michigan,MICHIGAN,,,,,88.300,Developmental,0.040,,4508.0,Below Average
ricky_powers_michigan.mp4,4624,,,,michigan,MICHIGAN,,,,,,,,,5000.0,Average
ricky_powers_michigan.mp4,4625,,,,michigan,MICHIGAN,,,,,88.900,Developmental,0.094,,4518.0,Below Average
ricky_powers_michigan.mp4,4627,,,,michigan,MICHIGAN,,,,,89.700,Developmental,0.065,,4513.0,Below Average
ricky_powers_michigan.mp4,4628,,,,michigan,MICHIGAN,,,,,89.233,Developmental,0.037,,4507.0,Below Average
ricky_powers_michigan.mp4,4629,,,,michigan,MICHIGAN,,,,,,,,,5000.0,Average
ricky_powers_michigan.mp4,4631,,,,michigan,MICHIGAN,,,,,89.567,Developmental,0.087,,4517.0,Below Average
ricky_powers_michigan.mp4,4632,,,,michigan,MICHIGAN,,,,,,,,,5000.0,Average
ricky_powers_michigan.mp4,4633,,,,michigan,MICHIGAN,,,,,90.033,Developmental,0.352,,4570.0,Below Average
ricky_powers_michigan.mp4,4634,,,,michigan,MICHIGAN,,,,,90.033,Developmental,0.680,,4635.0,Below Average
ricky_powers_michigan.mp4,4635,,,,michigan,MICHIGAN,,,,,90.100,Developmental,0.052,,4510.0,Below Average
ricky_powers_michigan.mp4,4637,,,,michigan,MICHIGAN,,,,,,,,,5000.0,Average
ricky_powers_michigan.mp4,4638,,,,michigan,MICHIGAN,,,,,,,,,5000.0,Average
ricky_powers_michigan.mp4,4639,,,,michigan,MICHIGAN,,,,,90.233,Developmental,0.066,,4513.0,Below Average
ricky_powers_michigan.mp4,4640,,,,michigan,MICHIGAN,,,,,90.367,Developmental,4.465,,5392.0,Average
ricky_powers_michigan.mp4,4641,,,,michigan,MICHIGAN,,,,,90.433,Developmental,0.076,,4515.0,Below Average
ricky_powers_michigan.mp4,4642,,,,michigan,MICHIGAN,,,,,90.567,Developmental,0.029,,4505.0,Below Average
ricky_powers_michigan.mp4,4643,,,,michigan,MICHIGAN,,,,,90.500,Developmental,0.695,,4639.0,Below Average
ricky_powers_michigan.mp4,4644,,,,michigan,MICHIGAN,,,,,,,,,5000.0,Average
ricky_powers_michigan.mp4,4645,,,,michigan,MICHIGAN,,,,,,,,,5000.0,Average
ricky_powers_michigan.mp4,4646,,,,michigan,MICHIGAN,,,,,92.100,Developmental,0.980,,4695.0,Below Average
ricky_powers_michigan.mp4,4647,,,,michigan,MICHIGAN,,,,,92.567,Developmental,0.062,,4512.0,Below Average
ricky_powers_michigan.mp4,4648,,,,michigan,MICHIGAN,,,,,92.633,Developmental,0.119,,4523.0,Below Average
ricky_powers_michigan.mp4,4649,,,,michigan,MICHIGAN,,,,,,,0.006,,5001.0,Average
ricky_powers_michigan.mp4,4650,,,,michigan,MICHIGAN,,,,,92.833,Developmental,0.029,,4505.0,Below Average
ricky_powers_michigan.mp4,4651,,,,michigan,MICHIGAN,,,,,,,,,5000.0,Average
ricky_powers_michigan.mp4,4652,,,,michigan,MICHIGAN,,,,,,,,,5000.0,Average
ricky_powers_michigan.mp4,4653,,,,michigan,MICHIGAN,,,,,93.433,Developmental,0.038,,4507.0,Below Average
ricky_powers_michigan.mp4,4655,,,,michigan,MICHIGAN,,,,,,,,,5000.0,Average
ricky_powers_michigan.mp4,4654,,,,michigan,MICHIGAN,,,,,93.833,Developmental,0.062,,4512.0,Below Average
ricky_powers_michigan.mp4,4656,,,,michigan,MICHIGAN,,,,,93.900,Developmental,0.084,,4516.0,Below Average
ricky_powers_michigan.mp4,4658,,,,michigan,MICHIGAN,,,,,,,0.010,,5001.0,Average
ricky_powers_michigan.mp4,4659,,,,michigan,MICHIGAN,,,,,94.200,Developmental,0.025,,4504.0,Below Average
ricky_powers_michigan.mp4,4660,,,,michigan,MICHIGAN,,,,,94.300,Developmental,1.014,,4702.0,Below Average
ricky_powers_michigan.mp4,4661,,,,michigan,MICHIGAN,,,,,95.267,Developmental,0.097,,4519.0,Below Average
ricky_powers_michigan.mp4,4663,,,,michigan,MICHIGAN,,,,,96.033,Developmental,0.093,,4518.0,Below Average
ricky_powers_michigan.mp4,4667,,,,michigan,MICHIGAN,,,,,99.067,Developmental,0.040,,4508.0,Below Average
